2025-03-08 15:00:45,487 DEBUG [SpringContextShutdownHook][AbstractApplicationContext.java:1006] - Closing org.springframework.boot.web.servlet.context.AnnotationConfigServletWebServerApplicationContext@6c796cc1, started on Sat Mar 08 14:55:07 GMT+08:00 2025, parent: org.springframework.context.annotation.AnnotationConfigApplicationContext@42cc13a0
2025-03-08 15:00:45,487 DEBUG [SpringContextShutdownHook][AbstractApplicationContext.java:1006] - Closing org.springframework.boot.web.servlet.context.AnnotationConfigServletWebServerApplicationContext@6c796cc1, started on Sat Mar 08 14:55:07 GMT+08:00 2025, parent: org.springframework.context.annotation.AnnotationConfigApplicationContext@42cc13a0
2025-03-08 15:00:45,510 DEBUG [SpringContextShutdownHook][DefaultLifecycleProcessor.java:369] - Stopping beans in phase 2147483647
2025-03-08 15:00:45,510 DEBUG [SpringContextShutdownHook][DefaultLifecycleProcessor.java:369] - Stopping beans in phase 2147483647
2025-03-08 15:00:45,511 DEBUG [SpringContextShutdownHook][DefaultLifecycleProcessor.java:242] - Bean 'documentationPluginsBootstrapper' completed its stop procedure
2025-03-08 15:00:45,511 DEBUG [SpringContextShutdownHook][DefaultLifecycleProcessor.java:242] - Bean 'documentationPluginsBootstrapper' completed its stop procedure
2025-03-08 15:00:45,514 DEBUG [SpringContextShutdownHook][DefaultLifecycleProcessor.java:242] - Bean 'webServerGracefulShutdown' completed its stop procedure
2025-03-08 15:00:45,514 DEBUG [SpringContextShutdownHook][DefaultLifecycleProcessor.java:242] - Bean 'webServerGracefulShutdown' completed its stop procedure
2025-03-08 15:00:45,514 DEBUG [SpringContextShutdownHook][DefaultLifecycleProcessor.java:369] - Stopping beans in phase 2147483646
2025-03-08 15:00:45,514 DEBUG [SpringContextShutdownHook][DefaultLifecycleProcessor.java:369] - Stopping beans in phase 2147483646
2025-03-08 15:00:45,626 DEBUG [SpringContextShutdownHook][DefaultLifecycleProcessor.java:242] - Bean 'webServerStartStop' completed its stop procedure
2025-03-08 15:00:45,626 DEBUG [SpringContextShutdownHook][DefaultLifecycleProcessor.java:242] - Bean 'webServerStartStop' completed its stop procedure
2025-03-08 15:00:45,627 DEBUG [SpringContextShutdownHook][MBeanExporter.java:452] - Unregistering JMX-exposed beans on shutdown
2025-03-08 15:00:45,627 DEBUG [SpringContextShutdownHook][MBeanExporter.java:452] - Unregistering JMX-exposed beans on shutdown
2025-03-08 15:00:45,627 DEBUG [SpringContextShutdownHook][MBeanRegistrationSupport.java:186] - Unregistering JMX-exposed beans
2025-03-08 15:00:45,627 DEBUG [SpringContextShutdownHook][MBeanRegistrationSupport.java:186] - Unregistering JMX-exposed beans
2025-03-08 15:00:45,628 INFO [SpringContextShutdownHook][ExecutorConfigurationSupport.java:218] - Shutting down ExecutorService 'applicationTaskExecutor'
2025-03-08 15:00:45,628 INFO [SpringContextShutdownHook][ExecutorConfigurationSupport.java:218] - Shutting down ExecutorService 'applicationTaskExecutor'
2025-03-08 15:00:57,005 DEBUG [main][ClasspathLoggingApplicationListener.java:51] - Application started with classpath: unknown
2025-03-08 15:00:57,005 DEBUG [main][ClasspathLoggingApplicationListener.java:51] - Application started with classpath: unknown
2025-03-08 15:00:57,090 DEBUG [background-preinit][LoggerProviders.java:152] - Logging Provider: org.jboss.logging.Log4j2LoggerProvider
2025-03-08 15:00:57,090 DEBUG [background-preinit][LoggerProviders.java:152] - Logging Provider: org.jboss.logging.Log4j2LoggerProvider
2025-03-08 15:00:57,090 INFO [background-preinit][Version.java:21] - HV000001: Hibernate Validator 6.1.6.Final
2025-03-08 15:00:57,090 INFO [background-preinit][Version.java:21] - HV000001: Hibernate Validator 6.1.6.Final
2025-03-08 15:00:57,108 DEBUG [background-preinit][ValidationXmlParser.java:120] - Trying to load META-INF/validation.xml for XML based Validator configuration.
2025-03-08 15:00:57,108 DEBUG [background-preinit][ValidationXmlParser.java:120] - Trying to load META-INF/validation.xml for XML based Validator configuration.
2025-03-08 15:00:57,111 DEBUG [background-preinit][ResourceLoaderHelper.java:60] - Trying to load META-INF/validation.xml via TCCL
2025-03-08 15:00:57,111 DEBUG [background-preinit][ResourceLoaderHelper.java:60] - Trying to load META-INF/validation.xml via TCCL
2025-03-08 15:00:57,111 DEBUG [background-preinit][ResourceLoaderHelper.java:66] - Trying to load META-INF/validation.xml via Hibernate Validator's class loader
2025-03-08 15:00:57,111 DEBUG [background-preinit][ResourceLoaderHelper.java:66] - Trying to load META-INF/validation.xml via Hibernate Validator's class loader
2025-03-08 15:00:57,112 DEBUG [background-preinit][ValidationXmlParser.java:127] - No META-INF/validation.xml found. Using annotation based configuration only.
2025-03-08 15:00:57,112 DEBUG [background-preinit][ValidationXmlParser.java:127] - No META-INF/validation.xml found. Using annotation based configuration only.
2025-03-08 15:00:57,119 DEBUG [background-preinit][TraversableResolvers.java:60] - Cannot find javax.persistence.Persistence on classpath. Assuming non JPA 2 environment. All properties will per default be traversable.
2025-03-08 15:00:57,119 DEBUG [background-preinit][TraversableResolvers.java:60] - Cannot find javax.persistence.Persistence on classpath. Assuming non JPA 2 environment. All properties will per default be traversable.
2025-03-08 15:00:57,165 DEBUG [background-preinit][ResourceBundleMessageInterpolator.java:172] - Loaded expression factory via original TCCL
2025-03-08 15:00:57,165 DEBUG [background-preinit][ResourceBundleMessageInterpolator.java:172] - Loaded expression factory via original TCCL
2025-03-08 15:00:57,209 DEBUG [main][PropertySourcesPropertyResolver.java:115] - Found key 'spring.application.name' in PropertySource 'configurationProperties' with value of type String
2025-03-08 15:00:57,209 DEBUG [main][PropertySourcesPropertyResolver.java:115] - Found key 'spring.application.name' in PropertySource 'configurationProperties' with value of type String
2025-03-08 15:00:57,216 DEBUG [main][SpringApplication.java:679] - Loading source class org.springframework.cloud.bootstrap.BootstrapImportSelectorConfiguration
2025-03-08 15:00:57,216 DEBUG [main][SpringApplication.java:679] - Loading source class org.springframework.cloud.bootstrap.BootstrapImportSelectorConfiguration
2025-03-08 15:00:57,278 DEBUG [main][DeferredLog.java:222] - Loaded config file 'file:/D:/JavaProjects/xuecheng-plus/xuecheng-plus-content/xuecheng-plus-content-api/target/classes/bootstrap.yml' (classpath:/bootstrap.yml)
2025-03-08 15:00:57,278 DEBUG [main][DeferredLog.java:222] - Loaded config file 'file:/D:/JavaProjects/xuecheng-plus/xuecheng-plus-content/xuecheng-plus-content-api/target/classes/bootstrap.yml' (classpath:/bootstrap.yml)
2025-03-08 15:00:57,279 DEBUG [main][AbstractApplicationContext.java:596] - Refreshing org.springframework.context.annotation.AnnotationConfigApplicationContext@3e598df9
2025-03-08 15:00:57,279 DEBUG [main][AbstractApplicationContext.java:596] - Refreshing org.springframework.context.annotation.AnnotationConfigApplicationContext@3e598df9
2025-03-08 15:00:57,324 DEBUG [main][DefaultSingletonBeanRegistry.java:225] - Creating shared instance of singleton bean 'org.springframework.context.annotation.internalConfigurationAnnotationProcessor'
2025-03-08 15:00:57,324 DEBUG [main][DefaultSingletonBeanRegistry.java:225] - Creating shared instance of singleton bean 'org.springframework.context.annotation.internalConfigurationAnnotationProcessor'
2025-03-08 15:00:57,352 DEBUG [main][DefaultSingletonBeanRegistry.java:225] - Creating shared instance of singleton bean 'org.springframework.boot.autoconfigure.internalCachingMetadataReaderFactory'
2025-03-08 15:00:57,352 DEBUG [main][DefaultSingletonBeanRegistry.java:225] - Creating shared instance of singleton bean 'org.springframework.boot.autoconfigure.internalCachingMetadataReaderFactory'
2025-03-08 15:00:57,427 DEBUG [background-preinit][ValidatorFactoryConfigurationHelper.java:300] - HV000252: Using org.hibernate.validator.internal.engine.DefaultPropertyNodeNameProvider as property node name provider.
2025-03-08 15:00:57,427 DEBUG [background-preinit][ValidatorFactoryConfigurationHelper.java:300] - HV000252: Using org.hibernate.validator.internal.engine.DefaultPropertyNodeNameProvider as property node name provider.
2025-03-08 15:00:57,440 DEBUG [background-preinit][ValidatorFactoryConfigurationHelper.java:375] - HV000234: Using org.hibernate.validator.messageinterpolation.ResourceBundleMessageInterpolator as ValidatorFactory-scoped message interpolator.
2025-03-08 15:00:57,440 DEBUG [background-preinit][ValidatorFactoryConfigurationHelper.java:375] - HV000234: Using org.hibernate.validator.messageinterpolation.ResourceBundleMessageInterpolator as ValidatorFactory-scoped message interpolator.
2025-03-08 15:00:57,440 DEBUG [background-preinit][ValidatorFactoryConfigurationHelper.java:376] - HV000234: Using org.hibernate.validator.internal.engine.resolver.TraverseAllTraversableResolver as ValidatorFactory-scoped traversable resolver.
2025-03-08 15:00:57,440 DEBUG [background-preinit][ValidatorFactoryConfigurationHelper.java:376] - HV000234: Using org.hibernate.validator.internal.engine.resolver.TraverseAllTraversableResolver as ValidatorFactory-scoped traversable resolver.
2025-03-08 15:00:57,441 DEBUG [background-preinit][ValidatorFactoryConfigurationHelper.java:377] - HV000234: Using org.hibernate.validator.internal.util.ExecutableParameterNameProvider as ValidatorFactory-scoped parameter name provider.
2025-03-08 15:00:57,441 DEBUG [background-preinit][ValidatorFactoryConfigurationHelper.java:377] - HV000234: Using org.hibernate.validator.internal.util.ExecutableParameterNameProvider as ValidatorFactory-scoped parameter name provider.
2025-03-08 15:00:57,441 DEBUG [background-preinit][ValidatorFactoryConfigurationHelper.java:378] - HV000234: Using org.hibernate.validator.internal.engine.DefaultClockProvider as ValidatorFactory-scoped clock provider.
2025-03-08 15:00:57,441 DEBUG [background-preinit][ValidatorFactoryConfigurationHelper.java:378] - HV000234: Using org.hibernate.validator.internal.engine.DefaultClockProvider as ValidatorFactory-scoped clock provider.
2025-03-08 15:00:57,442 DEBUG [background-preinit][ValidatorFactoryConfigurationHelper.java:379] - HV000234: Using org.hibernate.validator.internal.engine.scripting.DefaultScriptEvaluatorFactory as ValidatorFactory-scoped script evaluator factory.
2025-03-08 15:00:57,442 DEBUG [background-preinit][ValidatorFactoryConfigurationHelper.java:379] - HV000234: Using org.hibernate.validator.internal.engine.scripting.DefaultScriptEvaluatorFactory as ValidatorFactory-scoped script evaluator factory.
2025-03-08 15:00:57,568 DEBUG [main][DefaultSingletonBeanRegistry.java:225] - Creating shared instance of singleton bean 'propertySourcesPlaceholderConfigurer'
2025-03-08 15:00:57,568 DEBUG [main][DefaultSingletonBeanRegistry.java:225] - Creating shared instance of singleton bean 'propertySourcesPlaceholderConfigurer'
2025-03-08 15:00:57,579 DEBUG [main][DefaultSingletonBeanRegistry.java:225] - Creating shared instance of singleton bean 'org.springframework.context.event.internalEventListenerProcessor'
2025-03-08 15:00:57,579 DEBUG [main][DefaultSingletonBeanRegistry.java:225] - Creating shared instance of singleton bean 'org.springframework.context.event.internalEventListenerProcessor'
2025-03-08 15:00:57,583 DEBUG [main][DefaultSingletonBeanRegistry.java:225] - Creating shared instance of singleton bean 'org.springframework.context.event.internalEventListenerFactory'
2025-03-08 15:00:57,583 DEBUG [main][DefaultSingletonBeanRegistry.java:225] - Creating shared instance of singleton bean 'org.springframework.context.event.internalEventListenerFactory'
2025-03-08 15:00:57,586 DEBUG [main][DefaultSingletonBeanRegistry.java:225] - Creating shared instance of singleton bean 'org.springframework.context.annotation.internalAutowiredAnnotationProcessor'
2025-03-08 15:00:57,586 DEBUG [main][DefaultSingletonBeanRegistry.java:225] - Creating shared instance of singleton bean 'org.springframework.context.annotation.internalAutowiredAnnotationProcessor'
2025-03-08 15:00:57,593 DEBUG [main][DefaultSingletonBeanRegistry.java:225] - Creating shared instance of singleton bean 'org.springframework.context.annotation.internalCommonAnnotationProcessor'
2025-03-08 15:00:57,593 DEBUG [main][DefaultSingletonBeanRegistry.java:225] - Creating shared instance of singleton bean 'org.springframework.context.annotation.internalCommonAnnotationProcessor'
2025-03-08 15:00:57,610 DEBUG [main][DefaultSingletonBeanRegistry.java:225] - Creating shared instance of singleton bean 'org.springframework.boot.context.properties.ConfigurationPropertiesBindingPostProcessor'
2025-03-08 15:00:57,610 DEBUG [main][DefaultSingletonBeanRegistry.java:225] - Creating shared instance of singleton bean 'org.springframework.boot.context.properties.ConfigurationPropertiesBindingPostProcessor'
2025-03-08 15:00:57,611 DEBUG [main][DefaultSingletonBeanRegistry.java:225] - Creating shared instance of singleton bean 'org.springframework.boot.context.internalConfigurationPropertiesBinder'
2025-03-08 15:00:57,611 DEBUG [main][DefaultSingletonBeanRegistry.java:225] - Creating shared instance of singleton bean 'org.springframework.boot.context.internalConfigurationPropertiesBinder'
2025-03-08 15:00:57,612 DEBUG [main][DefaultSingletonBeanRegistry.java:225] - Creating shared instance of singleton bean 'org.springframework.boot.context.internalConfigurationPropertiesBinderFactory'
2025-03-08 15:00:57,612 DEBUG [main][DefaultSingletonBeanRegistry.java:225] - Creating shared instance of singleton bean 'org.springframework.boot.context.internalConfigurationPropertiesBinderFactory'
2025-03-08 15:00:57,617 DEBUG [main][DefaultSingletonBeanRegistry.java:225] - Creating shared instance of singleton bean 'configurationPropertiesBeans'
2025-03-08 15:00:57,617 DEBUG [main][DefaultSingletonBeanRegistry.java:225] - Creating shared instance of singleton bean 'configurationPropertiesBeans'
2025-03-08 15:00:57,635 DEBUG [main][DefaultSingletonBeanRegistry.java:225] - Creating shared instance of singleton bean 'bootstrapImportSelectorConfiguration'
2025-03-08 15:00:57,635 DEBUG [main][DefaultSingletonBeanRegistry.java:225] - Creating shared instance of singleton bean 'bootstrapImportSelectorConfiguration'
2025-03-08 15:00:57,639 DEBUG [main][DefaultSingletonBeanRegistry.java:225] - Creating shared instance of singleton bean 'org.springframework.cloud.bootstrap.config.PropertySourceBootstrapConfiguration'
2025-03-08 15:00:57,639 DEBUG [main][DefaultSingletonBeanRegistry.java:225] - Creating shared instance of singleton bean 'org.springframework.cloud.bootstrap.config.PropertySourceBootstrapConfiguration'
2025-03-08 15:00:57,650 DEBUG [main][DefaultSingletonBeanRegistry.java:225] - Creating shared instance of singleton bean 'org.springframework.boot.context.properties.BoundConfigurationProperties'
2025-03-08 15:00:57,650 DEBUG [main][DefaultSingletonBeanRegistry.java:225] - Creating shared instance of singleton bean 'org.springframework.boot.context.properties.BoundConfigurationProperties'
2025-03-08 15:00:57,652 DEBUG [main][DefaultSingletonBeanRegistry.java:225] - Creating shared instance of singleton bean 'org.springframework.boot.context.properties.ConfigurationBeanFactoryMetadata'
2025-03-08 15:00:57,652 DEBUG [main][DefaultSingletonBeanRegistry.java:225] - Creating shared instance of singleton bean 'org.springframework.boot.context.properties.ConfigurationBeanFactoryMetadata'
2025-03-08 15:00:57,653 DEBUG [main][DefaultSingletonBeanRegistry.java:225] - Creating shared instance of singleton bean 'spring.cloud.config-org.springframework.cloud.bootstrap.config.PropertySourceBootstrapProperties'
2025-03-08 15:00:57,653 DEBUG [main][DefaultSingletonBeanRegistry.java:225] - Creating shared instance of singleton bean 'spring.cloud.config-org.springframework.cloud.bootstrap.config.PropertySourceBootstrapProperties'
2025-03-08 15:00:57,678 DEBUG [main][DefaultSingletonBeanRegistry.java:225] - Creating shared instance of singleton bean 'org.springframework.cloud.bootstrap.encrypt.EncryptionBootstrapConfiguration'
2025-03-08 15:00:57,678 DEBUG [main][DefaultSingletonBeanRegistry.java:225] - Creating shared instance of singleton bean 'org.springframework.cloud.bootstrap.encrypt.EncryptionBootstrapConfiguration'
2025-03-08 15:00:57,682 DEBUG [main][DefaultSingletonBeanRegistry.java:225] - Creating shared instance of singleton bean 'encrypt-org.springframework.cloud.bootstrap.encrypt.KeyProperties'
2025-03-08 15:00:57,682 DEBUG [main][DefaultSingletonBeanRegistry.java:225] - Creating shared instance of singleton bean 'encrypt-org.springframework.cloud.bootstrap.encrypt.KeyProperties'
2025-03-08 15:00:57,693 DEBUG [main][DefaultSingletonBeanRegistry.java:225] - Creating shared instance of singleton bean 'environmentDecryptApplicationListener'
2025-03-08 15:00:57,693 DEBUG [main][DefaultSingletonBeanRegistry.java:225] - Creating shared instance of singleton bean 'environmentDecryptApplicationListener'
2025-03-08 15:00:57,695 DEBUG [main][DefaultSingletonBeanRegistry.java:225] - Creating shared instance of singleton bean 'org.springframework.cloud.autoconfigure.ConfigurationPropertiesRebinderAutoConfiguration'
2025-03-08 15:00:57,695 DEBUG [main][DefaultSingletonBeanRegistry.java:225] - Creating shared instance of singleton bean 'org.springframework.cloud.autoconfigure.ConfigurationPropertiesRebinderAutoConfiguration'
2025-03-08 15:00:57,700 DEBUG [main][DefaultSingletonBeanRegistry.java:225] - Creating shared instance of singleton bean 'configurationPropertiesRebinder'
2025-03-08 15:00:57,700 DEBUG [main][DefaultSingletonBeanRegistry.java:225] - Creating shared instance of singleton bean 'configurationPropertiesRebinder'
2025-03-08 15:00:57,702 DEBUG [main][ConstructorResolver.java:807] - Autowiring by type from bean name 'configurationPropertiesRebinder' via factory method to bean named 'configurationPropertiesBeans'
2025-03-08 15:00:57,702 DEBUG [main][ConstructorResolver.java:807] - Autowiring by type from bean name 'configurationPropertiesRebinder' via factory method to bean named 'configurationPropertiesBeans'
2025-03-08 15:00:57,717 DEBUG [main][DefaultSingletonBeanRegistry.java:225] - Creating shared instance of singleton bean 'org.springframework.boot.autoconfigure.context.PropertyPlaceholderAutoConfiguration'
2025-03-08 15:00:57,717 DEBUG [main][DefaultSingletonBeanRegistry.java:225] - Creating shared instance of singleton bean 'org.springframework.boot.autoconfigure.context.PropertyPlaceholderAutoConfiguration'
2025-03-08 15:00:57,720 DEBUG [main][DefaultSingletonBeanRegistry.java:225] - Creating shared instance of singleton bean 'org.springframework.cloud.util.random.CachedRandomPropertySourceAutoConfiguration'
2025-03-08 15:00:57,720 DEBUG [main][DefaultSingletonBeanRegistry.java:225] - Creating shared instance of singleton bean 'org.springframework.cloud.util.random.CachedRandomPropertySourceAutoConfiguration'
2025-03-08 15:00:57,749 DEBUG [main][ConditionEvaluationReportLoggingListener.java:126] - 


============================
CONDITIONS EVALUATION REPORT
============================


Positive matches:
-----------------

   ConfigurationPropertiesRebinderAutoConfiguration matched:
      - @ConditionalOnBean (types: org.springframework.boot.context.properties.ConfigurationPropertiesBindingPostProcessor; SearchStrategy: all) found bean 'org.springframework.boot.context.properties.ConfigurationPropertiesBindingPostProcessor' (OnBeanCondition)

   ConfigurationPropertiesRebinderAutoConfiguration#configurationPropertiesBeans matched:
      - @ConditionalOnMissingBean (types: org.springframework.cloud.context.properties.ConfigurationPropertiesBeans; SearchStrategy: current) did not find any beans (OnBeanCondition)

   ConfigurationPropertiesRebinderAutoConfiguration#configurationPropertiesRebinder matched:
      - @ConditionalOnMissingBean (types: org.springframework.cloud.context.properties.ConfigurationPropertiesRebinder; SearchStrategy: current) did not find any beans (OnBeanCondition)

   EncryptionBootstrapConfiguration matched:
      - @ConditionalOnClass found required class 'org.springframework.security.crypto.encrypt.TextEncryptor' (OnClassCondition)

   PropertyPlaceholderAutoConfiguration#propertySourcesPlaceholderConfigurer matched:
      - @ConditionalOnMissingBean (types: org.springframework.context.support.PropertySourcesPlaceholderConfigurer; SearchStrategy: current) did not find any beans (OnBeanCondition)


Negative matches:
-----------------

   EncryptionBootstrapConfiguration.RsaEncryptionConfiguration:
      Did not match:
         - @ConditionalOnClass did not find required class 'org.springframework.security.rsa.crypto.RsaSecretEncryptor' (OnClassCondition)

   EncryptionBootstrapConfiguration.VanillaEncryptionConfiguration:
      Did not match:
         - Keystore nor key found in Environment (EncryptionBootstrapConfiguration.KeyCondition)
      Matched:
         - @ConditionalOnMissingClass did not find unwanted class 'org.springframework.security.rsa.crypto.RsaSecretEncryptor' (OnClassCondition)


Exclusions:
-----------

    None


Unconditional classes:
----------------------

    None



2025-03-08 15:00:57,749 DEBUG [main][ConditionEvaluationReportLoggingListener.java:126] - 


============================
CONDITIONS EVALUATION REPORT
============================


Positive matches:
-----------------

   ConfigurationPropertiesRebinderAutoConfiguration matched:
      - @ConditionalOnBean (types: org.springframework.boot.context.properties.ConfigurationPropertiesBindingPostProcessor; SearchStrategy: all) found bean 'org.springframework.boot.context.properties.ConfigurationPropertiesBindingPostProcessor' (OnBeanCondition)

   ConfigurationPropertiesRebinderAutoConfiguration#configurationPropertiesBeans matched:
      - @ConditionalOnMissingBean (types: org.springframework.cloud.context.properties.ConfigurationPropertiesBeans; SearchStrategy: current) did not find any beans (OnBeanCondition)

   ConfigurationPropertiesRebinderAutoConfiguration#configurationPropertiesRebinder matched:
      - @ConditionalOnMissingBean (types: org.springframework.cloud.context.properties.ConfigurationPropertiesRebinder; SearchStrategy: current) did not find any beans (OnBeanCondition)

   EncryptionBootstrapConfiguration matched:
      - @ConditionalOnClass found required class 'org.springframework.security.crypto.encrypt.TextEncryptor' (OnClassCondition)

   PropertyPlaceholderAutoConfiguration#propertySourcesPlaceholderConfigurer matched:
      - @ConditionalOnMissingBean (types: org.springframework.context.support.PropertySourcesPlaceholderConfigurer; SearchStrategy: current) did not find any beans (OnBeanCondition)


Negative matches:
-----------------

   EncryptionBootstrapConfiguration.RsaEncryptionConfiguration:
      Did not match:
         - @ConditionalOnClass did not find required class 'org.springframework.security.rsa.crypto.RsaSecretEncryptor' (OnClassCondition)

   EncryptionBootstrapConfiguration.VanillaEncryptionConfiguration:
      Did not match:
         - Keystore nor key found in Environment (EncryptionBootstrapConfiguration.KeyCondition)
      Matched:
         - @ConditionalOnMissingClass did not find unwanted class 'org.springframework.security.rsa.crypto.RsaSecretEncryptor' (OnClassCondition)


Exclusions:
-----------

    None


Unconditional classes:
----------------------

    None



2025-03-08 15:00:57,752 DEBUG [main][PropertySourcesPropertyResolver.java:115] - Found key 'spring.liveBeansView.mbeanDomain' in PropertySource 'systemProperties' with value of type String
2025-03-08 15:00:57,752 DEBUG [main][PropertySourcesPropertyResolver.java:115] - Found key 'spring.liveBeansView.mbeanDomain' in PropertySource 'systemProperties' with value of type String
2025-03-08 15:00:58,114 DEBUG [main][ClasspathLoggingApplicationListener.java:51] - Application started with classpath: unknown
2025-03-08 15:00:58,114 DEBUG [main][ClasspathLoggingApplicationListener.java:51] - Application started with classpath: unknown
2025-03-08 15:00:58,144 INFO [main][SpringApplication.java:651] - No active profile set, falling back to default profiles: default
2025-03-08 15:00:58,144 INFO [main][SpringApplication.java:651] - No active profile set, falling back to default profiles: default
2025-03-08 15:00:58,144 DEBUG [main][SpringApplication.java:679] - Loading source class com.xuecheng.ContentApplication,class org.springframework.cloud.bootstrap.BootstrapApplicationListener$BootstrapMarkerConfiguration
2025-03-08 15:00:58,144 DEBUG [main][SpringApplication.java:679] - Loading source class com.xuecheng.ContentApplication,class org.springframework.cloud.bootstrap.BootstrapApplicationListener$BootstrapMarkerConfiguration
2025-03-08 15:00:58,171 DEBUG [main][AbstractApplicationContext.java:596] - Refreshing org.springframework.boot.web.servlet.context.AnnotationConfigServletWebServerApplicationContext@365a6a43
2025-03-08 15:00:58,171 DEBUG [main][AbstractApplicationContext.java:596] - Refreshing org.springframework.boot.web.servlet.context.AnnotationConfigServletWebServerApplicationContext@365a6a43
2025-03-08 15:00:58,183 DEBUG [main][DefaultSingletonBeanRegistry.java:225] - Creating shared instance of singleton bean 'org.springframework.context.annotation.internalConfigurationAnnotationProcessor'
2025-03-08 15:00:58,183 DEBUG [main][DefaultSingletonBeanRegistry.java:225] - Creating shared instance of singleton bean 'org.springframework.context.annotation.internalConfigurationAnnotationProcessor'
2025-03-08 15:00:58,183 DEBUG [main][DefaultSingletonBeanRegistry.java:225] - Creating shared instance of singleton bean 'org.springframework.boot.autoconfigure.internalCachingMetadataReaderFactory'
2025-03-08 15:00:58,183 DEBUG [main][DefaultSingletonBeanRegistry.java:225] - Creating shared instance of singleton bean 'org.springframework.boot.autoconfigure.internalCachingMetadataReaderFactory'
2025-03-08 15:00:58,237 DEBUG [main][ClassPathScanningCandidateComponentProvider.java:435] - Identified candidate component class: file [D:\JavaProjects\xuecheng-plus\xuecheng-plus-content\xuecheng-plus-content-api\target\classes\com\xuecheng\content\api\CourseBaseInfoController.class]
2025-03-08 15:00:58,237 DEBUG [main][ClassPathScanningCandidateComponentProvider.java:435] - Identified candidate component class: file [D:\JavaProjects\xuecheng-plus\xuecheng-plus-content\xuecheng-plus-content-api\target\classes\com\xuecheng\content\api\CourseBaseInfoController.class]
2025-03-08 15:00:58,239 DEBUG [main][ClassPathScanningCandidateComponentProvider.java:435] - Identified candidate component class: file [D:\JavaProjects\xuecheng-plus\xuecheng-plus-content\xuecheng-plus-content-api\target\classes\com\xuecheng\content\api\CourseCategoryController.class]
2025-03-08 15:00:58,239 DEBUG [main][ClassPathScanningCandidateComponentProvider.java:435] - Identified candidate component class: file [D:\JavaProjects\xuecheng-plus\xuecheng-plus-content\xuecheng-plus-content-api\target\classes\com\xuecheng\content\api\CourseCategoryController.class]
2025-03-08 15:00:58,244 DEBUG [main][ClassPathScanningCandidateComponentProvider.java:435] - Identified candidate component class: file [D:\JavaProjects\xuecheng-plus\xuecheng-plus-content\xuecheng-plus-content-service\target\classes\com\xuecheng\content\config\MybatisPlusConfig.class]
2025-03-08 15:00:58,244 DEBUG [main][ClassPathScanningCandidateComponentProvider.java:435] - Identified candidate component class: file [D:\JavaProjects\xuecheng-plus\xuecheng-plus-content\xuecheng-plus-content-service\target\classes\com\xuecheng\content\config\MybatisPlusConfig.class]
2025-03-08 15:00:58,251 DEBUG [main][ClassPathScanningCandidateComponentProvider.java:435] - Identified candidate component class: file [D:\JavaProjects\xuecheng-plus\xuecheng-plus-content\xuecheng-plus-content-service\target\classes\com\xuecheng\content\service\impl\CourseBaseInfoServiceImpl.class]
2025-03-08 15:00:58,251 DEBUG [main][ClassPathScanningCandidateComponentProvider.java:435] - Identified candidate component class: file [D:\JavaProjects\xuecheng-plus\xuecheng-plus-content\xuecheng-plus-content-service\target\classes\com\xuecheng\content\service\impl\CourseBaseInfoServiceImpl.class]
2025-03-08 15:00:58,253 DEBUG [main][ClassPathScanningCandidateComponentProvider.java:435] - Identified candidate component class: file [D:\JavaProjects\xuecheng-plus\xuecheng-plus-content\xuecheng-plus-content-service\target\classes\com\xuecheng\content\service\impl\CourseCategoryServiceImpl.class]
2025-03-08 15:00:58,253 DEBUG [main][ClassPathScanningCandidateComponentProvider.java:435] - Identified candidate component class: file [D:\JavaProjects\xuecheng-plus\xuecheng-plus-content\xuecheng-plus-content-service\target\classes\com\xuecheng\content\service\impl\CourseCategoryServiceImpl.class]
2025-03-08 15:00:58,264 DEBUG [main][ClassPathScanningCandidateComponentProvider.java:435] - Identified candidate component class: file [D:\JavaProjects\xuecheng-plus\xuecheng-plus-base\target\classes\com\xuecheng\base\config\LocalDateTimeConfig.class]
2025-03-08 15:00:58,264 DEBUG [main][ClassPathScanningCandidateComponentProvider.java:435] - Identified candidate component class: file [D:\JavaProjects\xuecheng-plus\xuecheng-plus-base\target\classes\com\xuecheng\base\config\LocalDateTimeConfig.class]
2025-03-08 15:00:58,270 DEBUG [main][ClassPathScanningCandidateComponentProvider.java:435] - Identified candidate component class: file [D:\JavaProjects\xuecheng-plus\xuecheng-plus-base\target\classes\com\xuecheng\base\exception\GlobalExceptionHandler.class]
2025-03-08 15:00:58,270 DEBUG [main][ClassPathScanningCandidateComponentProvider.java:435] - Identified candidate component class: file [D:\JavaProjects\xuecheng-plus\xuecheng-plus-base\target\classes\com\xuecheng\base\exception\GlobalExceptionHandler.class]
2025-03-08 15:00:58,304 DEBUG [main][PropertySourcesPropertyResolver.java:115] - Found key 'swagger.enabled' in PropertySource 'configurationProperties' with value of type Boolean
2025-03-08 15:00:58,304 DEBUG [main][PropertySourcesPropertyResolver.java:115] - Found key 'swagger.enabled' in PropertySource 'configurationProperties' with value of type Boolean
2025-03-08 15:00:58,325 DEBUG [main][ClassPathScanningCandidateComponentProvider.java:435] - Identified candidate component class: URL [jar:file:/D:/Software/xuecheng/repository/io/springfox/springfox-swagger2/2.9.2/springfox-swagger2-2.9.2.jar!/springfox/documentation/swagger2/mappers/ServiceModelToSwagger2MapperImpl.class]
2025-03-08 15:00:58,325 DEBUG [main][ClassPathScanningCandidateComponentProvider.java:435] - Identified candidate component class: URL [jar:file:/D:/Software/xuecheng/repository/io/springfox/springfox-swagger2/2.9.2/springfox-swagger2-2.9.2.jar!/springfox/documentation/swagger2/mappers/ServiceModelToSwagger2MapperImpl.class]
2025-03-08 15:00:58,328 DEBUG [main][ClassPathScanningCandidateComponentProvider.java:435] - Identified candidate component class: URL [jar:file:/D:/Software/xuecheng/repository/io/springfox/springfox-swagger2/2.9.2/springfox-swagger2-2.9.2.jar!/springfox/documentation/swagger2/mappers/VendorExtensionsMapperImpl.class]
2025-03-08 15:00:58,328 DEBUG [main][ClassPathScanningCandidateComponentProvider.java:435] - Identified candidate component class: URL [jar:file:/D:/Software/xuecheng/repository/io/springfox/springfox-swagger2/2.9.2/springfox-swagger2-2.9.2.jar!/springfox/documentation/swagger2/mappers/VendorExtensionsMapperImpl.class]
2025-03-08 15:00:58,343 DEBUG [main][ClassPathScanningCandidateComponentProvider.java:435] - Identified candidate component class: URL [jar:file:/D:/Software/xuecheng/repository/io/springfox/springfox-swagger2/2.9.2/springfox-swagger2-2.9.2.jar!/springfox/documentation/swagger2/mappers/ParameterMapperImpl.class]
2025-03-08 15:00:58,343 DEBUG [main][ClassPathScanningCandidateComponentProvider.java:435] - Identified candidate component class: URL [jar:file:/D:/Software/xuecheng/repository/io/springfox/springfox-swagger2/2.9.2/springfox-swagger2-2.9.2.jar!/springfox/documentation/swagger2/mappers/ParameterMapperImpl.class]
2025-03-08 15:00:58,355 DEBUG [main][ClassPathScanningCandidateComponentProvider.java:435] - Identified candidate component class: URL [jar:file:/D:/Software/xuecheng/repository/io/springfox/springfox-swagger2/2.9.2/springfox-swagger2-2.9.2.jar!/springfox/documentation/swagger2/mappers/ModelMapperImpl.class]
2025-03-08 15:00:58,355 DEBUG [main][ClassPathScanningCandidateComponentProvider.java:435] - Identified candidate component class: URL [jar:file:/D:/Software/xuecheng/repository/io/springfox/springfox-swagger2/2.9.2/springfox-swagger2-2.9.2.jar!/springfox/documentation/swagger2/mappers/ModelMapperImpl.class]
2025-03-08 15:00:58,359 DEBUG [main][ClassPathScanningCandidateComponentProvider.java:435] - Identified candidate component class: URL [jar:file:/D:/Software/xuecheng/repository/io/springfox/springfox-swagger2/2.9.2/springfox-swagger2-2.9.2.jar!/springfox/documentation/swagger2/mappers/LicenseMapperImpl.class]
2025-03-08 15:00:58,359 DEBUG [main][ClassPathScanningCandidateComponentProvider.java:435] - Identified candidate component class: URL [jar:file:/D:/Software/xuecheng/repository/io/springfox/springfox-swagger2/2.9.2/springfox-swagger2-2.9.2.jar!/springfox/documentation/swagger2/mappers/LicenseMapperImpl.class]
2025-03-08 15:00:58,365 DEBUG [main][ClassPathScanningCandidateComponentProvider.java:435] - Identified candidate component class: URL [jar:file:/D:/Software/xuecheng/repository/io/springfox/springfox-swagger2/2.9.2/springfox-swagger2-2.9.2.jar!/springfox/documentation/swagger2/mappers/SecurityMapperImpl.class]
2025-03-08 15:00:58,365 DEBUG [main][ClassPathScanningCandidateComponentProvider.java:435] - Identified candidate component class: URL [jar:file:/D:/Software/xuecheng/repository/io/springfox/springfox-swagger2/2.9.2/springfox-swagger2-2.9.2.jar!/springfox/documentation/swagger2/mappers/SecurityMapperImpl.class]
2025-03-08 15:00:58,402 DEBUG [main][ClassPathScanningCandidateComponentProvider.java:435] - Identified candidate component class: URL [jar:file:/D:/Software/xuecheng/repository/io/springfox/springfox-spring-web/2.9.2/springfox-spring-web-2.9.2.jar!/springfox/documentation/spring/web/scanners/ApiListingReferenceScanner.class]
2025-03-08 15:00:58,402 DEBUG [main][ClassPathScanningCandidateComponentProvider.java:435] - Identified candidate component class: URL [jar:file:/D:/Software/xuecheng/repository/io/springfox/springfox-spring-web/2.9.2/springfox-spring-web-2.9.2.jar!/springfox/documentation/spring/web/scanners/ApiListingReferenceScanner.class]
2025-03-08 15:00:58,403 DEBUG [main][ClassPathScanningCandidateComponentProvider.java:435] - Identified candidate component class: URL [jar:file:/D:/Software/xuecheng/repository/io/springfox/springfox-spring-web/2.9.2/springfox-spring-web-2.9.2.jar!/springfox/documentation/spring/web/scanners/ApiDocumentationScanner.class]
2025-03-08 15:00:58,403 DEBUG [main][ClassPathScanningCandidateComponentProvider.java:435] - Identified candidate component class: URL [jar:file:/D:/Software/xuecheng/repository/io/springfox/springfox-spring-web/2.9.2/springfox-spring-web-2.9.2.jar!/springfox/documentation/spring/web/scanners/ApiDocumentationScanner.class]
2025-03-08 15:00:58,405 DEBUG [main][ClassPathScanningCandidateComponentProvider.java:435] - Identified candidate component class: URL [jar:file:/D:/Software/xuecheng/repository/io/springfox/springfox-spring-web/2.9.2/springfox-spring-web-2.9.2.jar!/springfox/documentation/spring/web/scanners/ApiDescriptionReader.class]
2025-03-08 15:00:58,405 DEBUG [main][ClassPathScanningCandidateComponentProvider.java:435] - Identified candidate component class: URL [jar:file:/D:/Software/xuecheng/repository/io/springfox/springfox-spring-web/2.9.2/springfox-spring-web-2.9.2.jar!/springfox/documentation/spring/web/scanners/ApiDescriptionReader.class]
2025-03-08 15:00:58,410 DEBUG [main][ClassPathScanningCandidateComponentProvider.java:435] - Identified candidate component class: URL [jar:file:/D:/Software/xuecheng/repository/io/springfox/springfox-spring-web/2.9.2/springfox-spring-web-2.9.2.jar!/springfox/documentation/spring/web/scanners/ApiListingReader.class]
2025-03-08 15:00:58,410 DEBUG [main][ClassPathScanningCandidateComponentProvider.java:435] - Identified candidate component class: URL [jar:file:/D:/Software/xuecheng/repository/io/springfox/springfox-spring-web/2.9.2/springfox-spring-web-2.9.2.jar!/springfox/documentation/spring/web/scanners/ApiListingReader.class]
2025-03-08 15:00:58,414 DEBUG [main][ClassPathScanningCandidateComponentProvider.java:435] - Identified candidate component class: URL [jar:file:/D:/Software/xuecheng/repository/io/springfox/springfox-spring-web/2.9.2/springfox-spring-web-2.9.2.jar!/springfox/documentation/spring/web/scanners/CachingOperationReader.class]
2025-03-08 15:00:58,414 DEBUG [main][ClassPathScanningCandidateComponentProvider.java:435] - Identified candidate component class: URL [jar:file:/D:/Software/xuecheng/repository/io/springfox/springfox-spring-web/2.9.2/springfox-spring-web-2.9.2.jar!/springfox/documentation/spring/web/scanners/CachingOperationReader.class]
2025-03-08 15:00:58,415 DEBUG [main][ClassPathScanningCandidateComponentProvider.java:435] - Identified candidate component class: URL [jar:file:/D:/Software/xuecheng/repository/io/springfox/springfox-spring-web/2.9.2/springfox-spring-web-2.9.2.jar!/springfox/documentation/spring/web/scanners/MediaTypeReader.class]
2025-03-08 15:00:58,415 DEBUG [main][ClassPathScanningCandidateComponentProvider.java:435] - Identified candidate component class: URL [jar:file:/D:/Software/xuecheng/repository/io/springfox/springfox-spring-web/2.9.2/springfox-spring-web-2.9.2.jar!/springfox/documentation/spring/web/scanners/MediaTypeReader.class]
2025-03-08 15:00:58,417 DEBUG [main][ClassPathScanningCandidateComponentProvider.java:435] - Identified candidate component class: URL [jar:file:/D:/Software/xuecheng/repository/io/springfox/springfox-spring-web/2.9.2/springfox-spring-web-2.9.2.jar!/springfox/documentation/spring/web/scanners/ApiListingScanner.class]
2025-03-08 15:00:58,417 DEBUG [main][ClassPathScanningCandidateComponentProvider.java:435] - Identified candidate component class: URL [jar:file:/D:/Software/xuecheng/repository/io/springfox/springfox-spring-web/2.9.2/springfox-spring-web-2.9.2.jar!/springfox/documentation/spring/web/scanners/ApiListingScanner.class]
2025-03-08 15:00:58,420 DEBUG [main][ClassPathScanningCandidateComponentProvider.java:435] - Identified candidate component class: URL [jar:file:/D:/Software/xuecheng/repository/io/springfox/springfox-spring-web/2.9.2/springfox-spring-web-2.9.2.jar!/springfox/documentation/spring/web/scanners/ApiModelReader.class]
2025-03-08 15:00:58,420 DEBUG [main][ClassPathScanningCandidateComponentProvider.java:435] - Identified candidate component class: URL [jar:file:/D:/Software/xuecheng/repository/io/springfox/springfox-spring-web/2.9.2/springfox-spring-web-2.9.2.jar!/springfox/documentation/spring/web/scanners/ApiModelReader.class]
2025-03-08 15:00:58,423 DEBUG [main][ClassPathScanningCandidateComponentProvider.java:435] - Identified candidate component class: URL [jar:file:/D:/Software/xuecheng/repository/io/springfox/springfox-spring-web/2.9.2/springfox-spring-web-2.9.2.jar!/springfox/documentation/spring/web/scanners/ApiDescriptionLookup.class]
2025-03-08 15:00:58,423 DEBUG [main][ClassPathScanningCandidateComponentProvider.java:435] - Identified candidate component class: URL [jar:file:/D:/Software/xuecheng/repository/io/springfox/springfox-spring-web/2.9.2/springfox-spring-web-2.9.2.jar!/springfox/documentation/spring/web/scanners/ApiDescriptionLookup.class]
2025-03-08 15:00:58,431 DEBUG [main][ClassPathScanningCandidateComponentProvider.java:435] - Identified candidate component class: URL [jar:file:/D:/Software/xuecheng/repository/io/springfox/springfox-spring-web/2.9.2/springfox-spring-web-2.9.2.jar!/springfox/documentation/spring/web/readers/operation/OperationModelsProvider.class]
2025-03-08 15:00:58,431 DEBUG [main][ClassPathScanningCandidateComponentProvider.java:435] - Identified candidate component class: URL [jar:file:/D:/Software/xuecheng/repository/io/springfox/springfox-spring-web/2.9.2/springfox-spring-web-2.9.2.jar!/springfox/documentation/spring/web/readers/operation/OperationModelsProvider.class]
2025-03-08 15:00:58,432 DEBUG [main][ClassPathScanningCandidateComponentProvider.java:435] - Identified candidate component class: URL [jar:file:/D:/Software/xuecheng/repository/io/springfox/springfox-spring-web/2.9.2/springfox-spring-web-2.9.2.jar!/springfox/documentation/spring/web/readers/operation/OperationDeprecatedReader.class]
2025-03-08 15:00:58,432 DEBUG [main][ClassPathScanningCandidateComponentProvider.java:435] - Identified candidate component class: URL [jar:file:/D:/Software/xuecheng/repository/io/springfox/springfox-spring-web/2.9.2/springfox-spring-web-2.9.2.jar!/springfox/documentation/spring/web/readers/operation/OperationDeprecatedReader.class]
2025-03-08 15:00:58,433 DEBUG [main][ClassPathScanningCandidateComponentProvider.java:435] - Identified candidate component class: URL [jar:file:/D:/Software/xuecheng/repository/io/springfox/springfox-spring-web/2.9.2/springfox-spring-web-2.9.2.jar!/springfox/documentation/spring/web/readers/operation/ResponseMessagesReader.class]
2025-03-08 15:00:58,433 DEBUG [main][ClassPathScanningCandidateComponentProvider.java:435] - Identified candidate component class: URL [jar:file:/D:/Software/xuecheng/repository/io/springfox/springfox-spring-web/2.9.2/springfox-spring-web-2.9.2.jar!/springfox/documentation/spring/web/readers/operation/ResponseMessagesReader.class]
2025-03-08 15:00:58,437 DEBUG [main][ClassPathScanningCandidateComponentProvider.java:435] - Identified candidate component class: URL [jar:file:/D:/Software/xuecheng/repository/io/springfox/springfox-spring-web/2.9.2/springfox-spring-web-2.9.2.jar!/springfox/documentation/spring/web/readers/operation/OperationParameterReader.class]
2025-03-08 15:00:58,437 DEBUG [main][ClassPathScanningCandidateComponentProvider.java:435] - Identified candidate component class: URL [jar:file:/D:/Software/xuecheng/repository/io/springfox/springfox-spring-web/2.9.2/springfox-spring-web-2.9.2.jar!/springfox/documentation/spring/web/readers/operation/OperationParameterReader.class]
2025-03-08 15:00:58,438 DEBUG [main][ClassPathScanningCandidateComponentProvider.java:435] - Identified candidate component class: URL [jar:file:/D:/Software/xuecheng/repository/io/springfox/springfox-spring-web/2.9.2/springfox-spring-web-2.9.2.jar!/springfox/documentation/spring/web/readers/operation/DefaultTagsProvider.class]
2025-03-08 15:00:58,438 DEBUG [main][ClassPathScanningCandidateComponentProvider.java:435] - Identified candidate component class: URL [jar:file:/D:/Software/xuecheng/repository/io/springfox/springfox-spring-web/2.9.2/springfox-spring-web-2.9.2.jar!/springfox/documentation/spring/web/readers/operation/DefaultTagsProvider.class]
2025-03-08 15:00:58,440 DEBUG [main][ClassPathScanningCandidateComponentProvider.java:435] - Identified candidate component class: URL [jar:file:/D:/Software/xuecheng/repository/io/springfox/springfox-spring-web/2.9.2/springfox-spring-web-2.9.2.jar!/springfox/documentation/spring/web/readers/operation/OperationTagsReader.class]
2025-03-08 15:00:58,440 DEBUG [main][ClassPathScanningCandidateComponentProvider.java:435] - Identified candidate component class: URL [jar:file:/D:/Software/xuecheng/repository/io/springfox/springfox-spring-web/2.9.2/springfox-spring-web-2.9.2.jar!/springfox/documentation/spring/web/readers/operation/OperationTagsReader.class]
2025-03-08 15:00:58,443 DEBUG [main][ClassPathScanningCandidateComponentProvider.java:435] - Identified candidate component class: URL [jar:file:/D:/Software/xuecheng/repository/io/springfox/springfox-spring-web/2.9.2/springfox-spring-web-2.9.2.jar!/springfox/documentation/spring/web/readers/operation/ApiOperationReader.class]
2025-03-08 15:00:58,443 DEBUG [main][ClassPathScanningCandidateComponentProvider.java:435] - Identified candidate component class: URL [jar:file:/D:/Software/xuecheng/repository/io/springfox/springfox-spring-web/2.9.2/springfox-spring-web-2.9.2.jar!/springfox/documentation/spring/web/readers/operation/ApiOperationReader.class]
2025-03-08 15:00:58,444 DEBUG [main][ClassPathScanningCandidateComponentProvider.java:435] - Identified candidate component class: URL [jar:file:/D:/Software/xuecheng/repository/io/springfox/springfox-spring-web/2.9.2/springfox-spring-web-2.9.2.jar!/springfox/documentation/spring/web/readers/operation/DefaultOperationReader.class]
2025-03-08 15:00:58,444 DEBUG [main][ClassPathScanningCandidateComponentProvider.java:435] - Identified candidate component class: URL [jar:file:/D:/Software/xuecheng/repository/io/springfox/springfox-spring-web/2.9.2/springfox-spring-web-2.9.2.jar!/springfox/documentation/spring/web/readers/operation/DefaultOperationReader.class]
2025-03-08 15:00:58,446 DEBUG [main][ClassPathScanningCandidateComponentProvider.java:435] - Identified candidate component class: URL [jar:file:/D:/Software/xuecheng/repository/io/springfox/springfox-spring-web/2.9.2/springfox-spring-web-2.9.2.jar!/springfox/documentation/spring/web/readers/operation/OperationParameterRequestConditionReader.class]
2025-03-08 15:00:58,446 DEBUG [main][ClassPathScanningCandidateComponentProvider.java:435] - Identified candidate component class: URL [jar:file:/D:/Software/xuecheng/repository/io/springfox/springfox-spring-web/2.9.2/springfox-spring-web-2.9.2.jar!/springfox/documentation/spring/web/readers/operation/OperationParameterRequestConditionReader.class]
2025-03-08 15:00:58,448 DEBUG [main][ClassPathScanningCandidateComponentProvider.java:435] - Identified candidate component class: URL [jar:file:/D:/Software/xuecheng/repository/io/springfox/springfox-spring-web/2.9.2/springfox-spring-web-2.9.2.jar!/springfox/documentation/spring/web/readers/operation/OperationParameterHeadersConditionReader.class]
2025-03-08 15:00:58,448 DEBUG [main][ClassPathScanningCandidateComponentProvider.java:435] - Identified candidate component class: URL [jar:file:/D:/Software/xuecheng/repository/io/springfox/springfox-spring-web/2.9.2/springfox-spring-web-2.9.2.jar!/springfox/documentation/spring/web/readers/operation/OperationParameterHeadersConditionReader.class]
2025-03-08 15:00:58,451 DEBUG [main][ClassPathScanningCandidateComponentProvider.java:435] - Identified candidate component class: URL [jar:file:/D:/Software/xuecheng/repository/io/springfox/springfox-spring-web/2.9.2/springfox-spring-web-2.9.2.jar!/springfox/documentation/spring/web/readers/operation/OperationResponseClassReader.class]
2025-03-08 15:00:58,451 DEBUG [main][ClassPathScanningCandidateComponentProvider.java:435] - Identified candidate component class: URL [jar:file:/D:/Software/xuecheng/repository/io/springfox/springfox-spring-web/2.9.2/springfox-spring-web-2.9.2.jar!/springfox/documentation/spring/web/readers/operation/OperationResponseClassReader.class]
2025-03-08 15:00:58,452 DEBUG [main][ClassPathScanningCandidateComponentProvider.java:435] - Identified candidate component class: URL [jar:file:/D:/Software/xuecheng/repository/io/springfox/springfox-spring-web/2.9.2/springfox-spring-web-2.9.2.jar!/springfox/documentation/spring/web/readers/operation/CachingOperationNameGenerator.class]
2025-03-08 15:00:58,452 DEBUG [main][ClassPathScanningCandidateComponentProvider.java:435] - Identified candidate component class: URL [jar:file:/D:/Software/xuecheng/repository/io/springfox/springfox-spring-web/2.9.2/springfox-spring-web-2.9.2.jar!/springfox/documentation/spring/web/readers/operation/CachingOperationNameGenerator.class]
2025-03-08 15:00:58,456 DEBUG [main][ClassPathScanningCandidateComponentProvider.java:435] - Identified candidate component class: URL [jar:file:/D:/Software/xuecheng/repository/io/springfox/springfox-spring-web/2.9.2/springfox-spring-web-2.9.2.jar!/springfox/documentation/spring/web/readers/parameter/ParameterMultiplesReader.class]
2025-03-08 15:00:58,456 DEBUG [main][ClassPathScanningCandidateComponentProvider.java:435] - Identified candidate component class: URL [jar:file:/D:/Software/xuecheng/repository/io/springfox/springfox-spring-web/2.9.2/springfox-spring-web-2.9.2.jar!/springfox/documentation/spring/web/readers/parameter/ParameterMultiplesReader.class]
2025-03-08 15:00:58,461 DEBUG [main][ClassPathScanningCandidateComponentProvider.java:435] - Identified candidate component class: URL [jar:file:/D:/Software/xuecheng/repository/io/springfox/springfox-spring-web/2.9.2/springfox-spring-web-2.9.2.jar!/springfox/documentation/spring/web/readers/parameter/ModelAttributeParameterExpander.class]
2025-03-08 15:00:58,461 DEBUG [main][ClassPathScanningCandidateComponentProvider.java:435] - Identified candidate component class: URL [jar:file:/D:/Software/xuecheng/repository/io/springfox/springfox-spring-web/2.9.2/springfox-spring-web-2.9.2.jar!/springfox/documentation/spring/web/readers/parameter/ModelAttributeParameterExpander.class]
2025-03-08 15:00:58,464 DEBUG [main][ClassPathScanningCandidateComponentProvider.java:435] - Identified candidate component class: URL [jar:file:/D:/Software/xuecheng/repository/io/springfox/springfox-spring-web/2.9.2/springfox-spring-web-2.9.2.jar!/springfox/documentation/spring/web/readers/parameter/ParameterTypeReader.class]
2025-03-08 15:00:58,464 DEBUG [main][ClassPathScanningCandidateComponentProvider.java:435] - Identified candidate component class: URL [jar:file:/D:/Software/xuecheng/repository/io/springfox/springfox-spring-web/2.9.2/springfox-spring-web-2.9.2.jar!/springfox/documentation/spring/web/readers/parameter/ParameterTypeReader.class]
2025-03-08 15:00:58,466 DEBUG [main][ClassPathScanningCandidateComponentProvider.java:435] - Identified candidate component class: URL [jar:file:/D:/Software/xuecheng/repository/io/springfox/springfox-spring-web/2.9.2/springfox-spring-web-2.9.2.jar!/springfox/documentation/spring/web/readers/parameter/ParameterRequiredReader.class]
2025-03-08 15:00:58,466 DEBUG [main][ClassPathScanningCandidateComponentProvider.java:435] - Identified candidate component class: URL [jar:file:/D:/Software/xuecheng/repository/io/springfox/springfox-spring-web/2.9.2/springfox-spring-web-2.9.2.jar!/springfox/documentation/spring/web/readers/parameter/ParameterRequiredReader.class]
2025-03-08 15:00:58,472 DEBUG [main][ClassPathScanningCandidateComponentProvider.java:435] - Identified candidate component class: URL [jar:file:/D:/Software/xuecheng/repository/io/springfox/springfox-spring-web/2.9.2/springfox-spring-web-2.9.2.jar!/springfox/documentation/spring/web/readers/parameter/ParameterDataTypeReader.class]
2025-03-08 15:00:58,472 DEBUG [main][ClassPathScanningCandidateComponentProvider.java:435] - Identified candidate component class: URL [jar:file:/D:/Software/xuecheng/repository/io/springfox/springfox-spring-web/2.9.2/springfox-spring-web-2.9.2.jar!/springfox/documentation/spring/web/readers/parameter/ParameterDataTypeReader.class]
2025-03-08 15:00:58,473 DEBUG [main][ClassPathScanningCandidateComponentProvider.java:435] - Identified candidate component class: URL [jar:file:/D:/Software/xuecheng/repository/io/springfox/springfox-spring-web/2.9.2/springfox-spring-web-2.9.2.jar!/springfox/documentation/spring/web/readers/parameter/ParameterDefaultReader.class]
2025-03-08 15:00:58,473 DEBUG [main][ClassPathScanningCandidateComponentProvider.java:435] - Identified candidate component class: URL [jar:file:/D:/Software/xuecheng/repository/io/springfox/springfox-spring-web/2.9.2/springfox-spring-web-2.9.2.jar!/springfox/documentation/spring/web/readers/parameter/ParameterDefaultReader.class]
2025-03-08 15:00:58,476 DEBUG [main][ClassPathScanningCandidateComponentProvider.java:435] - Identified candidate component class: URL [jar:file:/D:/Software/xuecheng/repository/io/springfox/springfox-spring-web/2.9.2/springfox-spring-web-2.9.2.jar!/springfox/documentation/spring/web/readers/parameter/ParameterNameReader.class]
2025-03-08 15:00:58,476 DEBUG [main][ClassPathScanningCandidateComponentProvider.java:435] - Identified candidate component class: URL [jar:file:/D:/Software/xuecheng/repository/io/springfox/springfox-spring-web/2.9.2/springfox-spring-web-2.9.2.jar!/springfox/documentation/spring/web/readers/parameter/ParameterNameReader.class]
2025-03-08 15:00:58,478 DEBUG [main][ClassPathScanningCandidateComponentProvider.java:435] - Identified candidate component class: URL [jar:file:/D:/Software/xuecheng/repository/io/springfox/springfox-spring-web/2.9.2/springfox-spring-web-2.9.2.jar!/springfox/documentation/spring/web/readers/parameter/ExpandedParameterBuilder.class]
2025-03-08 15:00:58,478 DEBUG [main][ClassPathScanningCandidateComponentProvider.java:435] - Identified candidate component class: URL [jar:file:/D:/Software/xuecheng/repository/io/springfox/springfox-spring-web/2.9.2/springfox-spring-web-2.9.2.jar!/springfox/documentation/spring/web/readers/parameter/ExpandedParameterBuilder.class]
2025-03-08 15:00:58,487 DEBUG [main][ClassPathScanningCandidateComponentProvider.java:435] - Identified candidate component class: URL [jar:file:/D:/Software/xuecheng/repository/io/springfox/springfox-spring-web/2.9.2/springfox-spring-web-2.9.2.jar!/springfox/documentation/spring/web/plugins/DocumentationPluginsBootstrapper.class]
2025-03-08 15:00:58,487 DEBUG [main][ClassPathScanningCandidateComponentProvider.java:435] - Identified candidate component class: URL [jar:file:/D:/Software/xuecheng/repository/io/springfox/springfox-spring-web/2.9.2/springfox-spring-web-2.9.2.jar!/springfox/documentation/spring/web/plugins/DocumentationPluginsBootstrapper.class]
2025-03-08 15:00:58,492 DEBUG [main][ClassPathScanningCandidateComponentProvider.java:435] - Identified candidate component class: URL [jar:file:/D:/Software/xuecheng/repository/io/springfox/springfox-spring-web/2.9.2/springfox-spring-web-2.9.2.jar!/springfox/documentation/spring/web/plugins/WebMvcRequestHandlerProvider.class]
2025-03-08 15:00:58,492 DEBUG [main][ClassPathScanningCandidateComponentProvider.java:435] - Identified candidate component class: URL [jar:file:/D:/Software/xuecheng/repository/io/springfox/springfox-spring-web/2.9.2/springfox-spring-web-2.9.2.jar!/springfox/documentation/spring/web/plugins/WebMvcRequestHandlerProvider.class]
2025-03-08 15:00:58,493 DEBUG [main][ClassPathScanningCandidateComponentProvider.java:435] - Identified candidate component class: URL [jar:file:/D:/Software/xuecheng/repository/io/springfox/springfox-spring-web/2.9.2/springfox-spring-web-2.9.2.jar!/springfox/documentation/spring/web/plugins/DocumentationPluginsManager.class]
2025-03-08 15:00:58,493 DEBUG [main][ClassPathScanningCandidateComponentProvider.java:435] - Identified candidate component class: URL [jar:file:/D:/Software/xuecheng/repository/io/springfox/springfox-spring-web/2.9.2/springfox-spring-web-2.9.2.jar!/springfox/documentation/spring/web/plugins/DocumentationPluginsManager.class]
2025-03-08 15:00:58,499 DEBUG [main][ClassPathScanningCandidateComponentProvider.java:435] - Identified candidate component class: URL [jar:file:/D:/Software/xuecheng/repository/io/springfox/springfox-spring-web/2.9.2/springfox-spring-web-2.9.2.jar!/springfox/documentation/spring/web/paths/QueryStringUriTemplateDecorator.class]
2025-03-08 15:00:58,499 DEBUG [main][ClassPathScanningCandidateComponentProvider.java:435] - Identified candidate component class: URL [jar:file:/D:/Software/xuecheng/repository/io/springfox/springfox-spring-web/2.9.2/springfox-spring-web-2.9.2.jar!/springfox/documentation/spring/web/paths/QueryStringUriTemplateDecorator.class]
2025-03-08 15:00:58,500 DEBUG [main][ClassPathScanningCandidateComponentProvider.java:435] - Identified candidate component class: URL [jar:file:/D:/Software/xuecheng/repository/io/springfox/springfox-spring-web/2.9.2/springfox-spring-web-2.9.2.jar!/springfox/documentation/spring/web/paths/PathMappingDecorator.class]
2025-03-08 15:00:58,500 DEBUG [main][ClassPathScanningCandidateComponentProvider.java:435] - Identified candidate component class: URL [jar:file:/D:/Software/xuecheng/repository/io/springfox/springfox-spring-web/2.9.2/springfox-spring-web-2.9.2.jar!/springfox/documentation/spring/web/paths/PathMappingDecorator.class]
2025-03-08 15:00:58,501 DEBUG [main][ClassPathScanningCandidateComponentProvider.java:435] - Identified candidate component class: URL [jar:file:/D:/Software/xuecheng/repository/io/springfox/springfox-spring-web/2.9.2/springfox-spring-web-2.9.2.jar!/springfox/documentation/spring/web/paths/PathSanitizer.class]
2025-03-08 15:00:58,501 DEBUG [main][ClassPathScanningCandidateComponentProvider.java:435] - Identified candidate component class: URL [jar:file:/D:/Software/xuecheng/repository/io/springfox/springfox-spring-web/2.9.2/springfox-spring-web-2.9.2.jar!/springfox/documentation/spring/web/paths/PathSanitizer.class]
2025-03-08 15:00:58,504 DEBUG [main][ClassPathScanningCandidateComponentProvider.java:435] - Identified candidate component class: URL [jar:file:/D:/Software/xuecheng/repository/io/springfox/springfox-spring-web/2.9.2/springfox-spring-web-2.9.2.jar!/springfox/documentation/spring/web/paths/OperationPathDecorator.class]
2025-03-08 15:00:58,504 DEBUG [main][ClassPathScanningCandidateComponentProvider.java:435] - Identified candidate component class: URL [jar:file:/D:/Software/xuecheng/repository/io/springfox/springfox-spring-web/2.9.2/springfox-spring-web-2.9.2.jar!/springfox/documentation/spring/web/paths/OperationPathDecorator.class]
2025-03-08 15:00:58,568 DEBUG [main][ClassPathScanningCandidateComponentProvider.java:435] - Identified candidate component class: URL [jar:file:/D:/Software/xuecheng/repository/io/springfox/springfox-schema/2.9.2/springfox-schema-2.9.2.jar!/springfox/documentation/schema/CachingModelDependencyProvider.class]
2025-03-08 15:00:58,568 DEBUG [main][ClassPathScanningCandidateComponentProvider.java:435] - Identified candidate component class: URL [jar:file:/D:/Software/xuecheng/repository/io/springfox/springfox-schema/2.9.2/springfox-schema-2.9.2.jar!/springfox/documentation/schema/CachingModelDependencyProvider.class]
2025-03-08 15:00:58,571 DEBUG [main][ClassPathScanningCandidateComponentProvider.java:435] - Identified candidate component class: URL [jar:file:/D:/Software/xuecheng/repository/io/springfox/springfox-schema/2.9.2/springfox-schema-2.9.2.jar!/springfox/documentation/schema/TypeNameExtractor.class]
2025-03-08 15:00:58,571 DEBUG [main][ClassPathScanningCandidateComponentProvider.java:435] - Identified candidate component class: URL [jar:file:/D:/Software/xuecheng/repository/io/springfox/springfox-schema/2.9.2/springfox-schema-2.9.2.jar!/springfox/documentation/schema/TypeNameExtractor.class]
2025-03-08 15:00:58,572 DEBUG [main][ClassPathScanningCandidateComponentProvider.java:435] - Identified candidate component class: URL [jar:file:/D:/Software/xuecheng/repository/io/springfox/springfox-schema/2.9.2/springfox-schema-2.9.2.jar!/springfox/documentation/schema/plugins/PropertyDiscriminatorBasedInheritancePlugin.class]
2025-03-08 15:00:58,572 DEBUG [main][ClassPathScanningCandidateComponentProvider.java:435] - Identified candidate component class: URL [jar:file:/D:/Software/xuecheng/repository/io/springfox/springfox-schema/2.9.2/springfox-schema-2.9.2.jar!/springfox/documentation/schema/plugins/PropertyDiscriminatorBasedInheritancePlugin.class]
2025-03-08 15:00:58,575 DEBUG [main][ClassPathScanningCandidateComponentProvider.java:435] - Identified candidate component class: URL [jar:file:/D:/Software/xuecheng/repository/io/springfox/springfox-schema/2.9.2/springfox-schema-2.9.2.jar!/springfox/documentation/schema/plugins/SchemaPluginsManager.class]
2025-03-08 15:00:58,575 DEBUG [main][ClassPathScanningCandidateComponentProvider.java:435] - Identified candidate component class: URL [jar:file:/D:/Software/xuecheng/repository/io/springfox/springfox-schema/2.9.2/springfox-schema-2.9.2.jar!/springfox/documentation/schema/plugins/SchemaPluginsManager.class]
2025-03-08 15:00:58,577 DEBUG [main][ClassPathScanningCandidateComponentProvider.java:435] - Identified candidate component class: URL [jar:file:/D:/Software/xuecheng/repository/io/springfox/springfox-schema/2.9.2/springfox-schema-2.9.2.jar!/springfox/documentation/schema/property/CachingModelPropertiesProvider.class]
2025-03-08 15:00:58,577 DEBUG [main][ClassPathScanningCandidateComponentProvider.java:435] - Identified candidate component class: URL [jar:file:/D:/Software/xuecheng/repository/io/springfox/springfox-schema/2.9.2/springfox-schema-2.9.2.jar!/springfox/documentation/schema/property/CachingModelPropertiesProvider.class]
2025-03-08 15:00:58,579 DEBUG [main][ClassPathScanningCandidateComponentProvider.java:435] - Identified candidate component class: URL [jar:file:/D:/Software/xuecheng/repository/io/springfox/springfox-schema/2.9.2/springfox-schema-2.9.2.jar!/springfox/documentation/schema/property/ObjectMapperBeanPropertyNamingStrategy.class]
2025-03-08 15:00:58,579 DEBUG [main][ClassPathScanningCandidateComponentProvider.java:435] - Identified candidate component class: URL [jar:file:/D:/Software/xuecheng/repository/io/springfox/springfox-schema/2.9.2/springfox-schema-2.9.2.jar!/springfox/documentation/schema/property/ObjectMapperBeanPropertyNamingStrategy.class]
2025-03-08 15:00:58,582 DEBUG [main][ClassPathScanningCandidateComponentProvider.java:435] - Identified candidate component class: URL [jar:file:/D:/Software/xuecheng/repository/io/springfox/springfox-schema/2.9.2/springfox-schema-2.9.2.jar!/springfox/documentation/schema/property/bean/AccessorsProvider.class]
2025-03-08 15:00:58,582 DEBUG [main][ClassPathScanningCandidateComponentProvider.java:435] - Identified candidate component class: URL [jar:file:/D:/Software/xuecheng/repository/io/springfox/springfox-schema/2.9.2/springfox-schema-2.9.2.jar!/springfox/documentation/schema/property/bean/AccessorsProvider.class]
2025-03-08 15:00:58,586 DEBUG [main][ClassPathScanningCandidateComponentProvider.java:435] - Identified candidate component class: URL [jar:file:/D:/Software/xuecheng/repository/io/springfox/springfox-schema/2.9.2/springfox-schema-2.9.2.jar!/springfox/documentation/schema/property/field/FieldProvider.class]
2025-03-08 15:00:58,586 DEBUG [main][ClassPathScanningCandidateComponentProvider.java:435] - Identified candidate component class: URL [jar:file:/D:/Software/xuecheng/repository/io/springfox/springfox-schema/2.9.2/springfox-schema-2.9.2.jar!/springfox/documentation/schema/property/field/FieldProvider.class]
2025-03-08 15:00:58,595 DEBUG [main][ClassPathScanningCandidateComponentProvider.java:435] - Identified candidate component class: URL [jar:file:/D:/Software/xuecheng/repository/io/springfox/springfox-schema/2.9.2/springfox-schema-2.9.2.jar!/springfox/documentation/schema/property/OptimizedModelPropertiesProvider.class]
2025-03-08 15:00:58,595 DEBUG [main][ClassPathScanningCandidateComponentProvider.java:435] - Identified candidate component class: URL [jar:file:/D:/Software/xuecheng/repository/io/springfox/springfox-schema/2.9.2/springfox-schema-2.9.2.jar!/springfox/documentation/schema/property/OptimizedModelPropertiesProvider.class]
2025-03-08 15:00:58,598 DEBUG [main][ClassPathScanningCandidateComponentProvider.java:435] - Identified candidate component class: URL [jar:file:/D:/Software/xuecheng/repository/io/springfox/springfox-schema/2.9.2/springfox-schema-2.9.2.jar!/springfox/documentation/schema/property/FactoryMethodProvider.class]
2025-03-08 15:00:58,598 DEBUG [main][ClassPathScanningCandidateComponentProvider.java:435] - Identified candidate component class: URL [jar:file:/D:/Software/xuecheng/repository/io/springfox/springfox-schema/2.9.2/springfox-schema-2.9.2.jar!/springfox/documentation/schema/property/FactoryMethodProvider.class]
2025-03-08 15:00:58,608 DEBUG [main][ClassPathScanningCandidateComponentProvider.java:435] - Identified candidate component class: URL [jar:file:/D:/Software/xuecheng/repository/io/springfox/springfox-schema/2.9.2/springfox-schema-2.9.2.jar!/springfox/documentation/schema/CachingModelProvider.class]
2025-03-08 15:00:58,608 DEBUG [main][ClassPathScanningCandidateComponentProvider.java:435] - Identified candidate component class: URL [jar:file:/D:/Software/xuecheng/repository/io/springfox/springfox-schema/2.9.2/springfox-schema-2.9.2.jar!/springfox/documentation/schema/CachingModelProvider.class]
2025-03-08 15:00:58,609 DEBUG [main][ClassPathScanningCandidateComponentProvider.java:435] - Identified candidate component class: URL [jar:file:/D:/Software/xuecheng/repository/io/springfox/springfox-schema/2.9.2/springfox-schema-2.9.2.jar!/springfox/documentation/schema/DefaultModelDependencyProvider.class]
2025-03-08 15:00:58,609 DEBUG [main][ClassPathScanningCandidateComponentProvider.java:435] - Identified candidate component class: URL [jar:file:/D:/Software/xuecheng/repository/io/springfox/springfox-schema/2.9.2/springfox-schema-2.9.2.jar!/springfox/documentation/schema/DefaultModelDependencyProvider.class]
2025-03-08 15:00:58,611 DEBUG [main][ClassPathScanningCandidateComponentProvider.java:435] - Identified candidate component class: URL [jar:file:/D:/Software/xuecheng/repository/io/springfox/springfox-schema/2.9.2/springfox-schema-2.9.2.jar!/springfox/documentation/schema/JacksonEnumTypeDeterminer.class]
2025-03-08 15:00:58,611 DEBUG [main][ClassPathScanningCandidateComponentProvider.java:435] - Identified candidate component class: URL [jar:file:/D:/Software/xuecheng/repository/io/springfox/springfox-schema/2.9.2/springfox-schema-2.9.2.jar!/springfox/documentation/schema/JacksonEnumTypeDeterminer.class]
2025-03-08 15:00:58,613 DEBUG [main][ClassPathScanningCandidateComponentProvider.java:435] - Identified candidate component class: URL [jar:file:/D:/Software/xuecheng/repository/io/springfox/springfox-schema/2.9.2/springfox-schema-2.9.2.jar!/springfox/documentation/schema/DefaultModelProvider.class]
2025-03-08 15:00:58,613 DEBUG [main][ClassPathScanningCandidateComponentProvider.java:435] - Identified candidate component class: URL [jar:file:/D:/Software/xuecheng/repository/io/springfox/springfox-schema/2.9.2/springfox-schema-2.9.2.jar!/springfox/documentation/schema/DefaultModelProvider.class]
2025-03-08 15:00:58,643 DEBUG [main][ClassPathScanningCandidateComponentProvider.java:435] - Identified candidate component class: URL [jar:file:/D:/Software/xuecheng/repository/io/springfox/springfox-swagger-common/2.9.2/springfox-swagger-common-2.9.2.jar!/springfox/documentation/swagger/schema/ApiModelPropertyPropertyBuilder.class]
2025-03-08 15:00:58,643 DEBUG [main][ClassPathScanningCandidateComponentProvider.java:435] - Identified candidate component class: URL [jar:file:/D:/Software/xuecheng/repository/io/springfox/springfox-swagger-common/2.9.2/springfox-swagger-common-2.9.2.jar!/springfox/documentation/swagger/schema/ApiModelPropertyPropertyBuilder.class]
2025-03-08 15:00:58,643 DEBUG [main][ClassPathScanningCandidateComponentProvider.java:435] - Identified candidate component class: URL [jar:file:/D:/Software/xuecheng/repository/io/springfox/springfox-swagger-common/2.9.2/springfox-swagger-common-2.9.2.jar!/springfox/documentation/swagger/schema/ApiModelTypeNameProvider.class]
2025-03-08 15:00:58,643 DEBUG [main][ClassPathScanningCandidateComponentProvider.java:435] - Identified candidate component class: URL [jar:file:/D:/Software/xuecheng/repository/io/springfox/springfox-swagger-common/2.9.2/springfox-swagger-common-2.9.2.jar!/springfox/documentation/swagger/schema/ApiModelTypeNameProvider.class]
2025-03-08 15:00:58,644 DEBUG [main][ClassPathScanningCandidateComponentProvider.java:435] - Identified candidate component class: URL [jar:file:/D:/Software/xuecheng/repository/io/springfox/springfox-swagger-common/2.9.2/springfox-swagger-common-2.9.2.jar!/springfox/documentation/swagger/schema/ApiModelBuilder.class]
2025-03-08 15:00:58,644 DEBUG [main][ClassPathScanningCandidateComponentProvider.java:435] - Identified candidate component class: URL [jar:file:/D:/Software/xuecheng/repository/io/springfox/springfox-swagger-common/2.9.2/springfox-swagger-common-2.9.2.jar!/springfox/documentation/swagger/schema/ApiModelBuilder.class]
2025-03-08 15:00:58,651 DEBUG [main][ClassPathScanningCandidateComponentProvider.java:435] - Identified candidate component class: URL [jar:file:/D:/Software/xuecheng/repository/io/springfox/springfox-swagger-common/2.9.2/springfox-swagger-common-2.9.2.jar!/springfox/documentation/swagger/readers/operation/OperationImplicitParameterReader.class]
2025-03-08 15:00:58,651 DEBUG [main][ClassPathScanningCandidateComponentProvider.java:435] - Identified candidate component class: URL [jar:file:/D:/Software/xuecheng/repository/io/springfox/springfox-swagger-common/2.9.2/springfox-swagger-common-2.9.2.jar!/springfox/documentation/swagger/readers/operation/OperationImplicitParameterReader.class]
2025-03-08 15:00:58,652 DEBUG [main][ClassPathScanningCandidateComponentProvider.java:435] - Identified candidate component class: URL [jar:file:/D:/Software/xuecheng/repository/io/springfox/springfox-swagger-common/2.9.2/springfox-swagger-common-2.9.2.jar!/springfox/documentation/swagger/readers/operation/VendorExtensionsReader.class]
2025-03-08 15:00:58,652 DEBUG [main][ClassPathScanningCandidateComponentProvider.java:435] - Identified candidate component class: URL [jar:file:/D:/Software/xuecheng/repository/io/springfox/springfox-swagger-common/2.9.2/springfox-swagger-common-2.9.2.jar!/springfox/documentation/swagger/readers/operation/VendorExtensionsReader.class]
2025-03-08 15:00:58,654 DEBUG [main][ClassPathScanningCandidateComponentProvider.java:435] - Identified candidate component class: URL [jar:file:/D:/Software/xuecheng/repository/io/springfox/springfox-swagger-common/2.9.2/springfox-swagger-common-2.9.2.jar!/springfox/documentation/swagger/readers/operation/SwaggerOperationResponseClassReader.class]
2025-03-08 15:00:58,654 DEBUG [main][ClassPathScanningCandidateComponentProvider.java:435] - Identified candidate component class: URL [jar:file:/D:/Software/xuecheng/repository/io/springfox/springfox-swagger-common/2.9.2/springfox-swagger-common-2.9.2.jar!/springfox/documentation/swagger/readers/operation/SwaggerOperationResponseClassReader.class]
2025-03-08 15:00:58,655 DEBUG [main][ClassPathScanningCandidateComponentProvider.java:435] - Identified candidate component class: URL [jar:file:/D:/Software/xuecheng/repository/io/springfox/springfox-swagger-common/2.9.2/springfox-swagger-common-2.9.2.jar!/springfox/documentation/swagger/readers/operation/SwaggerOperationModelsProvider.class]
2025-03-08 15:00:58,655 DEBUG [main][ClassPathScanningCandidateComponentProvider.java:435] - Identified candidate component class: URL [jar:file:/D:/Software/xuecheng/repository/io/springfox/springfox-swagger-common/2.9.2/springfox-swagger-common-2.9.2.jar!/springfox/documentation/swagger/readers/operation/SwaggerOperationModelsProvider.class]
2025-03-08 15:00:58,657 DEBUG [main][ClassPathScanningCandidateComponentProvider.java:435] - Identified candidate component class: URL [jar:file:/D:/Software/xuecheng/repository/io/springfox/springfox-swagger-common/2.9.2/springfox-swagger-common-2.9.2.jar!/springfox/documentation/swagger/readers/operation/SwaggerMediaTypeReader.class]
2025-03-08 15:00:58,657 DEBUG [main][ClassPathScanningCandidateComponentProvider.java:435] - Identified candidate component class: URL [jar:file:/D:/Software/xuecheng/repository/io/springfox/springfox-swagger-common/2.9.2/springfox-swagger-common-2.9.2.jar!/springfox/documentation/swagger/readers/operation/SwaggerMediaTypeReader.class]
2025-03-08 15:00:58,659 DEBUG [main][ClassPathScanningCandidateComponentProvider.java:435] - Identified candidate component class: URL [jar:file:/D:/Software/xuecheng/repository/io/springfox/springfox-swagger-common/2.9.2/springfox-swagger-common-2.9.2.jar!/springfox/documentation/swagger/readers/operation/OperationHttpMethodReader.class]
2025-03-08 15:00:58,659 DEBUG [main][ClassPathScanningCandidateComponentProvider.java:435] - Identified candidate component class: URL [jar:file:/D:/Software/xuecheng/repository/io/springfox/springfox-swagger-common/2.9.2/springfox-swagger-common-2.9.2.jar!/springfox/documentation/swagger/readers/operation/OperationHttpMethodReader.class]
2025-03-08 15:00:58,661 DEBUG [main][ClassPathScanningCandidateComponentProvider.java:435] - Identified candidate component class: URL [jar:file:/D:/Software/xuecheng/repository/io/springfox/springfox-swagger-common/2.9.2/springfox-swagger-common-2.9.2.jar!/springfox/documentation/swagger/readers/operation/OperationImplicitParametersReader.class]
2025-03-08 15:00:58,661 DEBUG [main][ClassPathScanningCandidateComponentProvider.java:435] - Identified candidate component class: URL [jar:file:/D:/Software/xuecheng/repository/io/springfox/springfox-swagger-common/2.9.2/springfox-swagger-common-2.9.2.jar!/springfox/documentation/swagger/readers/operation/OperationImplicitParametersReader.class]
2025-03-08 15:00:58,662 DEBUG [main][ClassPathScanningCandidateComponentProvider.java:435] - Identified candidate component class: URL [jar:file:/D:/Software/xuecheng/repository/io/springfox/springfox-swagger-common/2.9.2/springfox-swagger-common-2.9.2.jar!/springfox/documentation/swagger/readers/operation/OperationAuthReader.class]
2025-03-08 15:00:58,662 DEBUG [main][ClassPathScanningCandidateComponentProvider.java:435] - Identified candidate component class: URL [jar:file:/D:/Software/xuecheng/repository/io/springfox/springfox-swagger-common/2.9.2/springfox-swagger-common-2.9.2.jar!/springfox/documentation/swagger/readers/operation/OperationAuthReader.class]
2025-03-08 15:00:58,663 DEBUG [main][ClassPathScanningCandidateComponentProvider.java:435] - Identified candidate component class: URL [jar:file:/D:/Software/xuecheng/repository/io/springfox/springfox-swagger-common/2.9.2/springfox-swagger-common-2.9.2.jar!/springfox/documentation/swagger/readers/operation/OperationHiddenReader.class]
2025-03-08 15:00:58,663 DEBUG [main][ClassPathScanningCandidateComponentProvider.java:435] - Identified candidate component class: URL [jar:file:/D:/Software/xuecheng/repository/io/springfox/springfox-swagger-common/2.9.2/springfox-swagger-common-2.9.2.jar!/springfox/documentation/swagger/readers/operation/OperationHiddenReader.class]
2025-03-08 15:00:58,664 DEBUG [main][ClassPathScanningCandidateComponentProvider.java:435] - Identified candidate component class: URL [jar:file:/D:/Software/xuecheng/repository/io/springfox/springfox-swagger-common/2.9.2/springfox-swagger-common-2.9.2.jar!/springfox/documentation/swagger/readers/operation/OperationSummaryReader.class]
2025-03-08 15:00:58,664 DEBUG [main][ClassPathScanningCandidateComponentProvider.java:435] - Identified candidate component class: URL [jar:file:/D:/Software/xuecheng/repository/io/springfox/springfox-swagger-common/2.9.2/springfox-swagger-common-2.9.2.jar!/springfox/documentation/swagger/readers/operation/OperationSummaryReader.class]
2025-03-08 15:00:58,665 DEBUG [main][ClassPathScanningCandidateComponentProvider.java:435] - Identified candidate component class: URL [jar:file:/D:/Software/xuecheng/repository/io/springfox/springfox-swagger-common/2.9.2/springfox-swagger-common-2.9.2.jar!/springfox/documentation/swagger/readers/operation/SwaggerResponseMessageReader.class]
2025-03-08 15:00:58,665 DEBUG [main][ClassPathScanningCandidateComponentProvider.java:435] - Identified candidate component class: URL [jar:file:/D:/Software/xuecheng/repository/io/springfox/springfox-swagger-common/2.9.2/springfox-swagger-common-2.9.2.jar!/springfox/documentation/swagger/readers/operation/SwaggerResponseMessageReader.class]
2025-03-08 15:00:58,666 DEBUG [main][ClassPathScanningCandidateComponentProvider.java:435] - Identified candidate component class: URL [jar:file:/D:/Software/xuecheng/repository/io/springfox/springfox-swagger-common/2.9.2/springfox-swagger-common-2.9.2.jar!/springfox/documentation/swagger/readers/operation/OperationNicknameIntoUniqueIdReader.class]
2025-03-08 15:00:58,666 DEBUG [main][ClassPathScanningCandidateComponentProvider.java:435] - Identified candidate component class: URL [jar:file:/D:/Software/xuecheng/repository/io/springfox/springfox-swagger-common/2.9.2/springfox-swagger-common-2.9.2.jar!/springfox/documentation/swagger/readers/operation/OperationNicknameIntoUniqueIdReader.class]
2025-03-08 15:00:58,666 DEBUG [main][ClassPathScanningCandidateComponentProvider.java:435] - Identified candidate component class: URL [jar:file:/D:/Software/xuecheng/repository/io/springfox/springfox-swagger-common/2.9.2/springfox-swagger-common-2.9.2.jar!/springfox/documentation/swagger/readers/operation/OperationPositionReader.class]
2025-03-08 15:00:58,666 DEBUG [main][ClassPathScanningCandidateComponentProvider.java:435] - Identified candidate component class: URL [jar:file:/D:/Software/xuecheng/repository/io/springfox/springfox-swagger-common/2.9.2/springfox-swagger-common-2.9.2.jar!/springfox/documentation/swagger/readers/operation/OperationPositionReader.class]
2025-03-08 15:00:58,667 DEBUG [main][ClassPathScanningCandidateComponentProvider.java:435] - Identified candidate component class: URL [jar:file:/D:/Software/xuecheng/repository/io/springfox/springfox-swagger-common/2.9.2/springfox-swagger-common-2.9.2.jar!/springfox/documentation/swagger/readers/operation/OperationNotesReader.class]
2025-03-08 15:00:58,667 DEBUG [main][ClassPathScanningCandidateComponentProvider.java:435] - Identified candidate component class: URL [jar:file:/D:/Software/xuecheng/repository/io/springfox/springfox-swagger-common/2.9.2/springfox-swagger-common-2.9.2.jar!/springfox/documentation/swagger/readers/operation/OperationNotesReader.class]
2025-03-08 15:00:58,668 DEBUG [main][ClassPathScanningCandidateComponentProvider.java:435] - Identified candidate component class: URL [jar:file:/D:/Software/xuecheng/repository/io/springfox/springfox-swagger-common/2.9.2/springfox-swagger-common-2.9.2.jar!/springfox/documentation/swagger/readers/operation/SwaggerOperationTagsReader.class]
2025-03-08 15:00:58,668 DEBUG [main][ClassPathScanningCandidateComponentProvider.java:435] - Identified candidate component class: URL [jar:file:/D:/Software/xuecheng/repository/io/springfox/springfox-swagger-common/2.9.2/springfox-swagger-common-2.9.2.jar!/springfox/documentation/swagger/readers/operation/SwaggerOperationTagsReader.class]
2025-03-08 15:00:58,669 DEBUG [main][ClassPathScanningCandidateComponentProvider.java:435] - Identified candidate component class: URL [jar:file:/D:/Software/xuecheng/repository/io/springfox/springfox-swagger-common/2.9.2/springfox-swagger-common-2.9.2.jar!/springfox/documentation/swagger/readers/parameter/ApiParamParameterBuilder.class]
2025-03-08 15:00:58,669 DEBUG [main][ClassPathScanningCandidateComponentProvider.java:435] - Identified candidate component class: URL [jar:file:/D:/Software/xuecheng/repository/io/springfox/springfox-swagger-common/2.9.2/springfox-swagger-common-2.9.2.jar!/springfox/documentation/swagger/readers/parameter/ApiParamParameterBuilder.class]
2025-03-08 15:00:58,671 DEBUG [main][ClassPathScanningCandidateComponentProvider.java:435] - Identified candidate component class: URL [jar:file:/D:/Software/xuecheng/repository/io/springfox/springfox-swagger-common/2.9.2/springfox-swagger-common-2.9.2.jar!/springfox/documentation/swagger/readers/parameter/SwaggerExpandedParameterBuilder.class]
2025-03-08 15:00:58,671 DEBUG [main][ClassPathScanningCandidateComponentProvider.java:435] - Identified candidate component class: URL [jar:file:/D:/Software/xuecheng/repository/io/springfox/springfox-swagger-common/2.9.2/springfox-swagger-common-2.9.2.jar!/springfox/documentation/swagger/readers/parameter/SwaggerExpandedParameterBuilder.class]
2025-03-08 15:00:58,684 DEBUG [main][ClassPathScanningCandidateComponentProvider.java:435] - Identified candidate component class: URL [jar:file:/D:/Software/xuecheng/repository/io/springfox/springfox-swagger-common/2.9.2/springfox-swagger-common-2.9.2.jar!/springfox/documentation/swagger/web/SwaggerApiListingReader.class]
2025-03-08 15:00:58,684 DEBUG [main][ClassPathScanningCandidateComponentProvider.java:435] - Identified candidate component class: URL [jar:file:/D:/Software/xuecheng/repository/io/springfox/springfox-swagger-common/2.9.2/springfox-swagger-common-2.9.2.jar!/springfox/documentation/swagger/web/SwaggerApiListingReader.class]
2025-03-08 15:00:58,690 DEBUG [main][ClassPathScanningCandidateComponentProvider.java:435] - Identified candidate component class: URL [jar:file:/D:/Software/xuecheng/repository/io/springfox/springfox-swagger-common/2.9.2/springfox-swagger-common-2.9.2.jar!/springfox/documentation/swagger/web/ClassOrApiAnnotationResourceGrouping.class]
2025-03-08 15:00:58,690 DEBUG [main][ClassPathScanningCandidateComponentProvider.java:435] - Identified candidate component class: URL [jar:file:/D:/Software/xuecheng/repository/io/springfox/springfox-swagger-common/2.9.2/springfox-swagger-common-2.9.2.jar!/springfox/documentation/swagger/web/ClassOrApiAnnotationResourceGrouping.class]
2025-03-08 15:00:58,691 DEBUG [main][ClassPathScanningCandidateComponentProvider.java:435] - Identified candidate component class: URL [jar:file:/D:/Software/xuecheng/repository/io/springfox/springfox-swagger-common/2.9.2/springfox-swagger-common-2.9.2.jar!/springfox/documentation/swagger/web/InMemorySwaggerResourcesProvider.class]
2025-03-08 15:00:58,691 DEBUG [main][ClassPathScanningCandidateComponentProvider.java:435] - Identified candidate component class: URL [jar:file:/D:/Software/xuecheng/repository/io/springfox/springfox-swagger-common/2.9.2/springfox-swagger-common-2.9.2.jar!/springfox/documentation/swagger/web/InMemorySwaggerResourcesProvider.class]
2025-03-08 15:00:58,692 DEBUG [main][ClassPathScanningCandidateComponentProvider.java:435] - Identified candidate component class: URL [jar:file:/D:/Software/xuecheng/repository/io/springfox/springfox-swagger-common/2.9.2/springfox-swagger-common-2.9.2.jar!/springfox/documentation/swagger/web/ApiResourceController.class]
2025-03-08 15:00:58,692 DEBUG [main][ClassPathScanningCandidateComponentProvider.java:435] - Identified candidate component class: URL [jar:file:/D:/Software/xuecheng/repository/io/springfox/springfox-swagger-common/2.9.2/springfox-swagger-common-2.9.2.jar!/springfox/documentation/swagger/web/ApiResourceController.class]
2025-03-08 15:00:59,023 DEBUG [main][PropertySourcesPropertyResolver.java:115] - Found key 'spring.jmx.enabled' in PropertySource 'configurationProperties' with value of type String
2025-03-08 15:00:59,023 DEBUG [main][PropertySourcesPropertyResolver.java:115] - Found key 'spring.jmx.enabled' in PropertySource 'configurationProperties' with value of type String
2025-03-08 15:00:59,030 DEBUG [main][PropertySourcesPropertyResolver.java:115] - Found key 'spring.datasource.url' in PropertySource 'configurationProperties' with value of type String
2025-03-08 15:00:59,030 DEBUG [main][PropertySourcesPropertyResolver.java:115] - Found key 'spring.datasource.url' in PropertySource 'configurationProperties' with value of type String
2025-03-08 15:00:59,061 DEBUG [main][PropertySourcesPropertyResolver.java:115] - Found key 'spring.jmx.enabled' in PropertySource 'configurationProperties' with value of type String
2025-03-08 15:00:59,061 DEBUG [main][PropertySourcesPropertyResolver.java:115] - Found key 'spring.jmx.enabled' in PropertySource 'configurationProperties' with value of type String
2025-03-08 15:00:59,063 DEBUG [main][PropertySourcesPropertyResolver.java:115] - Found key 'spring.application.admin.enabled' in PropertySource 'configurationProperties' with value of type String
2025-03-08 15:00:59,063 DEBUG [main][PropertySourcesPropertyResolver.java:115] - Found key 'spring.application.admin.enabled' in PropertySource 'configurationProperties' with value of type String
2025-03-08 15:00:59,154 DEBUG [main][PropertySourcesPropertyResolver.java:115] - Found key 'swagger.enabled' in PropertySource 'configurationProperties' with value of type Boolean
2025-03-08 15:00:59,154 DEBUG [main][PropertySourcesPropertyResolver.java:115] - Found key 'swagger.enabled' in PropertySource 'configurationProperties' with value of type Boolean
2025-03-08 15:00:59,170 DEBUG [main][PropertySourcesPropertyResolver.java:115] - Found key 'swagger.enabled' in PropertySource 'configurationProperties' with value of type Boolean
2025-03-08 15:00:59,170 DEBUG [main][PropertySourcesPropertyResolver.java:115] - Found key 'swagger.enabled' in PropertySource 'configurationProperties' with value of type Boolean
2025-03-08 15:00:59,314 DEBUG [main][PropertySourcesPropertyResolver.java:115] - Found key 'spring.jmx.enabled' in PropertySource 'configurationProperties' with value of type String
2025-03-08 15:00:59,314 DEBUG [main][PropertySourcesPropertyResolver.java:115] - Found key 'spring.jmx.enabled' in PropertySource 'configurationProperties' with value of type String
2025-03-08 15:00:59,333 DEBUG [main][PropertySourcesPropertyResolver.java:115] - Found key 'spring.jmx.enabled' in PropertySource 'configurationProperties' with value of type String
2025-03-08 15:00:59,333 DEBUG [main][PropertySourcesPropertyResolver.java:115] - Found key 'spring.jmx.enabled' in PropertySource 'configurationProperties' with value of type String
2025-03-08 15:00:59,340 DEBUG [main][PropertySourcesPropertyResolver.java:115] - Found key 'spring.application.admin.enabled' in PropertySource 'configurationProperties' with value of type String
2025-03-08 15:00:59,340 DEBUG [main][PropertySourcesPropertyResolver.java:115] - Found key 'spring.application.admin.enabled' in PropertySource 'configurationProperties' with value of type String
2025-03-08 15:00:59,451 DEBUG [main][DefaultSingletonBeanRegistry.java:225] - Creating shared instance of singleton bean 'refreshScope'
2025-03-08 15:00:59,451 DEBUG [main][DefaultSingletonBeanRegistry.java:225] - Creating shared instance of singleton bean 'refreshScope'
2025-03-08 15:00:59,454 DEBUG [main][DefaultSingletonBeanRegistry.java:225] - Creating shared instance of singleton bean 'com.xuecheng.content.config.MybatisPlusConfig#MapperScannerRegistrar#0'
2025-03-08 15:00:59,454 DEBUG [main][DefaultSingletonBeanRegistry.java:225] - Creating shared instance of singleton bean 'com.xuecheng.content.config.MybatisPlusConfig#MapperScannerRegistrar#0'
2025-03-08 15:00:59,466 DEBUG [main][DefaultSingletonBeanRegistry.java:225] - Creating shared instance of singleton bean 'org.springframework.cloud.autoconfigure.RefreshAutoConfiguration$RefreshScopeBeanDefinitionEnhancer'
2025-03-08 15:00:59,466 DEBUG [main][DefaultSingletonBeanRegistry.java:225] - Creating shared instance of singleton bean 'org.springframework.cloud.autoconfigure.RefreshAutoConfiguration$RefreshScopeBeanDefinitionEnhancer'
2025-03-08 15:00:59,467 DEBUG [main][DefaultSingletonBeanRegistry.java:225] - Creating shared instance of singleton bean 'propertySourcesPlaceholderConfigurer'
2025-03-08 15:00:59,467 DEBUG [main][DefaultSingletonBeanRegistry.java:225] - Creating shared instance of singleton bean 'propertySourcesPlaceholderConfigurer'
2025-03-08 15:00:59,490 DEBUG [main][LogFactory.java:105] - Logging initialized using 'class org.apache.ibatis.logging.slf4j.Slf4jImpl' adapter.
2025-03-08 15:00:59,490 DEBUG [main][LogFactory.java:105] - Logging initialized using 'class org.apache.ibatis.logging.slf4j.Slf4jImpl' adapter.
2025-03-08 15:00:59,495 DEBUG [main][ClassPathScanningCandidateComponentProvider.java:435] - Identified candidate component class: file [D:\JavaProjects\xuecheng-plus\xuecheng-plus-content\xuecheng-plus-content-service\target\classes\com\xuecheng\content\mapper\CourseBaseMapper.class]
2025-03-08 15:00:59,495 DEBUG [main][ClassPathScanningCandidateComponentProvider.java:435] - Identified candidate component class: file [D:\JavaProjects\xuecheng-plus\xuecheng-plus-content\xuecheng-plus-content-service\target\classes\com\xuecheng\content\mapper\CourseBaseMapper.class]
2025-03-08 15:00:59,496 DEBUG [main][ClassPathScanningCandidateComponentProvider.java:435] - Identified candidate component class: file [D:\JavaProjects\xuecheng-plus\xuecheng-plus-content\xuecheng-plus-content-service\target\classes\com\xuecheng\content\mapper\CourseCategoryMapper.class]
2025-03-08 15:00:59,496 DEBUG [main][ClassPathScanningCandidateComponentProvider.java:435] - Identified candidate component class: file [D:\JavaProjects\xuecheng-plus\xuecheng-plus-content\xuecheng-plus-content-service\target\classes\com\xuecheng\content\mapper\CourseCategoryMapper.class]
2025-03-08 15:00:59,496 DEBUG [main][ClassPathScanningCandidateComponentProvider.java:435] - Identified candidate component class: file [D:\JavaProjects\xuecheng-plus\xuecheng-plus-content\xuecheng-plus-content-service\target\classes\com\xuecheng\content\mapper\CourseMarketMapper.class]
2025-03-08 15:00:59,496 DEBUG [main][ClassPathScanningCandidateComponentProvider.java:435] - Identified candidate component class: file [D:\JavaProjects\xuecheng-plus\xuecheng-plus-content\xuecheng-plus-content-service\target\classes\com\xuecheng\content\mapper\CourseMarketMapper.class]
2025-03-08 15:00:59,496 DEBUG [main][ClassPathScanningCandidateComponentProvider.java:435] - Identified candidate component class: file [D:\JavaProjects\xuecheng-plus\xuecheng-plus-content\xuecheng-plus-content-service\target\classes\com\xuecheng\content\mapper\CoursePublishMapper.class]
2025-03-08 15:00:59,496 DEBUG [main][ClassPathScanningCandidateComponentProvider.java:435] - Identified candidate component class: file [D:\JavaProjects\xuecheng-plus\xuecheng-plus-content\xuecheng-plus-content-service\target\classes\com\xuecheng\content\mapper\CoursePublishMapper.class]
2025-03-08 15:00:59,497 DEBUG [main][ClassPathScanningCandidateComponentProvider.java:435] - Identified candidate component class: file [D:\JavaProjects\xuecheng-plus\xuecheng-plus-content\xuecheng-plus-content-service\target\classes\com\xuecheng\content\mapper\CoursePublishPreMapper.class]
2025-03-08 15:00:59,497 DEBUG [main][ClassPathScanningCandidateComponentProvider.java:435] - Identified candidate component class: file [D:\JavaProjects\xuecheng-plus\xuecheng-plus-content\xuecheng-plus-content-service\target\classes\com\xuecheng\content\mapper\CoursePublishPreMapper.class]
2025-03-08 15:00:59,497 DEBUG [main][ClassPathScanningCandidateComponentProvider.java:435] - Identified candidate component class: file [D:\JavaProjects\xuecheng-plus\xuecheng-plus-content\xuecheng-plus-content-service\target\classes\com\xuecheng\content\mapper\CourseTeacherMapper.class]
2025-03-08 15:00:59,497 DEBUG [main][ClassPathScanningCandidateComponentProvider.java:435] - Identified candidate component class: file [D:\JavaProjects\xuecheng-plus\xuecheng-plus-content\xuecheng-plus-content-service\target\classes\com\xuecheng\content\mapper\CourseTeacherMapper.class]
2025-03-08 15:00:59,498 DEBUG [main][ClassPathScanningCandidateComponentProvider.java:435] - Identified candidate component class: file [D:\JavaProjects\xuecheng-plus\xuecheng-plus-content\xuecheng-plus-content-service\target\classes\com\xuecheng\content\mapper\TeachplanMapper.class]
2025-03-08 15:00:59,498 DEBUG [main][ClassPathScanningCandidateComponentProvider.java:435] - Identified candidate component class: file [D:\JavaProjects\xuecheng-plus\xuecheng-plus-content\xuecheng-plus-content-service\target\classes\com\xuecheng\content\mapper\TeachplanMapper.class]
2025-03-08 15:00:59,498 DEBUG [main][ClassPathScanningCandidateComponentProvider.java:435] - Identified candidate component class: file [D:\JavaProjects\xuecheng-plus\xuecheng-plus-content\xuecheng-plus-content-service\target\classes\com\xuecheng\content\mapper\TeachplanMediaMapper.class]
2025-03-08 15:00:59,498 DEBUG [main][ClassPathScanningCandidateComponentProvider.java:435] - Identified candidate component class: file [D:\JavaProjects\xuecheng-plus\xuecheng-plus-content\xuecheng-plus-content-service\target\classes\com\xuecheng\content\mapper\TeachplanMediaMapper.class]
2025-03-08 15:00:59,499 DEBUG [main][Logger.java:49] - Creating MapperFactoryBean with name 'courseBaseMapper' and 'com.xuecheng.content.mapper.CourseBaseMapper' mapperInterface
2025-03-08 15:00:59,499 DEBUG [main][Logger.java:49] - Creating MapperFactoryBean with name 'courseBaseMapper' and 'com.xuecheng.content.mapper.CourseBaseMapper' mapperInterface
2025-03-08 15:00:59,499 DEBUG [main][Logger.java:49] - Enabling autowire by type for MapperFactoryBean with name 'courseBaseMapper'.
2025-03-08 15:00:59,499 DEBUG [main][Logger.java:49] - Enabling autowire by type for MapperFactoryBean with name 'courseBaseMapper'.
2025-03-08 15:00:59,499 DEBUG [main][Logger.java:49] - Creating MapperFactoryBean with name 'courseCategoryMapper' and 'com.xuecheng.content.mapper.CourseCategoryMapper' mapperInterface
2025-03-08 15:00:59,499 DEBUG [main][Logger.java:49] - Creating MapperFactoryBean with name 'courseCategoryMapper' and 'com.xuecheng.content.mapper.CourseCategoryMapper' mapperInterface
2025-03-08 15:00:59,500 DEBUG [main][Logger.java:49] - Enabling autowire by type for MapperFactoryBean with name 'courseCategoryMapper'.
2025-03-08 15:00:59,500 DEBUG [main][Logger.java:49] - Enabling autowire by type for MapperFactoryBean with name 'courseCategoryMapper'.
2025-03-08 15:00:59,500 DEBUG [main][Logger.java:49] - Creating MapperFactoryBean with name 'courseMarketMapper' and 'com.xuecheng.content.mapper.CourseMarketMapper' mapperInterface
2025-03-08 15:00:59,500 DEBUG [main][Logger.java:49] - Creating MapperFactoryBean with name 'courseMarketMapper' and 'com.xuecheng.content.mapper.CourseMarketMapper' mapperInterface
2025-03-08 15:00:59,500 DEBUG [main][Logger.java:49] - Enabling autowire by type for MapperFactoryBean with name 'courseMarketMapper'.
2025-03-08 15:00:59,500 DEBUG [main][Logger.java:49] - Enabling autowire by type for MapperFactoryBean with name 'courseMarketMapper'.
2025-03-08 15:00:59,500 DEBUG [main][Logger.java:49] - Creating MapperFactoryBean with name 'coursePublishMapper' and 'com.xuecheng.content.mapper.CoursePublishMapper' mapperInterface
2025-03-08 15:00:59,500 DEBUG [main][Logger.java:49] - Creating MapperFactoryBean with name 'coursePublishMapper' and 'com.xuecheng.content.mapper.CoursePublishMapper' mapperInterface
2025-03-08 15:00:59,500 DEBUG [main][Logger.java:49] - Enabling autowire by type for MapperFactoryBean with name 'coursePublishMapper'.
2025-03-08 15:00:59,500 DEBUG [main][Logger.java:49] - Enabling autowire by type for MapperFactoryBean with name 'coursePublishMapper'.
2025-03-08 15:00:59,500 DEBUG [main][Logger.java:49] - Creating MapperFactoryBean with name 'coursePublishPreMapper' and 'com.xuecheng.content.mapper.CoursePublishPreMapper' mapperInterface
2025-03-08 15:00:59,500 DEBUG [main][Logger.java:49] - Creating MapperFactoryBean with name 'coursePublishPreMapper' and 'com.xuecheng.content.mapper.CoursePublishPreMapper' mapperInterface
2025-03-08 15:00:59,500 DEBUG [main][Logger.java:49] - Enabling autowire by type for MapperFactoryBean with name 'coursePublishPreMapper'.
2025-03-08 15:00:59,500 DEBUG [main][Logger.java:49] - Enabling autowire by type for MapperFactoryBean with name 'coursePublishPreMapper'.
2025-03-08 15:00:59,500 DEBUG [main][Logger.java:49] - Creating MapperFactoryBean with name 'courseTeacherMapper' and 'com.xuecheng.content.mapper.CourseTeacherMapper' mapperInterface
2025-03-08 15:00:59,500 DEBUG [main][Logger.java:49] - Creating MapperFactoryBean with name 'courseTeacherMapper' and 'com.xuecheng.content.mapper.CourseTeacherMapper' mapperInterface
2025-03-08 15:00:59,501 DEBUG [main][Logger.java:49] - Enabling autowire by type for MapperFactoryBean with name 'courseTeacherMapper'.
2025-03-08 15:00:59,501 DEBUG [main][Logger.java:49] - Enabling autowire by type for MapperFactoryBean with name 'courseTeacherMapper'.
2025-03-08 15:00:59,501 DEBUG [main][Logger.java:49] - Creating MapperFactoryBean with name 'teachplanMapper' and 'com.xuecheng.content.mapper.TeachplanMapper' mapperInterface
2025-03-08 15:00:59,501 DEBUG [main][Logger.java:49] - Creating MapperFactoryBean with name 'teachplanMapper' and 'com.xuecheng.content.mapper.TeachplanMapper' mapperInterface
2025-03-08 15:00:59,502 DEBUG [main][Logger.java:49] - Enabling autowire by type for MapperFactoryBean with name 'teachplanMapper'.
2025-03-08 15:00:59,502 DEBUG [main][Logger.java:49] - Enabling autowire by type for MapperFactoryBean with name 'teachplanMapper'.
2025-03-08 15:00:59,502 DEBUG [main][Logger.java:49] - Creating MapperFactoryBean with name 'teachplanMediaMapper' and 'com.xuecheng.content.mapper.TeachplanMediaMapper' mapperInterface
2025-03-08 15:00:59,502 DEBUG [main][Logger.java:49] - Creating MapperFactoryBean with name 'teachplanMediaMapper' and 'com.xuecheng.content.mapper.TeachplanMediaMapper' mapperInterface
2025-03-08 15:00:59,502 DEBUG [main][Logger.java:49] - Enabling autowire by type for MapperFactoryBean with name 'teachplanMediaMapper'.
2025-03-08 15:00:59,502 DEBUG [main][Logger.java:49] - Enabling autowire by type for MapperFactoryBean with name 'teachplanMediaMapper'.
2025-03-08 15:00:59,680 DEBUG [main][GenericScope.java:291] - Generating bean factory id from names: [accessorsProvider, apiDescriptionLookup, apiDescriptionReader, apiDocumentationScanner, apiListingBuilderPluginRegistry, apiListingReader, apiListingReferenceScanner, apiListingScanner, apiListingScannerPluginRegistry, apiModelBuilder, apiModelPropertyPropertyBuilder, apiModelReader, apiModelTypeNameProvider, apiOperationReader, apiResourceController, applicationAvailability, applicationTaskExecutor, basicErrorController, beanNameHandlerMapping, beanNameViewResolver, bootstrapApplicationListener.BootstrapMarkerConfiguration, cachingModelDependencyProvider, cachingModelPropertiesProvider, cachingModelProvider, cachingOperationNameGenerator, cachingOperationReader, characterEncodingFilter, classOrApiAnnotationResourceGrouping, com.baomidou.mybatisplus.autoconfigure.MybatisPlusAutoConfiguration, com.baomidou.mybatisplus.autoconfigure.MybatisPlusLanguageDriverAutoConfiguration, com.spring4all.swagger.Swagger2Configuration, com.spring4all.swagger.SwaggerAutoConfiguration, com.xuecheng.content.config.MybatisPlusConfig#MapperScannerRegistrar#0, configurationPropertiesBeans, configurationPropertiesRebinder, contentApplication, contextRefresher, conventionErrorViewResolver, courseBaseInfoController, courseBaseInfoServiceImpl, courseBaseMapper, courseCategoryController, courseCategoryMapper, courseCategoryServiceImpl, courseMarketMapper, coursePublishMapper, coursePublishPreMapper, courseTeacherMapper, createRestApi, dataSource, dataSourceInitializerPostProcessor, decimalMinMaxPlugin, defaultModelDependencyProvider, defaultModelProvider, defaultOperationReader, defaultServletHandlerMapping, defaultTagsProvider, defaultValidator, defaultViewResolver, defaults, defaultsProviderPluginRegistry, descriptionResolver, dispatcherServlet, dispatcherServletRegistration, documentationPluginRegistry, documentationPluginsBootstrapper, documentationPluginsManager, environmentManager, error, errorAttributes, errorPageCustomizer, errorPageRegistrarBeanPostProcessor, expandedParameterBuilder, expandedParameterBuilderPluginRegistry, expanderMinMax, expanderNotNull, expanderPattern, expanderSize, factoryMethodProvider, fieldProvider, formContentFilter, globalExceptionHandler, handlerExceptionResolver, handlerFunctionAdapter, hikariPoolDataSourceMetadataProvider, httpRequestHandlerAdapter, inMemorySwaggerResourcesProvider, jackson2ObjectMapperBuilderCustomizer, jacksonEnumTypeDeterminer, jacksonObjectMapper, jacksonObjectMapperBuilder, jdbcTemplate, jsonComponentModule, jsonSerializer, licenseMapperImpl, lifecycleProcessor, localDateTimeConfig, localDateTimeDeserializer, localDateTimeSerializer, localeCharsetMappingsCustomizer, loggingRebinder, mappingJackson2HttpMessageConverter, mbeanExporter, mbeanServer, mediaTypeReader, messageConverters, methodResolver, methodValidationPostProcessor, minMaxPlugin, modelAttributeParameterExpander, modelBuilderPluginRegistry, modelMapperImpl, modelPropertyBuilderPluginRegistry, multipartConfigElement, multipartResolver, mvcContentNegotiationManager, mvcConversionService, mvcHandlerMappingIntrospector, mvcPathMatcher, mvcResourceUrlProvider, mvcUriComponentsContributor, mvcUrlPathHelper, mvcValidator, mvcViewResolver, mybatis-plus-com.baomidou.mybatisplus.autoconfigure.MybatisPlusProperties, mybatisPlusConfig, mybatisPlusInterceptor, namedParameterJdbcTemplate, notNullPlugin, objectMapperBeanPropertyNamingStrategy, objectMapperConfigurer, objectNamingStrategy, operationAuthReader, operationBuilderPluginRegistry, operationDeprecatedReader, operationHiddenReader, operationHttpMethodReader, operationImplicitParameterReader, operationImplicitParametersReader, operationModelsProvider, operationModelsProviderPluginRegistry, operationNicknameIntoUniqueIdReader, operationNotesReader, operationParameterHeadersConditionReader, operationParameterReader, operationParameterRequestConditionReader, operationPathDecorator, operationPositionReader, operationResponseClassReader, operationSummaryReader, operationTagsReader, optimized, org.springframework.aop.config.internalAutoProxyCreator, org.springframework.boot.autoconfigure.AutoConfigurationPackages, org.springframework.boot.autoconfigure.admin.SpringApplicationAdminJmxAutoConfiguration, org.springframework.boot.autoconfigure.aop.AopAutoConfiguration, org.springframework.boot.autoconfigure.aop.AopAutoConfiguration$ClassProxyingConfiguration, org.springframework.boot.autoconfigure.availability.ApplicationAvailabilityAutoConfiguration, org.springframework.boot.autoconfigure.context.ConfigurationPropertiesAutoConfiguration, org.springframework.boot.autoconfigure.context.LifecycleAutoConfiguration, org.springframework.boot.autoconfigure.context.PropertyPlaceholderAutoConfiguration, org.springframework.boot.autoconfigure.dao.PersistenceExceptionTranslationAutoConfiguration, org.springframework.boot.autoconfigure.http.HttpMessageConvertersAutoConfiguration, org.springframework.boot.autoconfigure.http.HttpMessageConvertersAutoConfiguration$StringHttpMessageConverterConfiguration, org.springframework.boot.autoconfigure.http.JacksonHttpMessageConvertersConfiguration, org.springframework.boot.autoconfigure.http.JacksonHttpMessageConvertersConfiguration$MappingJackson2HttpMessageConverterConfiguration, org.springframework.boot.autoconfigure.info.ProjectInfoAutoConfiguration, org.springframework.boot.autoconfigure.internalCachingMetadataReaderFactory, org.springframework.boot.autoconfigure.jackson.JacksonAutoConfiguration, org.springframework.boot.autoconfigure.jackson.JacksonAutoConfiguration$Jackson2ObjectMapperBuilderCustomizerConfiguration, org.springframework.boot.autoconfigure.jackson.JacksonAutoConfiguration$JacksonObjectMapperBuilderConfiguration, org.springframework.boot.autoconfigure.jackson.JacksonAutoConfiguration$JacksonObjectMapperConfiguration, org.springframework.boot.autoconfigure.jackson.JacksonAutoConfiguration$ParameterNamesModuleConfiguration, org.springframework.boot.autoconfigure.jdbc.DataSourceAutoConfiguration, org.springframework.boot.autoconfigure.jdbc.DataSourceAutoConfiguration$PooledDataSourceConfiguration, org.springframework.boot.autoconfigure.jdbc.DataSourceConfiguration$Hikari, org.springframework.boot.autoconfigure.jdbc.DataSourceInitializationConfiguration, org.springframework.boot.autoconfigure.jdbc.DataSourceInitializerInvoker, org.springframework.boot.autoconfigure.jdbc.DataSourceJmxConfiguration, org.springframework.boot.autoconfigure.jdbc.DataSourceJmxConfiguration$Hikari, org.springframework.boot.autoconfigure.jdbc.DataSourceTransactionManagerAutoConfiguration, org.springframework.boot.autoconfigure.jdbc.DataSourceTransactionManagerAutoConfiguration$DataSourceTransactionManagerConfiguration, org.springframework.boot.autoconfigure.jdbc.JdbcTemplateAutoConfiguration, org.springframework.boot.autoconfigure.jdbc.JdbcTemplateConfiguration, org.springframework.boot.autoconfigure.jdbc.NamedParameterJdbcTemplateConfiguration, org.springframework.boot.autoconfigure.jdbc.metadata.DataSourcePoolMetadataProvidersConfiguration, org.springframework.boot.autoconfigure.jdbc.metadata.DataSourcePoolMetadataProvidersConfiguration$HikariPoolDataSourceMetadataProviderConfiguration, org.springframework.boot.autoconfigure.jmx.JmxAutoConfiguration, org.springframework.boot.autoconfigure.task.TaskExecutionAutoConfiguration, org.springframework.boot.autoconfigure.task.TaskSchedulingAutoConfiguration, org.springframework.boot.autoconfigure.transaction.TransactionAutoConfiguration, org.springframework.boot.autoconfigure.transaction.TransactionAutoConfiguration$EnableTransactionManagementConfiguration, org.springframework.boot.autoconfigure.transaction.TransactionAutoConfiguration$EnableTransactionManagementConfiguration$CglibAutoProxyConfiguration, org.springframework.boot.autoconfigure.transaction.TransactionAutoConfiguration$TransactionTemplateConfiguration, org.springframework.boot.autoconfigure.validation.ValidationAutoConfiguration, org.springframework.boot.autoconfigure.web.client.RestTemplateAutoConfiguration, org.springframework.boot.autoconfigure.web.embedded.EmbeddedWebServerFactoryCustomizerAutoConfiguration, org.springframework.boot.autoconfigure.web.embedded.EmbeddedWebServerFactoryCustomizerAutoConfiguration$TomcatWebServerFactoryCustomizerConfiguration, org.springframework.boot.autoconfigure.web.servlet.DispatcherServletAutoConfiguration, org.springframework.boot.autoconfigure.web.servlet.DispatcherServletAutoConfiguration$DispatcherServletConfiguration, org.springframework.boot.autoconfigure.web.servlet.DispatcherServletAutoConfiguration$DispatcherServletRegistrationConfiguration, org.springframework.boot.autoconfigure.web.servlet.HttpEncodingAutoConfiguration, org.springframework.boot.autoconfigure.web.servlet.MultipartAutoConfiguration, org.springframework.boot.autoconfigure.web.servlet.ServletWebServerFactoryAutoConfiguration, org.springframework.boot.autoconfigure.web.servlet.ServletWebServerFactoryConfiguration$EmbeddedTomcat, org.springframework.boot.autoconfigure.web.servlet.WebMvcAutoConfiguration, org.springframework.boot.autoconfigure.web.servlet.WebMvcAutoConfiguration$EnableWebMvcConfiguration, org.springframework.boot.autoconfigure.web.servlet.WebMvcAutoConfiguration$WebMvcAutoConfigurationAdapter, org.springframework.boot.autoconfigure.web.servlet.error.ErrorMvcAutoConfiguration, org.springframework.boot.autoconfigure.web.servlet.error.ErrorMvcAutoConfiguration$DefaultErrorViewResolverConfiguration, org.springframework.boot.autoconfigure.web.servlet.error.ErrorMvcAutoConfiguration$WhitelabelErrorViewConfiguration, org.springframework.boot.autoconfigure.websocket.servlet.WebSocketServletAutoConfiguration, org.springframework.boot.autoconfigure.websocket.servlet.WebSocketServletAutoConfiguration$TomcatWebSocketConfiguration, org.springframework.boot.context.internalConfigurationPropertiesBinder, org.springframework.boot.context.internalConfigurationPropertiesBinderFactory, org.springframework.boot.context.properties.BoundConfigurationProperties, org.springframework.boot.context.properties.ConfigurationBeanFactoryMetadata, org.springframework.boot.context.properties.ConfigurationPropertiesBindingPostProcessor, org.springframework.cloud.autoconfigure.ConfigurationPropertiesRebinderAutoConfiguration, org.springframework.cloud.autoconfigure.LifecycleMvcEndpointAutoConfiguration, org.springframework.cloud.autoconfigure.RefreshAutoConfiguration, org.springframework.cloud.autoconfigure.RefreshAutoConfiguration$RefreshScopeBeanDefinitionEnhancer, org.springframework.context.annotation.internalAutowiredAnnotationProcessor, org.springframework.context.annotation.internalCommonAnnotationProcessor, org.springframework.context.annotation.internalConfigurationAnnotationProcessor, org.springframework.context.event.internalEventListenerFactory, org.springframework.context.event.internalEventListenerProcessor, org.springframework.transaction.annotation.ProxyTransactionManagementConfiguration, org.springframework.transaction.config.internalTransactionAdvisor, org.springframework.transaction.config.internalTransactionalEventListenerFactory, parameterBuilderPluginRegistry, parameterDataTypeReader, parameterDefaultReader, parameterMapperImpl, parameterMinMax, parameterMultiplesReader, parameterNameReader, parameterNamesModule, parameterNotNull, parameterPattern, parameterRequiredReader, parameterSize, parameterTypeReader, pathDecoratorRegistry, pathMappingDecorator, pathSanitizer, patternPlugin, persistenceExceptionTranslationPostProcessor, platformTransactionManagerCustomizers, preserveErrorControllerTargetClassPostProcessor, propertyDiscriminatorBasedInheritancePlugin, propertySourcesPlaceholderConfigurer, queryStringUriTemplateDecorator, refreshEventListener, refreshScope, requestContextFilter, requestMappingHandlerAdapter, requestMappingHandlerMapping, resourceGroupCache, resourceGroupingStrategyRegistry, resourceHandlerMapping, responseMessagesReader, restTemplateBuilder, routerFunctionMapping, schemaPluginsManager, securityMapperImpl, server-org.springframework.boot.autoconfigure.web.ServerProperties, serviceModelToSwagger2MapperImpl, servletWebServerFactoryCustomizer, simpleControllerHandlerAdapter, sizePlugin, spring.datasource-org.springframework.boot.autoconfigure.jdbc.DataSourceProperties, spring.info-org.springframework.boot.autoconfigure.info.ProjectInfoProperties, spring.jackson-org.springframework.boot.autoconfigure.jackson.JacksonProperties, spring.jdbc-org.springframework.boot.autoconfigure.jdbc.JdbcProperties, spring.lifecycle-org.springframework.boot.autoconfigure.context.LifecycleProperties, spring.mvc-org.springframework.boot.autoconfigure.web.servlet.WebMvcProperties, spring.resources-org.springframework.boot.autoconfigure.web.ResourceProperties, spring.servlet.multipart-org.springframework.boot.autoconfigure.web.servlet.MultipartProperties, spring.task.execution-org.springframework.boot.autoconfigure.task.TaskExecutionProperties, spring.task.scheduling-org.springframework.boot.autoconfigure.task.TaskSchedulingProperties, spring.transaction-org.springframework.boot.autoconfigure.transaction.TransactionProperties, springApplicationAdminRegistrar, springfox.bean.validators.configuration.BeanValidatorPluginsConfiguration, springfox.documentation.schema.configuration.ModelsConfiguration, springfox.documentation.spring.web.SpringfoxWebMvcConfiguration, springfox.documentation.swagger.configuration.SwaggerCommonConfiguration, springfox.documentation.swagger2.configuration.Swagger2DocumentationConfiguration, sqlSessionFactory, sqlSessionTemplate, standardJacksonObjectMapperBuilderCustomizer, stringHttpMessageConverter, swagger2ControllerMapping, swagger2Module, swaggerApiListingReader, swaggerExpandedParameterBuilder, swaggerMediaTypeReader, swaggerOperationModelsProvider, swaggerOperationResponseClassReader, swaggerOperationTagsReader, swaggerParameterDescriptionReader, swaggerProperties, swaggerResponseMessageReader, syntheticModelProviderPluginRegistry, taskExecutorBuilder, taskSchedulerBuilder, teachplanMapper, teachplanMediaMapper, tomcatServletWebServerFactory, tomcatServletWebServerFactoryCustomizer, tomcatWebServerFactoryCustomizer, transactionAttributeSource, transactionInterceptor, transactionManager, transactionTemplate, typeNameExtractor, typeNameProviderPluginRegistry, typeResolver, uiConfiguration, vendorExtensionsMapperImpl, vendorExtensionsReader, viewControllerHandlerMapping, viewResolver, webMvcRequestHandlerProvider, webServerFactoryCustomizerBeanPostProcessor, websocketServletWebServerCustomizer, welcomePageHandlerMapping]
2025-03-08 15:00:59,680 DEBUG [main][GenericScope.java:291] - Generating bean factory id from names: [accessorsProvider, apiDescriptionLookup, apiDescriptionReader, apiDocumentationScanner, apiListingBuilderPluginRegistry, apiListingReader, apiListingReferenceScanner, apiListingScanner, apiListingScannerPluginRegistry, apiModelBuilder, apiModelPropertyPropertyBuilder, apiModelReader, apiModelTypeNameProvider, apiOperationReader, apiResourceController, applicationAvailability, applicationTaskExecutor, basicErrorController, beanNameHandlerMapping, beanNameViewResolver, bootstrapApplicationListener.BootstrapMarkerConfiguration, cachingModelDependencyProvider, cachingModelPropertiesProvider, cachingModelProvider, cachingOperationNameGenerator, cachingOperationReader, characterEncodingFilter, classOrApiAnnotationResourceGrouping, com.baomidou.mybatisplus.autoconfigure.MybatisPlusAutoConfiguration, com.baomidou.mybatisplus.autoconfigure.MybatisPlusLanguageDriverAutoConfiguration, com.spring4all.swagger.Swagger2Configuration, com.spring4all.swagger.SwaggerAutoConfiguration, com.xuecheng.content.config.MybatisPlusConfig#MapperScannerRegistrar#0, configurationPropertiesBeans, configurationPropertiesRebinder, contentApplication, contextRefresher, conventionErrorViewResolver, courseBaseInfoController, courseBaseInfoServiceImpl, courseBaseMapper, courseCategoryController, courseCategoryMapper, courseCategoryServiceImpl, courseMarketMapper, coursePublishMapper, coursePublishPreMapper, courseTeacherMapper, createRestApi, dataSource, dataSourceInitializerPostProcessor, decimalMinMaxPlugin, defaultModelDependencyProvider, defaultModelProvider, defaultOperationReader, defaultServletHandlerMapping, defaultTagsProvider, defaultValidator, defaultViewResolver, defaults, defaultsProviderPluginRegistry, descriptionResolver, dispatcherServlet, dispatcherServletRegistration, documentationPluginRegistry, documentationPluginsBootstrapper, documentationPluginsManager, environmentManager, error, errorAttributes, errorPageCustomizer, errorPageRegistrarBeanPostProcessor, expandedParameterBuilder, expandedParameterBuilderPluginRegistry, expanderMinMax, expanderNotNull, expanderPattern, expanderSize, factoryMethodProvider, fieldProvider, formContentFilter, globalExceptionHandler, handlerExceptionResolver, handlerFunctionAdapter, hikariPoolDataSourceMetadataProvider, httpRequestHandlerAdapter, inMemorySwaggerResourcesProvider, jackson2ObjectMapperBuilderCustomizer, jacksonEnumTypeDeterminer, jacksonObjectMapper, jacksonObjectMapperBuilder, jdbcTemplate, jsonComponentModule, jsonSerializer, licenseMapperImpl, lifecycleProcessor, localDateTimeConfig, localDateTimeDeserializer, localDateTimeSerializer, localeCharsetMappingsCustomizer, loggingRebinder, mappingJackson2HttpMessageConverter, mbeanExporter, mbeanServer, mediaTypeReader, messageConverters, methodResolver, methodValidationPostProcessor, minMaxPlugin, modelAttributeParameterExpander, modelBuilderPluginRegistry, modelMapperImpl, modelPropertyBuilderPluginRegistry, multipartConfigElement, multipartResolver, mvcContentNegotiationManager, mvcConversionService, mvcHandlerMappingIntrospector, mvcPathMatcher, mvcResourceUrlProvider, mvcUriComponentsContributor, mvcUrlPathHelper, mvcValidator, mvcViewResolver, mybatis-plus-com.baomidou.mybatisplus.autoconfigure.MybatisPlusProperties, mybatisPlusConfig, mybatisPlusInterceptor, namedParameterJdbcTemplate, notNullPlugin, objectMapperBeanPropertyNamingStrategy, objectMapperConfigurer, objectNamingStrategy, operationAuthReader, operationBuilderPluginRegistry, operationDeprecatedReader, operationHiddenReader, operationHttpMethodReader, operationImplicitParameterReader, operationImplicitParametersReader, operationModelsProvider, operationModelsProviderPluginRegistry, operationNicknameIntoUniqueIdReader, operationNotesReader, operationParameterHeadersConditionReader, operationParameterReader, operationParameterRequestConditionReader, operationPathDecorator, operationPositionReader, operationResponseClassReader, operationSummaryReader, operationTagsReader, optimized, org.springframework.aop.config.internalAutoProxyCreator, org.springframework.boot.autoconfigure.AutoConfigurationPackages, org.springframework.boot.autoconfigure.admin.SpringApplicationAdminJmxAutoConfiguration, org.springframework.boot.autoconfigure.aop.AopAutoConfiguration, org.springframework.boot.autoconfigure.aop.AopAutoConfiguration$ClassProxyingConfiguration, org.springframework.boot.autoconfigure.availability.ApplicationAvailabilityAutoConfiguration, org.springframework.boot.autoconfigure.context.ConfigurationPropertiesAutoConfiguration, org.springframework.boot.autoconfigure.context.LifecycleAutoConfiguration, org.springframework.boot.autoconfigure.context.PropertyPlaceholderAutoConfiguration, org.springframework.boot.autoconfigure.dao.PersistenceExceptionTranslationAutoConfiguration, org.springframework.boot.autoconfigure.http.HttpMessageConvertersAutoConfiguration, org.springframework.boot.autoconfigure.http.HttpMessageConvertersAutoConfiguration$StringHttpMessageConverterConfiguration, org.springframework.boot.autoconfigure.http.JacksonHttpMessageConvertersConfiguration, org.springframework.boot.autoconfigure.http.JacksonHttpMessageConvertersConfiguration$MappingJackson2HttpMessageConverterConfiguration, org.springframework.boot.autoconfigure.info.ProjectInfoAutoConfiguration, org.springframework.boot.autoconfigure.internalCachingMetadataReaderFactory, org.springframework.boot.autoconfigure.jackson.JacksonAutoConfiguration, org.springframework.boot.autoconfigure.jackson.JacksonAutoConfiguration$Jackson2ObjectMapperBuilderCustomizerConfiguration, org.springframework.boot.autoconfigure.jackson.JacksonAutoConfiguration$JacksonObjectMapperBuilderConfiguration, org.springframework.boot.autoconfigure.jackson.JacksonAutoConfiguration$JacksonObjectMapperConfiguration, org.springframework.boot.autoconfigure.jackson.JacksonAutoConfiguration$ParameterNamesModuleConfiguration, org.springframework.boot.autoconfigure.jdbc.DataSourceAutoConfiguration, org.springframework.boot.autoconfigure.jdbc.DataSourceAutoConfiguration$PooledDataSourceConfiguration, org.springframework.boot.autoconfigure.jdbc.DataSourceConfiguration$Hikari, org.springframework.boot.autoconfigure.jdbc.DataSourceInitializationConfiguration, org.springframework.boot.autoconfigure.jdbc.DataSourceInitializerInvoker, org.springframework.boot.autoconfigure.jdbc.DataSourceJmxConfiguration, org.springframework.boot.autoconfigure.jdbc.DataSourceJmxConfiguration$Hikari, org.springframework.boot.autoconfigure.jdbc.DataSourceTransactionManagerAutoConfiguration, org.springframework.boot.autoconfigure.jdbc.DataSourceTransactionManagerAutoConfiguration$DataSourceTransactionManagerConfiguration, org.springframework.boot.autoconfigure.jdbc.JdbcTemplateAutoConfiguration, org.springframework.boot.autoconfigure.jdbc.JdbcTemplateConfiguration, org.springframework.boot.autoconfigure.jdbc.NamedParameterJdbcTemplateConfiguration, org.springframework.boot.autoconfigure.jdbc.metadata.DataSourcePoolMetadataProvidersConfiguration, org.springframework.boot.autoconfigure.jdbc.metadata.DataSourcePoolMetadataProvidersConfiguration$HikariPoolDataSourceMetadataProviderConfiguration, org.springframework.boot.autoconfigure.jmx.JmxAutoConfiguration, org.springframework.boot.autoconfigure.task.TaskExecutionAutoConfiguration, org.springframework.boot.autoconfigure.task.TaskSchedulingAutoConfiguration, org.springframework.boot.autoconfigure.transaction.TransactionAutoConfiguration, org.springframework.boot.autoconfigure.transaction.TransactionAutoConfiguration$EnableTransactionManagementConfiguration, org.springframework.boot.autoconfigure.transaction.TransactionAutoConfiguration$EnableTransactionManagementConfiguration$CglibAutoProxyConfiguration, org.springframework.boot.autoconfigure.transaction.TransactionAutoConfiguration$TransactionTemplateConfiguration, org.springframework.boot.autoconfigure.validation.ValidationAutoConfiguration, org.springframework.boot.autoconfigure.web.client.RestTemplateAutoConfiguration, org.springframework.boot.autoconfigure.web.embedded.EmbeddedWebServerFactoryCustomizerAutoConfiguration, org.springframework.boot.autoconfigure.web.embedded.EmbeddedWebServerFactoryCustomizerAutoConfiguration$TomcatWebServerFactoryCustomizerConfiguration, org.springframework.boot.autoconfigure.web.servlet.DispatcherServletAutoConfiguration, org.springframework.boot.autoconfigure.web.servlet.DispatcherServletAutoConfiguration$DispatcherServletConfiguration, org.springframework.boot.autoconfigure.web.servlet.DispatcherServletAutoConfiguration$DispatcherServletRegistrationConfiguration, org.springframework.boot.autoconfigure.web.servlet.HttpEncodingAutoConfiguration, org.springframework.boot.autoconfigure.web.servlet.MultipartAutoConfiguration, org.springframework.boot.autoconfigure.web.servlet.ServletWebServerFactoryAutoConfiguration, org.springframework.boot.autoconfigure.web.servlet.ServletWebServerFactoryConfiguration$EmbeddedTomcat, org.springframework.boot.autoconfigure.web.servlet.WebMvcAutoConfiguration, org.springframework.boot.autoconfigure.web.servlet.WebMvcAutoConfiguration$EnableWebMvcConfiguration, org.springframework.boot.autoconfigure.web.servlet.WebMvcAutoConfiguration$WebMvcAutoConfigurationAdapter, org.springframework.boot.autoconfigure.web.servlet.error.ErrorMvcAutoConfiguration, org.springframework.boot.autoconfigure.web.servlet.error.ErrorMvcAutoConfiguration$DefaultErrorViewResolverConfiguration, org.springframework.boot.autoconfigure.web.servlet.error.ErrorMvcAutoConfiguration$WhitelabelErrorViewConfiguration, org.springframework.boot.autoconfigure.websocket.servlet.WebSocketServletAutoConfiguration, org.springframework.boot.autoconfigure.websocket.servlet.WebSocketServletAutoConfiguration$TomcatWebSocketConfiguration, org.springframework.boot.context.internalConfigurationPropertiesBinder, org.springframework.boot.context.internalConfigurationPropertiesBinderFactory, org.springframework.boot.context.properties.BoundConfigurationProperties, org.springframework.boot.context.properties.ConfigurationBeanFactoryMetadata, org.springframework.boot.context.properties.ConfigurationPropertiesBindingPostProcessor, org.springframework.cloud.autoconfigure.ConfigurationPropertiesRebinderAutoConfiguration, org.springframework.cloud.autoconfigure.LifecycleMvcEndpointAutoConfiguration, org.springframework.cloud.autoconfigure.RefreshAutoConfiguration, org.springframework.cloud.autoconfigure.RefreshAutoConfiguration$RefreshScopeBeanDefinitionEnhancer, org.springframework.context.annotation.internalAutowiredAnnotationProcessor, org.springframework.context.annotation.internalCommonAnnotationProcessor, org.springframework.context.annotation.internalConfigurationAnnotationProcessor, org.springframework.context.event.internalEventListenerFactory, org.springframework.context.event.internalEventListenerProcessor, org.springframework.transaction.annotation.ProxyTransactionManagementConfiguration, org.springframework.transaction.config.internalTransactionAdvisor, org.springframework.transaction.config.internalTransactionalEventListenerFactory, parameterBuilderPluginRegistry, parameterDataTypeReader, parameterDefaultReader, parameterMapperImpl, parameterMinMax, parameterMultiplesReader, parameterNameReader, parameterNamesModule, parameterNotNull, parameterPattern, parameterRequiredReader, parameterSize, parameterTypeReader, pathDecoratorRegistry, pathMappingDecorator, pathSanitizer, patternPlugin, persistenceExceptionTranslationPostProcessor, platformTransactionManagerCustomizers, preserveErrorControllerTargetClassPostProcessor, propertyDiscriminatorBasedInheritancePlugin, propertySourcesPlaceholderConfigurer, queryStringUriTemplateDecorator, refreshEventListener, refreshScope, requestContextFilter, requestMappingHandlerAdapter, requestMappingHandlerMapping, resourceGroupCache, resourceGroupingStrategyRegistry, resourceHandlerMapping, responseMessagesReader, restTemplateBuilder, routerFunctionMapping, schemaPluginsManager, securityMapperImpl, server-org.springframework.boot.autoconfigure.web.ServerProperties, serviceModelToSwagger2MapperImpl, servletWebServerFactoryCustomizer, simpleControllerHandlerAdapter, sizePlugin, spring.datasource-org.springframework.boot.autoconfigure.jdbc.DataSourceProperties, spring.info-org.springframework.boot.autoconfigure.info.ProjectInfoProperties, spring.jackson-org.springframework.boot.autoconfigure.jackson.JacksonProperties, spring.jdbc-org.springframework.boot.autoconfigure.jdbc.JdbcProperties, spring.lifecycle-org.springframework.boot.autoconfigure.context.LifecycleProperties, spring.mvc-org.springframework.boot.autoconfigure.web.servlet.WebMvcProperties, spring.resources-org.springframework.boot.autoconfigure.web.ResourceProperties, spring.servlet.multipart-org.springframework.boot.autoconfigure.web.servlet.MultipartProperties, spring.task.execution-org.springframework.boot.autoconfigure.task.TaskExecutionProperties, spring.task.scheduling-org.springframework.boot.autoconfigure.task.TaskSchedulingProperties, spring.transaction-org.springframework.boot.autoconfigure.transaction.TransactionProperties, springApplicationAdminRegistrar, springfox.bean.validators.configuration.BeanValidatorPluginsConfiguration, springfox.documentation.schema.configuration.ModelsConfiguration, springfox.documentation.spring.web.SpringfoxWebMvcConfiguration, springfox.documentation.swagger.configuration.SwaggerCommonConfiguration, springfox.documentation.swagger2.configuration.Swagger2DocumentationConfiguration, sqlSessionFactory, sqlSessionTemplate, standardJacksonObjectMapperBuilderCustomizer, stringHttpMessageConverter, swagger2ControllerMapping, swagger2Module, swaggerApiListingReader, swaggerExpandedParameterBuilder, swaggerMediaTypeReader, swaggerOperationModelsProvider, swaggerOperationResponseClassReader, swaggerOperationTagsReader, swaggerParameterDescriptionReader, swaggerProperties, swaggerResponseMessageReader, syntheticModelProviderPluginRegistry, taskExecutorBuilder, taskSchedulerBuilder, teachplanMapper, teachplanMediaMapper, tomcatServletWebServerFactory, tomcatServletWebServerFactoryCustomizer, tomcatWebServerFactoryCustomizer, transactionAttributeSource, transactionInterceptor, transactionManager, transactionTemplate, typeNameExtractor, typeNameProviderPluginRegistry, typeResolver, uiConfiguration, vendorExtensionsMapperImpl, vendorExtensionsReader, viewControllerHandlerMapping, viewResolver, webMvcRequestHandlerProvider, webServerFactoryCustomizerBeanPostProcessor, websocketServletWebServerCustomizer, welcomePageHandlerMapping]
2025-03-08 15:00:59,682 INFO [main][GenericScope.java:295] - BeanFactory id=3e1a654f-97fd-31c0-a389-27e28c6cc643
2025-03-08 15:00:59,682 INFO [main][GenericScope.java:295] - BeanFactory id=3e1a654f-97fd-31c0-a389-27e28c6cc643
2025-03-08 15:00:59,684 DEBUG [main][DefaultSingletonBeanRegistry.java:225] - Creating shared instance of singleton bean 'org.springframework.context.event.internalEventListenerProcessor'
2025-03-08 15:00:59,684 DEBUG [main][DefaultSingletonBeanRegistry.java:225] - Creating shared instance of singleton bean 'org.springframework.context.event.internalEventListenerProcessor'
2025-03-08 15:00:59,684 DEBUG [main][DefaultSingletonBeanRegistry.java:225] - Creating shared instance of singleton bean 'preserveErrorControllerTargetClassPostProcessor'
2025-03-08 15:00:59,684 DEBUG [main][DefaultSingletonBeanRegistry.java:225] - Creating shared instance of singleton bean 'preserveErrorControllerTargetClassPostProcessor'
2025-03-08 15:00:59,685 DEBUG [main][DefaultSingletonBeanRegistry.java:225] - Creating shared instance of singleton bean 'org.springframework.context.event.internalEventListenerFactory'
2025-03-08 15:00:59,685 DEBUG [main][DefaultSingletonBeanRegistry.java:225] - Creating shared instance of singleton bean 'org.springframework.context.event.internalEventListenerFactory'
2025-03-08 15:00:59,686 DEBUG [main][DefaultSingletonBeanRegistry.java:225] - Creating shared instance of singleton bean 'org.springframework.transaction.config.internalTransactionalEventListenerFactory'
2025-03-08 15:00:59,686 DEBUG [main][DefaultSingletonBeanRegistry.java:225] - Creating shared instance of singleton bean 'org.springframework.transaction.config.internalTransactionalEventListenerFactory'
2025-03-08 15:00:59,688 DEBUG [main][DefaultSingletonBeanRegistry.java:225] - Creating shared instance of singleton bean 'org.springframework.context.annotation.internalAutowiredAnnotationProcessor'
2025-03-08 15:00:59,688 DEBUG [main][DefaultSingletonBeanRegistry.java:225] - Creating shared instance of singleton bean 'org.springframework.context.annotation.internalAutowiredAnnotationProcessor'
2025-03-08 15:00:59,689 DEBUG [main][DefaultSingletonBeanRegistry.java:225] - Creating shared instance of singleton bean 'org.springframework.context.annotation.internalCommonAnnotationProcessor'
2025-03-08 15:00:59,689 DEBUG [main][DefaultSingletonBeanRegistry.java:225] - Creating shared instance of singleton bean 'org.springframework.context.annotation.internalCommonAnnotationProcessor'
2025-03-08 15:00:59,690 DEBUG [main][DefaultSingletonBeanRegistry.java:225] - Creating shared instance of singleton bean 'org.springframework.boot.context.properties.ConfigurationPropertiesBindingPostProcessor'
2025-03-08 15:00:59,690 DEBUG [main][DefaultSingletonBeanRegistry.java:225] - Creating shared instance of singleton bean 'org.springframework.boot.context.properties.ConfigurationPropertiesBindingPostProcessor'
2025-03-08 15:00:59,690 DEBUG [main][DefaultSingletonBeanRegistry.java:225] - Creating shared instance of singleton bean 'org.springframework.boot.context.internalConfigurationPropertiesBinder'
2025-03-08 15:00:59,690 DEBUG [main][DefaultSingletonBeanRegistry.java:225] - Creating shared instance of singleton bean 'org.springframework.boot.context.internalConfigurationPropertiesBinder'
2025-03-08 15:00:59,690 DEBUG [main][DefaultSingletonBeanRegistry.java:225] - Creating shared instance of singleton bean 'org.springframework.boot.context.internalConfigurationPropertiesBinderFactory'
2025-03-08 15:00:59,690 DEBUG [main][DefaultSingletonBeanRegistry.java:225] - Creating shared instance of singleton bean 'org.springframework.boot.context.internalConfigurationPropertiesBinderFactory'
2025-03-08 15:00:59,691 DEBUG [main][DefaultSingletonBeanRegistry.java:225] - Creating shared instance of singleton bean 'methodValidationPostProcessor'
2025-03-08 15:00:59,691 DEBUG [main][DefaultSingletonBeanRegistry.java:225] - Creating shared instance of singleton bean 'methodValidationPostProcessor'
2025-03-08 15:00:59,723 DEBUG [main][ConstructorResolver.java:807] - Autowiring by type from bean name 'methodValidationPostProcessor' via factory method to bean named 'environment'
2025-03-08 15:00:59,723 DEBUG [main][ConstructorResolver.java:807] - Autowiring by type from bean name 'methodValidationPostProcessor' via factory method to bean named 'environment'
2025-03-08 15:00:59,733 DEBUG [main][DefaultSingletonBeanRegistry.java:225] - Creating shared instance of singleton bean 'dataSourceInitializerPostProcessor'
2025-03-08 15:00:59,733 DEBUG [main][DefaultSingletonBeanRegistry.java:225] - Creating shared instance of singleton bean 'dataSourceInitializerPostProcessor'
2025-03-08 15:00:59,734 DEBUG [main][DefaultSingletonBeanRegistry.java:225] - Creating shared instance of singleton bean 'persistenceExceptionTranslationPostProcessor'
2025-03-08 15:00:59,734 DEBUG [main][DefaultSingletonBeanRegistry.java:225] - Creating shared instance of singleton bean 'persistenceExceptionTranslationPostProcessor'
2025-03-08 15:00:59,736 DEBUG [main][ConstructorResolver.java:807] - Autowiring by type from bean name 'persistenceExceptionTranslationPostProcessor' via factory method to bean named 'environment'
2025-03-08 15:00:59,736 DEBUG [main][ConstructorResolver.java:807] - Autowiring by type from bean name 'persistenceExceptionTranslationPostProcessor' via factory method to bean named 'environment'
2025-03-08 15:00:59,739 DEBUG [main][DefaultSingletonBeanRegistry.java:225] - Creating shared instance of singleton bean 'org.springframework.aop.config.internalAutoProxyCreator'
2025-03-08 15:00:59,739 DEBUG [main][DefaultSingletonBeanRegistry.java:225] - Creating shared instance of singleton bean 'org.springframework.aop.config.internalAutoProxyCreator'
2025-03-08 15:00:59,764 DEBUG [main][DefaultSingletonBeanRegistry.java:225] - Creating shared instance of singleton bean 'objectMapperConfigurer'
2025-03-08 15:00:59,764 DEBUG [main][DefaultSingletonBeanRegistry.java:225] - Creating shared instance of singleton bean 'objectMapperConfigurer'
2025-03-08 15:00:59,765 DEBUG [main][DefaultSingletonBeanRegistry.java:225] - Creating shared instance of singleton bean 'org.springframework.transaction.config.internalTransactionAdvisor'
2025-03-08 15:00:59,765 DEBUG [main][DefaultSingletonBeanRegistry.java:225] - Creating shared instance of singleton bean 'org.springframework.transaction.config.internalTransactionAdvisor'
2025-03-08 15:00:59,766 DEBUG [main][DefaultSingletonBeanRegistry.java:225] - Creating shared instance of singleton bean 'org.springframework.transaction.annotation.ProxyTransactionManagementConfiguration'
2025-03-08 15:00:59,766 DEBUG [main][DefaultSingletonBeanRegistry.java:225] - Creating shared instance of singleton bean 'org.springframework.transaction.annotation.ProxyTransactionManagementConfiguration'
2025-03-08 15:00:59,781 DEBUG [main][DefaultSingletonBeanRegistry.java:225] - Creating shared instance of singleton bean 'transactionAttributeSource'
2025-03-08 15:00:59,781 DEBUG [main][DefaultSingletonBeanRegistry.java:225] - Creating shared instance of singleton bean 'transactionAttributeSource'
2025-03-08 15:00:59,790 DEBUG [main][DefaultSingletonBeanRegistry.java:225] - Creating shared instance of singleton bean 'transactionInterceptor'
2025-03-08 15:00:59,790 DEBUG [main][DefaultSingletonBeanRegistry.java:225] - Creating shared instance of singleton bean 'transactionInterceptor'
2025-03-08 15:00:59,791 DEBUG [main][ConstructorResolver.java:807] - Autowiring by type from bean name 'transactionInterceptor' via factory method to bean named 'transactionAttributeSource'
2025-03-08 15:00:59,791 DEBUG [main][ConstructorResolver.java:807] - Autowiring by type from bean name 'transactionInterceptor' via factory method to bean named 'transactionAttributeSource'
2025-03-08 15:00:59,799 DEBUG [main][ConstructorResolver.java:807] - Autowiring by type from bean name 'org.springframework.transaction.config.internalTransactionAdvisor' via factory method to bean named 'transactionAttributeSource'
2025-03-08 15:00:59,799 DEBUG [main][ConstructorResolver.java:807] - Autowiring by type from bean name 'org.springframework.transaction.config.internalTransactionAdvisor' via factory method to bean named 'transactionAttributeSource'
2025-03-08 15:00:59,800 DEBUG [main][ConstructorResolver.java:807] - Autowiring by type from bean name 'org.springframework.transaction.config.internalTransactionAdvisor' via factory method to bean named 'transactionInterceptor'
2025-03-08 15:00:59,800 DEBUG [main][ConstructorResolver.java:807] - Autowiring by type from bean name 'org.springframework.transaction.config.internalTransactionAdvisor' via factory method to bean named 'transactionInterceptor'
2025-03-08 15:00:59,806 DEBUG [main][DefaultSingletonBeanRegistry.java:225] - Creating shared instance of singleton bean 'webServerFactoryCustomizerBeanPostProcessor'
2025-03-08 15:00:59,806 DEBUG [main][DefaultSingletonBeanRegistry.java:225] - Creating shared instance of singleton bean 'webServerFactoryCustomizerBeanPostProcessor'
2025-03-08 15:00:59,806 DEBUG [main][DefaultSingletonBeanRegistry.java:225] - Creating shared instance of singleton bean 'errorPageRegistrarBeanPostProcessor'
2025-03-08 15:00:59,806 DEBUG [main][DefaultSingletonBeanRegistry.java:225] - Creating shared instance of singleton bean 'errorPageRegistrarBeanPostProcessor'
2025-03-08 15:00:59,807 DEBUG [main][DefaultSingletonBeanRegistry.java:225] - Creating shared instance of singleton bean 'configurationPropertiesBeans'
2025-03-08 15:00:59,807 DEBUG [main][DefaultSingletonBeanRegistry.java:225] - Creating shared instance of singleton bean 'configurationPropertiesBeans'
2025-03-08 15:00:59,810 DEBUG [main][UiApplicationContextUtils.java:85] - Unable to locate ThemeSource with name 'themeSource': using default [org.springframework.ui.context.support.ResourceBundleThemeSource@5a48da4f]
2025-03-08 15:00:59,810 DEBUG [main][UiApplicationContextUtils.java:85] - Unable to locate ThemeSource with name 'themeSource': using default [org.springframework.ui.context.support.ResourceBundleThemeSource@5a48da4f]
2025-03-08 15:00:59,811 DEBUG [main][DefaultSingletonBeanRegistry.java:225] - Creating shared instance of singleton bean 'tomcatServletWebServerFactory'
2025-03-08 15:00:59,811 DEBUG [main][DefaultSingletonBeanRegistry.java:225] - Creating shared instance of singleton bean 'tomcatServletWebServerFactory'
2025-03-08 15:00:59,811 DEBUG [main][DefaultSingletonBeanRegistry.java:225] - Creating shared instance of singleton bean 'org.springframework.boot.autoconfigure.web.servlet.ServletWebServerFactoryConfiguration$EmbeddedTomcat'
2025-03-08 15:00:59,811 DEBUG [main][DefaultSingletonBeanRegistry.java:225] - Creating shared instance of singleton bean 'org.springframework.boot.autoconfigure.web.servlet.ServletWebServerFactoryConfiguration$EmbeddedTomcat'
2025-03-08 15:00:59,893 DEBUG [main][DefaultSingletonBeanRegistry.java:225] - Creating shared instance of singleton bean 'websocketServletWebServerCustomizer'
2025-03-08 15:00:59,893 DEBUG [main][DefaultSingletonBeanRegistry.java:225] - Creating shared instance of singleton bean 'websocketServletWebServerCustomizer'
2025-03-08 15:00:59,894 DEBUG [main][DefaultSingletonBeanRegistry.java:225] - Creating shared instance of singleton bean 'org.springframework.boot.autoconfigure.websocket.servlet.WebSocketServletAutoConfiguration$TomcatWebSocketConfiguration'
2025-03-08 15:00:59,894 DEBUG [main][DefaultSingletonBeanRegistry.java:225] - Creating shared instance of singleton bean 'org.springframework.boot.autoconfigure.websocket.servlet.WebSocketServletAutoConfiguration$TomcatWebSocketConfiguration'
2025-03-08 15:00:59,897 DEBUG [main][DefaultSingletonBeanRegistry.java:225] - Creating shared instance of singleton bean 'servletWebServerFactoryCustomizer'
2025-03-08 15:00:59,897 DEBUG [main][DefaultSingletonBeanRegistry.java:225] - Creating shared instance of singleton bean 'servletWebServerFactoryCustomizer'
2025-03-08 15:00:59,897 DEBUG [main][DefaultSingletonBeanRegistry.java:225] - Creating shared instance of singleton bean 'org.springframework.boot.autoconfigure.web.servlet.ServletWebServerFactoryAutoConfiguration'
2025-03-08 15:00:59,897 DEBUG [main][DefaultSingletonBeanRegistry.java:225] - Creating shared instance of singleton bean 'org.springframework.boot.autoconfigure.web.servlet.ServletWebServerFactoryAutoConfiguration'
2025-03-08 15:00:59,900 DEBUG [main][DefaultSingletonBeanRegistry.java:225] - Creating shared instance of singleton bean 'server-org.springframework.boot.autoconfigure.web.ServerProperties'
2025-03-08 15:00:59,900 DEBUG [main][DefaultSingletonBeanRegistry.java:225] - Creating shared instance of singleton bean 'server-org.springframework.boot.autoconfigure.web.ServerProperties'
2025-03-08 15:00:59,914 DEBUG [main][DefaultSingletonBeanRegistry.java:225] - Creating shared instance of singleton bean 'org.springframework.boot.context.properties.BoundConfigurationProperties'
2025-03-08 15:00:59,914 DEBUG [main][DefaultSingletonBeanRegistry.java:225] - Creating shared instance of singleton bean 'org.springframework.boot.context.properties.BoundConfigurationProperties'
2025-03-08 15:00:59,922 DEBUG [main][ConstructorResolver.java:807] - Autowiring by type from bean name 'servletWebServerFactoryCustomizer' via factory method to bean named 'server-org.springframework.boot.autoconfigure.web.ServerProperties'
2025-03-08 15:00:59,922 DEBUG [main][ConstructorResolver.java:807] - Autowiring by type from bean name 'servletWebServerFactoryCustomizer' via factory method to bean named 'server-org.springframework.boot.autoconfigure.web.ServerProperties'
2025-03-08 15:00:59,923 DEBUG [main][DefaultSingletonBeanRegistry.java:225] - Creating shared instance of singleton bean 'tomcatServletWebServerFactoryCustomizer'
2025-03-08 15:00:59,923 DEBUG [main][DefaultSingletonBeanRegistry.java:225] - Creating shared instance of singleton bean 'tomcatServletWebServerFactoryCustomizer'
2025-03-08 15:00:59,924 DEBUG [main][ConstructorResolver.java:807] - Autowiring by type from bean name 'tomcatServletWebServerFactoryCustomizer' via factory method to bean named 'server-org.springframework.boot.autoconfigure.web.ServerProperties'
2025-03-08 15:00:59,924 DEBUG [main][ConstructorResolver.java:807] - Autowiring by type from bean name 'tomcatServletWebServerFactoryCustomizer' via factory method to bean named 'server-org.springframework.boot.autoconfigure.web.ServerProperties'
2025-03-08 15:00:59,925 DEBUG [main][DefaultSingletonBeanRegistry.java:225] - Creating shared instance of singleton bean 'tomcatWebServerFactoryCustomizer'
2025-03-08 15:00:59,925 DEBUG [main][DefaultSingletonBeanRegistry.java:225] - Creating shared instance of singleton bean 'tomcatWebServerFactoryCustomizer'
2025-03-08 15:00:59,926 DEBUG [main][DefaultSingletonBeanRegistry.java:225] - Creating shared instance of singleton bean 'org.springframework.boot.autoconfigure.web.embedded.EmbeddedWebServerFactoryCustomizerAutoConfiguration$TomcatWebServerFactoryCustomizerConfiguration'
2025-03-08 15:00:59,926 DEBUG [main][DefaultSingletonBeanRegistry.java:225] - Creating shared instance of singleton bean 'org.springframework.boot.autoconfigure.web.embedded.EmbeddedWebServerFactoryCustomizerAutoConfiguration$TomcatWebServerFactoryCustomizerConfiguration'
2025-03-08 15:00:59,929 DEBUG [main][ConstructorResolver.java:807] - Autowiring by type from bean name 'tomcatWebServerFactoryCustomizer' via factory method to bean named 'environment'
2025-03-08 15:00:59,929 DEBUG [main][ConstructorResolver.java:807] - Autowiring by type from bean name 'tomcatWebServerFactoryCustomizer' via factory method to bean named 'environment'
2025-03-08 15:00:59,929 DEBUG [main][ConstructorResolver.java:807] - Autowiring by type from bean name 'tomcatWebServerFactoryCustomizer' via factory method to bean named 'server-org.springframework.boot.autoconfigure.web.ServerProperties'
2025-03-08 15:00:59,929 DEBUG [main][ConstructorResolver.java:807] - Autowiring by type from bean name 'tomcatWebServerFactoryCustomizer' via factory method to bean named 'server-org.springframework.boot.autoconfigure.web.ServerProperties'
2025-03-08 15:00:59,932 DEBUG [main][DefaultSingletonBeanRegistry.java:225] - Creating shared instance of singleton bean 'localeCharsetMappingsCustomizer'
2025-03-08 15:00:59,932 DEBUG [main][DefaultSingletonBeanRegistry.java:225] - Creating shared instance of singleton bean 'localeCharsetMappingsCustomizer'
2025-03-08 15:00:59,933 DEBUG [main][DefaultSingletonBeanRegistry.java:225] - Creating shared instance of singleton bean 'org.springframework.boot.autoconfigure.web.servlet.HttpEncodingAutoConfiguration'
2025-03-08 15:00:59,933 DEBUG [main][DefaultSingletonBeanRegistry.java:225] - Creating shared instance of singleton bean 'org.springframework.boot.autoconfigure.web.servlet.HttpEncodingAutoConfiguration'
2025-03-08 15:00:59,935 DEBUG [main][ConstructorResolver.java:807] - Autowiring by type from bean name 'org.springframework.boot.autoconfigure.web.servlet.HttpEncodingAutoConfiguration' via constructor to bean named 'server-org.springframework.boot.autoconfigure.web.ServerProperties'
2025-03-08 15:00:59,935 DEBUG [main][ConstructorResolver.java:807] - Autowiring by type from bean name 'org.springframework.boot.autoconfigure.web.servlet.HttpEncodingAutoConfiguration' via constructor to bean named 'server-org.springframework.boot.autoconfigure.web.ServerProperties'
2025-03-08 15:00:59,972 DEBUG [main][DefaultSingletonBeanRegistry.java:225] - Creating shared instance of singleton bean 'errorPageCustomizer'
2025-03-08 15:00:59,972 DEBUG [main][DefaultSingletonBeanRegistry.java:225] - Creating shared instance of singleton bean 'errorPageCustomizer'
2025-03-08 15:00:59,973 DEBUG [main][DefaultSingletonBeanRegistry.java:225] - Creating shared instance of singleton bean 'org.springframework.boot.autoconfigure.web.servlet.error.ErrorMvcAutoConfiguration'
2025-03-08 15:00:59,973 DEBUG [main][DefaultSingletonBeanRegistry.java:225] - Creating shared instance of singleton bean 'org.springframework.boot.autoconfigure.web.servlet.error.ErrorMvcAutoConfiguration'
2025-03-08 15:00:59,974 DEBUG [main][ConstructorResolver.java:807] - Autowiring by type from bean name 'org.springframework.boot.autoconfigure.web.servlet.error.ErrorMvcAutoConfiguration' via constructor to bean named 'server-org.springframework.boot.autoconfigure.web.ServerProperties'
2025-03-08 15:00:59,974 DEBUG [main][ConstructorResolver.java:807] - Autowiring by type from bean name 'org.springframework.boot.autoconfigure.web.servlet.error.ErrorMvcAutoConfiguration' via constructor to bean named 'server-org.springframework.boot.autoconfigure.web.ServerProperties'
2025-03-08 15:00:59,977 DEBUG [main][DefaultSingletonBeanRegistry.java:225] - Creating shared instance of singleton bean 'dispatcherServletRegistration'
2025-03-08 15:00:59,977 DEBUG [main][DefaultSingletonBeanRegistry.java:225] - Creating shared instance of singleton bean 'dispatcherServletRegistration'
2025-03-08 15:00:59,977 DEBUG [main][DefaultSingletonBeanRegistry.java:225] - Creating shared instance of singleton bean 'org.springframework.boot.autoconfigure.web.servlet.DispatcherServletAutoConfiguration$DispatcherServletRegistrationConfiguration'
2025-03-08 15:00:59,977 DEBUG [main][DefaultSingletonBeanRegistry.java:225] - Creating shared instance of singleton bean 'org.springframework.boot.autoconfigure.web.servlet.DispatcherServletAutoConfiguration$DispatcherServletRegistrationConfiguration'
2025-03-08 15:00:59,979 DEBUG [main][DefaultSingletonBeanRegistry.java:225] - Creating shared instance of singleton bean 'dispatcherServlet'
2025-03-08 15:00:59,979 DEBUG [main][DefaultSingletonBeanRegistry.java:225] - Creating shared instance of singleton bean 'dispatcherServlet'
2025-03-08 15:00:59,979 DEBUG [main][DefaultSingletonBeanRegistry.java:225] - Creating shared instance of singleton bean 'org.springframework.boot.autoconfigure.web.servlet.DispatcherServletAutoConfiguration$DispatcherServletConfiguration'
2025-03-08 15:00:59,979 DEBUG [main][DefaultSingletonBeanRegistry.java:225] - Creating shared instance of singleton bean 'org.springframework.boot.autoconfigure.web.servlet.DispatcherServletAutoConfiguration$DispatcherServletConfiguration'
2025-03-08 15:00:59,983 DEBUG [main][DefaultSingletonBeanRegistry.java:225] - Creating shared instance of singleton bean 'spring.mvc-org.springframework.boot.autoconfigure.web.servlet.WebMvcProperties'
2025-03-08 15:00:59,983 DEBUG [main][DefaultSingletonBeanRegistry.java:225] - Creating shared instance of singleton bean 'spring.mvc-org.springframework.boot.autoconfigure.web.servlet.WebMvcProperties'
2025-03-08 15:00:59,991 DEBUG [main][ConstructorResolver.java:807] - Autowiring by type from bean name 'dispatcherServlet' via factory method to bean named 'spring.mvc-org.springframework.boot.autoconfigure.web.servlet.WebMvcProperties'
2025-03-08 15:00:59,991 DEBUG [main][ConstructorResolver.java:807] - Autowiring by type from bean name 'dispatcherServlet' via factory method to bean named 'spring.mvc-org.springframework.boot.autoconfigure.web.servlet.WebMvcProperties'
2025-03-08 15:01:00,029 DEBUG [main][ConstructorResolver.java:807] - Autowiring by type from bean name 'dispatcherServletRegistration' via factory method to bean named 'dispatcherServlet'
2025-03-08 15:01:00,029 DEBUG [main][ConstructorResolver.java:807] - Autowiring by type from bean name 'dispatcherServletRegistration' via factory method to bean named 'dispatcherServlet'
2025-03-08 15:01:00,029 DEBUG [main][ConstructorResolver.java:807] - Autowiring by type from bean name 'dispatcherServletRegistration' via factory method to bean named 'spring.mvc-org.springframework.boot.autoconfigure.web.servlet.WebMvcProperties'
2025-03-08 15:01:00,029 DEBUG [main][ConstructorResolver.java:807] - Autowiring by type from bean name 'dispatcherServletRegistration' via factory method to bean named 'spring.mvc-org.springframework.boot.autoconfigure.web.servlet.WebMvcProperties'
2025-03-08 15:01:00,033 DEBUG [main][DefaultSingletonBeanRegistry.java:225] - Creating shared instance of singleton bean 'multipartConfigElement'
2025-03-08 15:01:00,033 DEBUG [main][DefaultSingletonBeanRegistry.java:225] - Creating shared instance of singleton bean 'multipartConfigElement'
2025-03-08 15:01:00,034 DEBUG [main][DefaultSingletonBeanRegistry.java:225] - Creating shared instance of singleton bean 'org.springframework.boot.autoconfigure.web.servlet.MultipartAutoConfiguration'
2025-03-08 15:01:00,034 DEBUG [main][DefaultSingletonBeanRegistry.java:225] - Creating shared instance of singleton bean 'org.springframework.boot.autoconfigure.web.servlet.MultipartAutoConfiguration'
2025-03-08 15:01:00,036 DEBUG [main][DefaultSingletonBeanRegistry.java:225] - Creating shared instance of singleton bean 'spring.servlet.multipart-org.springframework.boot.autoconfigure.web.servlet.MultipartProperties'
2025-03-08 15:01:00,036 DEBUG [main][DefaultSingletonBeanRegistry.java:225] - Creating shared instance of singleton bean 'spring.servlet.multipart-org.springframework.boot.autoconfigure.web.servlet.MultipartProperties'
2025-03-08 15:01:00,043 DEBUG [main][ConstructorResolver.java:807] - Autowiring by type from bean name 'org.springframework.boot.autoconfigure.web.servlet.MultipartAutoConfiguration' via constructor to bean named 'spring.servlet.multipart-org.springframework.boot.autoconfigure.web.servlet.MultipartProperties'
2025-03-08 15:01:00,043 DEBUG [main][ConstructorResolver.java:807] - Autowiring by type from bean name 'org.springframework.boot.autoconfigure.web.servlet.MultipartAutoConfiguration' via constructor to bean named 'spring.servlet.multipart-org.springframework.boot.autoconfigure.web.servlet.MultipartProperties'
2025-03-08 15:01:00,051 DEBUG [main][ConstructorResolver.java:807] - Autowiring by type from bean name 'errorPageCustomizer' via factory method to bean named 'dispatcherServletRegistration'
2025-03-08 15:01:00,051 DEBUG [main][ConstructorResolver.java:807] - Autowiring by type from bean name 'errorPageCustomizer' via factory method to bean named 'dispatcherServletRegistration'
2025-03-08 15:01:00,242 DEBUG [main][DocumentRoot.java:81] - Code archive: D:\Software\xuecheng\repository\org\springframework\boot\spring-boot\2.3.7.RELEASE\spring-boot-2.3.7.RELEASE.jar
2025-03-08 15:01:00,242 DEBUG [main][DocumentRoot.java:81] - Code archive: D:\Software\xuecheng\repository\org\springframework\boot\spring-boot\2.3.7.RELEASE\spring-boot-2.3.7.RELEASE.jar
2025-03-08 15:01:00,243 DEBUG [main][DocumentRoot.java:125] - Code archive: D:\Software\xuecheng\repository\org\springframework\boot\spring-boot\2.3.7.RELEASE\spring-boot-2.3.7.RELEASE.jar
2025-03-08 15:01:00,243 DEBUG [main][DocumentRoot.java:125] - Code archive: D:\Software\xuecheng\repository\org\springframework\boot\spring-boot\2.3.7.RELEASE\spring-boot-2.3.7.RELEASE.jar
2025-03-08 15:01:00,244 DEBUG [main][DocumentRoot.java:149] - None of the document roots [src/main/webapp, public, static] point to a directory and will be ignored.
2025-03-08 15:01:00,244 DEBUG [main][DocumentRoot.java:149] - None of the document roots [src/main/webapp, public, static] point to a directory and will be ignored.
2025-03-08 15:01:00,295 INFO [main][TomcatWebServer.java:108] - Tomcat initialized with port(s): 63040 (http)
2025-03-08 15:01:00,295 INFO [main][TomcatWebServer.java:108] - Tomcat initialized with port(s): 63040 (http)
2025-03-08 15:01:00,312 INFO [main][DirectJDKLog.java:173] - Initializing ProtocolHandler ["http-nio-63040"]
2025-03-08 15:01:00,312 INFO [main][DirectJDKLog.java:173] - Initializing ProtocolHandler ["http-nio-63040"]
2025-03-08 15:01:00,314 INFO [main][DirectJDKLog.java:173] - Starting service [Tomcat]
2025-03-08 15:01:00,314 INFO [main][DirectJDKLog.java:173] - Starting service [Tomcat]
2025-03-08 15:01:00,314 INFO [main][DirectJDKLog.java:173] - Starting Servlet engine: [Apache Tomcat/9.0.41]
2025-03-08 15:01:00,314 INFO [main][DirectJDKLog.java:173] - Starting Servlet engine: [Apache Tomcat/9.0.41]
2025-03-08 15:01:00,517 INFO [main][DirectJDKLog.java:173] - Initializing Spring embedded WebApplicationContext
2025-03-08 15:01:00,517 INFO [main][DirectJDKLog.java:173] - Initializing Spring embedded WebApplicationContext
2025-03-08 15:01:00,518 DEBUG [main][ServletWebServerApplicationContext.java:279] - Published root WebApplicationContext as ServletContext attribute with name [org.springframework.web.context.WebApplicationContext.ROOT]
2025-03-08 15:01:00,518 DEBUG [main][ServletWebServerApplicationContext.java:279] - Published root WebApplicationContext as ServletContext attribute with name [org.springframework.web.context.WebApplicationContext.ROOT]
2025-03-08 15:01:00,518 INFO [main][ServletWebServerApplicationContext.java:285] - Root WebApplicationContext: initialization completed in 2347 ms
2025-03-08 15:01:00,518 INFO [main][ServletWebServerApplicationContext.java:285] - Root WebApplicationContext: initialization completed in 2347 ms
2025-03-08 15:01:00,526 DEBUG [main][DefaultSingletonBeanRegistry.java:225] - Creating shared instance of singleton bean 'requestContextFilter'
2025-03-08 15:01:00,526 DEBUG [main][DefaultSingletonBeanRegistry.java:225] - Creating shared instance of singleton bean 'requestContextFilter'
2025-03-08 15:01:00,529 DEBUG [main][DefaultSingletonBeanRegistry.java:225] - Creating shared instance of singleton bean 'formContentFilter'
2025-03-08 15:01:00,529 DEBUG [main][DefaultSingletonBeanRegistry.java:225] - Creating shared instance of singleton bean 'formContentFilter'
2025-03-08 15:01:00,529 DEBUG [main][DefaultSingletonBeanRegistry.java:225] - Creating shared instance of singleton bean 'org.springframework.boot.autoconfigure.web.servlet.WebMvcAutoConfiguration'
2025-03-08 15:01:00,529 DEBUG [main][DefaultSingletonBeanRegistry.java:225] - Creating shared instance of singleton bean 'org.springframework.boot.autoconfigure.web.servlet.WebMvcAutoConfiguration'
2025-03-08 15:01:00,535 DEBUG [main][DefaultSingletonBeanRegistry.java:225] - Creating shared instance of singleton bean 'characterEncodingFilter'
2025-03-08 15:01:00,535 DEBUG [main][DefaultSingletonBeanRegistry.java:225] - Creating shared instance of singleton bean 'characterEncodingFilter'
2025-03-08 15:01:00,548 DEBUG [main][ServletContextInitializerBeans.java:235] - Mapping filters: characterEncodingFilter urls=[/*] order=-2147483648, formContentFilter urls=[/*] order=-9900, requestContextFilter urls=[/*] order=-105
2025-03-08 15:01:00,548 DEBUG [main][ServletContextInitializerBeans.java:235] - Mapping filters: characterEncodingFilter urls=[/*] order=-2147483648, formContentFilter urls=[/*] order=-9900, requestContextFilter urls=[/*] order=-105
2025-03-08 15:01:00,548 DEBUG [main][ServletContextInitializerBeans.java:235] - Mapping servlets: dispatcherServlet urls=[/]
2025-03-08 15:01:00,548 DEBUG [main][ServletContextInitializerBeans.java:235] - Mapping servlets: dispatcherServlet urls=[/]
2025-03-08 15:01:00,585 DEBUG [main][GenericFilterBean.java:242] - Filter 'requestContextFilter' configured for use
2025-03-08 15:01:00,585 DEBUG [main][GenericFilterBean.java:242] - Filter 'requestContextFilter' configured for use
2025-03-08 15:01:00,586 DEBUG [main][GenericFilterBean.java:242] - Filter 'characterEncodingFilter' configured for use
2025-03-08 15:01:00,586 DEBUG [main][GenericFilterBean.java:242] - Filter 'characterEncodingFilter' configured for use
2025-03-08 15:01:00,586 DEBUG [main][GenericFilterBean.java:242] - Filter 'formContentFilter' configured for use
2025-03-08 15:01:00,586 DEBUG [main][GenericFilterBean.java:242] - Filter 'formContentFilter' configured for use
2025-03-08 15:01:00,597 DEBUG [main][DefaultSingletonBeanRegistry.java:225] - Creating shared instance of singleton bean 'contentApplication'
2025-03-08 15:01:00,597 DEBUG [main][DefaultSingletonBeanRegistry.java:225] - Creating shared instance of singleton bean 'contentApplication'
2025-03-08 15:01:00,598 DEBUG [main][DefaultSingletonBeanRegistry.java:225] - Creating shared instance of singleton bean 'bootstrapApplicationListener.BootstrapMarkerConfiguration'
2025-03-08 15:01:00,598 DEBUG [main][DefaultSingletonBeanRegistry.java:225] - Creating shared instance of singleton bean 'bootstrapApplicationListener.BootstrapMarkerConfiguration'
2025-03-08 15:01:00,598 DEBUG [main][DefaultSingletonBeanRegistry.java:225] - Creating shared instance of singleton bean 'courseBaseInfoController'
2025-03-08 15:01:00,598 DEBUG [main][DefaultSingletonBeanRegistry.java:225] - Creating shared instance of singleton bean 'courseBaseInfoController'
2025-03-08 15:01:00,607 DEBUG [main][DefaultSingletonBeanRegistry.java:225] - Creating shared instance of singleton bean 'courseBaseInfoServiceImpl'
2025-03-08 15:01:00,607 DEBUG [main][DefaultSingletonBeanRegistry.java:225] - Creating shared instance of singleton bean 'courseBaseInfoServiceImpl'
2025-03-08 15:01:00,617 DEBUG [main][DefaultSingletonBeanRegistry.java:225] - Creating shared instance of singleton bean 'courseBaseMapper'
2025-03-08 15:01:00,617 DEBUG [main][DefaultSingletonBeanRegistry.java:225] - Creating shared instance of singleton bean 'courseBaseMapper'
2025-03-08 15:01:00,627 DEBUG [main][DefaultSingletonBeanRegistry.java:225] - Creating shared instance of singleton bean 'sqlSessionFactory'
2025-03-08 15:01:00,627 DEBUG [main][DefaultSingletonBeanRegistry.java:225] - Creating shared instance of singleton bean 'sqlSessionFactory'
2025-03-08 15:01:00,632 DEBUG [main][DefaultSingletonBeanRegistry.java:225] - Creating shared instance of singleton bean 'com.baomidou.mybatisplus.autoconfigure.MybatisPlusAutoConfiguration'
2025-03-08 15:01:00,632 DEBUG [main][DefaultSingletonBeanRegistry.java:225] - Creating shared instance of singleton bean 'com.baomidou.mybatisplus.autoconfigure.MybatisPlusAutoConfiguration'
2025-03-08 15:01:00,633 DEBUG [main][LocalVariableTableParameterNameDiscoverer.java:99] - Cannot find '.class' file for class [class com.baomidou.mybatisplus.autoconfigure.MybatisPlusAutoConfiguration$$EnhancerBySpringCGLIB$$99b1e88d] - unable to determine constructor/method parameter names
2025-03-08 15:01:00,633 DEBUG [main][LocalVariableTableParameterNameDiscoverer.java:99] - Cannot find '.class' file for class [class com.baomidou.mybatisplus.autoconfigure.MybatisPlusAutoConfiguration$$EnhancerBySpringCGLIB$$99b1e88d] - unable to determine constructor/method parameter names
2025-03-08 15:01:00,635 DEBUG [main][DefaultSingletonBeanRegistry.java:225] - Creating shared instance of singleton bean 'mybatis-plus-com.baomidou.mybatisplus.autoconfigure.MybatisPlusProperties'
2025-03-08 15:01:00,635 DEBUG [main][DefaultSingletonBeanRegistry.java:225] - Creating shared instance of singleton bean 'mybatis-plus-com.baomidou.mybatisplus.autoconfigure.MybatisPlusProperties'
2025-03-08 15:01:00,644 DEBUG [main][ConstructorResolver.java:807] - Autowiring by type from bean name 'com.baomidou.mybatisplus.autoconfigure.MybatisPlusAutoConfiguration' via constructor to bean named 'mybatis-plus-com.baomidou.mybatisplus.autoconfigure.MybatisPlusProperties'
2025-03-08 15:01:00,644 DEBUG [main][ConstructorResolver.java:807] - Autowiring by type from bean name 'com.baomidou.mybatisplus.autoconfigure.MybatisPlusAutoConfiguration' via constructor to bean named 'mybatis-plus-com.baomidou.mybatisplus.autoconfigure.MybatisPlusProperties'
2025-03-08 15:01:00,644 DEBUG [main][ConstructorResolver.java:807] - Autowiring by type from bean name 'com.baomidou.mybatisplus.autoconfigure.MybatisPlusAutoConfiguration' via constructor to bean named 'org.springframework.boot.web.servlet.context.AnnotationConfigServletWebServerApplicationContext@365a6a43'
2025-03-08 15:01:00,644 DEBUG [main][ConstructorResolver.java:807] - Autowiring by type from bean name 'com.baomidou.mybatisplus.autoconfigure.MybatisPlusAutoConfiguration' via constructor to bean named 'org.springframework.boot.web.servlet.context.AnnotationConfigServletWebServerApplicationContext@365a6a43'
2025-03-08 15:01:00,646 DEBUG [main][DefaultSingletonBeanRegistry.java:225] - Creating shared instance of singleton bean 'mybatisPlusInterceptor'
2025-03-08 15:01:00,646 DEBUG [main][DefaultSingletonBeanRegistry.java:225] - Creating shared instance of singleton bean 'mybatisPlusInterceptor'
2025-03-08 15:01:00,647 DEBUG [main][DefaultSingletonBeanRegistry.java:225] - Creating shared instance of singleton bean 'mybatisPlusConfig'
2025-03-08 15:01:00,647 DEBUG [main][DefaultSingletonBeanRegistry.java:225] - Creating shared instance of singleton bean 'mybatisPlusConfig'
2025-03-08 15:01:00,682 DEBUG [main][DefaultSingletonBeanRegistry.java:225] - Creating shared instance of singleton bean 'dataSource'
2025-03-08 15:01:00,682 DEBUG [main][DefaultSingletonBeanRegistry.java:225] - Creating shared instance of singleton bean 'dataSource'
2025-03-08 15:01:00,682 DEBUG [main][DefaultSingletonBeanRegistry.java:225] - Creating shared instance of singleton bean 'org.springframework.boot.autoconfigure.jdbc.DataSourceConfiguration$Hikari'
2025-03-08 15:01:00,682 DEBUG [main][DefaultSingletonBeanRegistry.java:225] - Creating shared instance of singleton bean 'org.springframework.boot.autoconfigure.jdbc.DataSourceConfiguration$Hikari'
2025-03-08 15:01:00,684 DEBUG [main][DefaultSingletonBeanRegistry.java:225] - Creating shared instance of singleton bean 'spring.datasource-org.springframework.boot.autoconfigure.jdbc.DataSourceProperties'
2025-03-08 15:01:00,684 DEBUG [main][DefaultSingletonBeanRegistry.java:225] - Creating shared instance of singleton bean 'spring.datasource-org.springframework.boot.autoconfigure.jdbc.DataSourceProperties'
2025-03-08 15:01:00,696 DEBUG [main][ConstructorResolver.java:807] - Autowiring by type from bean name 'dataSource' via factory method to bean named 'spring.datasource-org.springframework.boot.autoconfigure.jdbc.DataSourceProperties'
2025-03-08 15:01:00,696 DEBUG [main][ConstructorResolver.java:807] - Autowiring by type from bean name 'dataSource' via factory method to bean named 'spring.datasource-org.springframework.boot.autoconfigure.jdbc.DataSourceProperties'
2025-03-08 15:01:00,714 DEBUG [main][HikariConfig.java:946] - Driver class com.mysql.cj.jdbc.Driver found in Thread context class loader jdk.internal.loader.ClassLoaders$AppClassLoader@36baf30c
2025-03-08 15:01:00,714 DEBUG [main][HikariConfig.java:946] - Driver class com.mysql.cj.jdbc.Driver found in Thread context class loader jdk.internal.loader.ClassLoaders$AppClassLoader@36baf30c
2025-03-08 15:01:00,733 DEBUG [main][DefaultSingletonBeanRegistry.java:225] - Creating shared instance of singleton bean 'org.springframework.boot.autoconfigure.jdbc.DataSourceInitializerInvoker'
2025-03-08 15:01:00,733 DEBUG [main][DefaultSingletonBeanRegistry.java:225] - Creating shared instance of singleton bean 'org.springframework.boot.autoconfigure.jdbc.DataSourceInitializerInvoker'
2025-03-08 15:01:00,735 DEBUG [main][ConstructorResolver.java:807] - Autowiring by type from bean name 'org.springframework.boot.autoconfigure.jdbc.DataSourceInitializerInvoker' via constructor to bean named 'spring.datasource-org.springframework.boot.autoconfigure.jdbc.DataSourceProperties'
2025-03-08 15:01:00,735 DEBUG [main][ConstructorResolver.java:807] - Autowiring by type from bean name 'org.springframework.boot.autoconfigure.jdbc.DataSourceInitializerInvoker' via constructor to bean named 'spring.datasource-org.springframework.boot.autoconfigure.jdbc.DataSourceProperties'
2025-03-08 15:01:00,735 DEBUG [main][ConstructorResolver.java:807] - Autowiring by type from bean name 'org.springframework.boot.autoconfigure.jdbc.DataSourceInitializerInvoker' via constructor to bean named 'org.springframework.boot.web.servlet.context.AnnotationConfigServletWebServerApplicationContext@365a6a43'
2025-03-08 15:01:00,735 DEBUG [main][ConstructorResolver.java:807] - Autowiring by type from bean name 'org.springframework.boot.autoconfigure.jdbc.DataSourceInitializerInvoker' via constructor to bean named 'org.springframework.boot.web.servlet.context.AnnotationConfigServletWebServerApplicationContext@365a6a43'
2025-03-08 15:01:00,741 DEBUG [main][ConstructorResolver.java:807] - Autowiring by type from bean name 'sqlSessionFactory' via factory method to bean named 'dataSource'
2025-03-08 15:01:00,741 DEBUG [main][ConstructorResolver.java:807] - Autowiring by type from bean name 'sqlSessionFactory' via factory method to bean named 'dataSource'
2025-03-08 15:01:00,850 DEBUG [main][Logger.java:49] - Registered plugin: 'com.baomidou.mybatisplus.extension.plugins.MybatisPlusInterceptor@4fd80300'
2025-03-08 15:01:00,850 DEBUG [main][Logger.java:49] - Registered plugin: 'com.baomidou.mybatisplus.extension.plugins.MybatisPlusInterceptor@4fd80300'
2025-03-08 15:01:00,853 DEBUG [main][Logger.java:49] - Property 'mapperLocations' was not specified.
2025-03-08 15:01:00,853 DEBUG [main][Logger.java:49] - Property 'mapperLocations' was not specified.
2025-03-08 15:01:00,978 DEBUG [main][DefaultSingletonBeanRegistry.java:225] - Creating shared instance of singleton bean 'sqlSessionTemplate'
2025-03-08 15:01:00,978 DEBUG [main][DefaultSingletonBeanRegistry.java:225] - Creating shared instance of singleton bean 'sqlSessionTemplate'
2025-03-08 15:01:00,979 DEBUG [main][ConstructorResolver.java:807] - Autowiring by type from bean name 'sqlSessionTemplate' via factory method to bean named 'sqlSessionFactory'
2025-03-08 15:01:00,979 DEBUG [main][ConstructorResolver.java:807] - Autowiring by type from bean name 'sqlSessionTemplate' via factory method to bean named 'sqlSessionFactory'
2025-03-08 15:01:01,141 DEBUG [main][MybatisConfiguration.java:128] - addMappedStatement: com.xuecheng.content.mapper.CourseBaseMapper.insert
2025-03-08 15:01:01,141 DEBUG [main][MybatisConfiguration.java:128] - addMappedStatement: com.xuecheng.content.mapper.CourseBaseMapper.insert
2025-03-08 15:01:01,152 DEBUG [main][MybatisConfiguration.java:128] - addMappedStatement: com.xuecheng.content.mapper.CourseBaseMapper.delete
2025-03-08 15:01:01,152 DEBUG [main][MybatisConfiguration.java:128] - addMappedStatement: com.xuecheng.content.mapper.CourseBaseMapper.delete
2025-03-08 15:01:01,156 DEBUG [main][MybatisConfiguration.java:128] - addMappedStatement: com.xuecheng.content.mapper.CourseBaseMapper.deleteByMap
2025-03-08 15:01:01,156 DEBUG [main][MybatisConfiguration.java:128] - addMappedStatement: com.xuecheng.content.mapper.CourseBaseMapper.deleteByMap
2025-03-08 15:01:01,203 DEBUG [main][MybatisConfiguration.java:128] - addMappedStatement: com.xuecheng.content.mapper.CourseBaseMapper.deleteById
2025-03-08 15:01:01,203 DEBUG [main][MybatisConfiguration.java:128] - addMappedStatement: com.xuecheng.content.mapper.CourseBaseMapper.deleteById
2025-03-08 15:01:01,206 DEBUG [main][MybatisConfiguration.java:128] - addMappedStatement: com.xuecheng.content.mapper.CourseBaseMapper.deleteBatchIds
2025-03-08 15:01:01,206 DEBUG [main][MybatisConfiguration.java:128] - addMappedStatement: com.xuecheng.content.mapper.CourseBaseMapper.deleteBatchIds
2025-03-08 15:01:01,214 DEBUG [main][MybatisConfiguration.java:128] - addMappedStatement: com.xuecheng.content.mapper.CourseBaseMapper.update
2025-03-08 15:01:01,214 DEBUG [main][MybatisConfiguration.java:128] - addMappedStatement: com.xuecheng.content.mapper.CourseBaseMapper.update
2025-03-08 15:01:01,219 DEBUG [main][MybatisConfiguration.java:128] - addMappedStatement: com.xuecheng.content.mapper.CourseBaseMapper.updateById
2025-03-08 15:01:01,219 DEBUG [main][MybatisConfiguration.java:128] - addMappedStatement: com.xuecheng.content.mapper.CourseBaseMapper.updateById
2025-03-08 15:01:01,221 DEBUG [main][MybatisConfiguration.java:128] - addMappedStatement: com.xuecheng.content.mapper.CourseBaseMapper.selectById
2025-03-08 15:01:01,221 DEBUG [main][MybatisConfiguration.java:128] - addMappedStatement: com.xuecheng.content.mapper.CourseBaseMapper.selectById
2025-03-08 15:01:01,224 DEBUG [main][MybatisConfiguration.java:128] - addMappedStatement: com.xuecheng.content.mapper.CourseBaseMapper.selectBatchIds
2025-03-08 15:01:01,224 DEBUG [main][MybatisConfiguration.java:128] - addMappedStatement: com.xuecheng.content.mapper.CourseBaseMapper.selectBatchIds
2025-03-08 15:01:01,227 DEBUG [main][MybatisConfiguration.java:128] - addMappedStatement: com.xuecheng.content.mapper.CourseBaseMapper.selectByMap
2025-03-08 15:01:01,227 DEBUG [main][MybatisConfiguration.java:128] - addMappedStatement: com.xuecheng.content.mapper.CourseBaseMapper.selectByMap
2025-03-08 15:01:01,231 DEBUG [main][MybatisConfiguration.java:128] - addMappedStatement: com.xuecheng.content.mapper.CourseBaseMapper.selectOne
2025-03-08 15:01:01,231 DEBUG [main][MybatisConfiguration.java:128] - addMappedStatement: com.xuecheng.content.mapper.CourseBaseMapper.selectOne
2025-03-08 15:01:01,236 DEBUG [main][MybatisConfiguration.java:128] - addMappedStatement: com.xuecheng.content.mapper.CourseBaseMapper.selectCount
2025-03-08 15:01:01,236 DEBUG [main][MybatisConfiguration.java:128] - addMappedStatement: com.xuecheng.content.mapper.CourseBaseMapper.selectCount
2025-03-08 15:01:01,239 DEBUG [main][MybatisConfiguration.java:128] - addMappedStatement: com.xuecheng.content.mapper.CourseBaseMapper.selectMaps
2025-03-08 15:01:01,239 DEBUG [main][MybatisConfiguration.java:128] - addMappedStatement: com.xuecheng.content.mapper.CourseBaseMapper.selectMaps
2025-03-08 15:01:01,244 DEBUG [main][MybatisConfiguration.java:128] - addMappedStatement: com.xuecheng.content.mapper.CourseBaseMapper.selectMapsPage
2025-03-08 15:01:01,244 DEBUG [main][MybatisConfiguration.java:128] - addMappedStatement: com.xuecheng.content.mapper.CourseBaseMapper.selectMapsPage
2025-03-08 15:01:01,246 DEBUG [main][MybatisConfiguration.java:128] - addMappedStatement: com.xuecheng.content.mapper.CourseBaseMapper.selectObjs
2025-03-08 15:01:01,246 DEBUG [main][MybatisConfiguration.java:128] - addMappedStatement: com.xuecheng.content.mapper.CourseBaseMapper.selectObjs
2025-03-08 15:01:01,250 DEBUG [main][MybatisConfiguration.java:128] - addMappedStatement: com.xuecheng.content.mapper.CourseBaseMapper.selectList
2025-03-08 15:01:01,250 DEBUG [main][MybatisConfiguration.java:128] - addMappedStatement: com.xuecheng.content.mapper.CourseBaseMapper.selectList
2025-03-08 15:01:01,254 DEBUG [main][MybatisConfiguration.java:128] - addMappedStatement: com.xuecheng.content.mapper.CourseBaseMapper.selectPage
2025-03-08 15:01:01,254 DEBUG [main][MybatisConfiguration.java:128] - addMappedStatement: com.xuecheng.content.mapper.CourseBaseMapper.selectPage
2025-03-08 15:01:01,261 DEBUG [main][DefaultSingletonBeanRegistry.java:225] - Creating shared instance of singleton bean 'courseMarketMapper'
2025-03-08 15:01:01,261 DEBUG [main][DefaultSingletonBeanRegistry.java:225] - Creating shared instance of singleton bean 'courseMarketMapper'
2025-03-08 15:01:01,274 DEBUG [main][MybatisConfiguration.java:128] - addMappedStatement: com.xuecheng.content.mapper.CourseMarketMapper.insert
2025-03-08 15:01:01,274 DEBUG [main][MybatisConfiguration.java:128] - addMappedStatement: com.xuecheng.content.mapper.CourseMarketMapper.insert
2025-03-08 15:01:01,277 DEBUG [main][MybatisConfiguration.java:128] - addMappedStatement: com.xuecheng.content.mapper.CourseMarketMapper.delete
2025-03-08 15:01:01,277 DEBUG [main][MybatisConfiguration.java:128] - addMappedStatement: com.xuecheng.content.mapper.CourseMarketMapper.delete
2025-03-08 15:01:01,279 DEBUG [main][MybatisConfiguration.java:128] - addMappedStatement: com.xuecheng.content.mapper.CourseMarketMapper.deleteByMap
2025-03-08 15:01:01,279 DEBUG [main][MybatisConfiguration.java:128] - addMappedStatement: com.xuecheng.content.mapper.CourseMarketMapper.deleteByMap
2025-03-08 15:01:01,281 DEBUG [main][MybatisConfiguration.java:128] - addMappedStatement: com.xuecheng.content.mapper.CourseMarketMapper.deleteById
2025-03-08 15:01:01,281 DEBUG [main][MybatisConfiguration.java:128] - addMappedStatement: com.xuecheng.content.mapper.CourseMarketMapper.deleteById
2025-03-08 15:01:01,282 DEBUG [main][MybatisConfiguration.java:128] - addMappedStatement: com.xuecheng.content.mapper.CourseMarketMapper.deleteBatchIds
2025-03-08 15:01:01,282 DEBUG [main][MybatisConfiguration.java:128] - addMappedStatement: com.xuecheng.content.mapper.CourseMarketMapper.deleteBatchIds
2025-03-08 15:01:01,284 DEBUG [main][MybatisConfiguration.java:128] - addMappedStatement: com.xuecheng.content.mapper.CourseMarketMapper.update
2025-03-08 15:01:01,284 DEBUG [main][MybatisConfiguration.java:128] - addMappedStatement: com.xuecheng.content.mapper.CourseMarketMapper.update
2025-03-08 15:01:01,286 DEBUG [main][MybatisConfiguration.java:128] - addMappedStatement: com.xuecheng.content.mapper.CourseMarketMapper.updateById
2025-03-08 15:01:01,286 DEBUG [main][MybatisConfiguration.java:128] - addMappedStatement: com.xuecheng.content.mapper.CourseMarketMapper.updateById
2025-03-08 15:01:01,287 DEBUG [main][MybatisConfiguration.java:128] - addMappedStatement: com.xuecheng.content.mapper.CourseMarketMapper.selectById
2025-03-08 15:01:01,287 DEBUG [main][MybatisConfiguration.java:128] - addMappedStatement: com.xuecheng.content.mapper.CourseMarketMapper.selectById
2025-03-08 15:01:01,289 DEBUG [main][MybatisConfiguration.java:128] - addMappedStatement: com.xuecheng.content.mapper.CourseMarketMapper.selectBatchIds
2025-03-08 15:01:01,289 DEBUG [main][MybatisConfiguration.java:128] - addMappedStatement: com.xuecheng.content.mapper.CourseMarketMapper.selectBatchIds
2025-03-08 15:01:01,290 DEBUG [main][MybatisConfiguration.java:128] - addMappedStatement: com.xuecheng.content.mapper.CourseMarketMapper.selectByMap
2025-03-08 15:01:01,290 DEBUG [main][MybatisConfiguration.java:128] - addMappedStatement: com.xuecheng.content.mapper.CourseMarketMapper.selectByMap
2025-03-08 15:01:01,293 DEBUG [main][MybatisConfiguration.java:128] - addMappedStatement: com.xuecheng.content.mapper.CourseMarketMapper.selectOne
2025-03-08 15:01:01,293 DEBUG [main][MybatisConfiguration.java:128] - addMappedStatement: com.xuecheng.content.mapper.CourseMarketMapper.selectOne
2025-03-08 15:01:01,294 DEBUG [main][MybatisConfiguration.java:128] - addMappedStatement: com.xuecheng.content.mapper.CourseMarketMapper.selectCount
2025-03-08 15:01:01,294 DEBUG [main][MybatisConfiguration.java:128] - addMappedStatement: com.xuecheng.content.mapper.CourseMarketMapper.selectCount
2025-03-08 15:01:01,303 DEBUG [main][MybatisConfiguration.java:128] - addMappedStatement: com.xuecheng.content.mapper.CourseMarketMapper.selectMaps
2025-03-08 15:01:01,303 DEBUG [main][MybatisConfiguration.java:128] - addMappedStatement: com.xuecheng.content.mapper.CourseMarketMapper.selectMaps
2025-03-08 15:01:01,305 DEBUG [main][MybatisConfiguration.java:128] - addMappedStatement: com.xuecheng.content.mapper.CourseMarketMapper.selectMapsPage
2025-03-08 15:01:01,305 DEBUG [main][MybatisConfiguration.java:128] - addMappedStatement: com.xuecheng.content.mapper.CourseMarketMapper.selectMapsPage
2025-03-08 15:01:01,307 DEBUG [main][MybatisConfiguration.java:128] - addMappedStatement: com.xuecheng.content.mapper.CourseMarketMapper.selectObjs
2025-03-08 15:01:01,307 DEBUG [main][MybatisConfiguration.java:128] - addMappedStatement: com.xuecheng.content.mapper.CourseMarketMapper.selectObjs
2025-03-08 15:01:01,309 DEBUG [main][MybatisConfiguration.java:128] - addMappedStatement: com.xuecheng.content.mapper.CourseMarketMapper.selectList
2025-03-08 15:01:01,309 DEBUG [main][MybatisConfiguration.java:128] - addMappedStatement: com.xuecheng.content.mapper.CourseMarketMapper.selectList
2025-03-08 15:01:01,311 DEBUG [main][MybatisConfiguration.java:128] - addMappedStatement: com.xuecheng.content.mapper.CourseMarketMapper.selectPage
2025-03-08 15:01:01,311 DEBUG [main][MybatisConfiguration.java:128] - addMappedStatement: com.xuecheng.content.mapper.CourseMarketMapper.selectPage
2025-03-08 15:01:01,315 DEBUG [main][DefaultSingletonBeanRegistry.java:225] - Creating shared instance of singleton bean 'courseCategoryMapper'
2025-03-08 15:01:01,315 DEBUG [main][DefaultSingletonBeanRegistry.java:225] - Creating shared instance of singleton bean 'courseCategoryMapper'
2025-03-08 15:01:01,329 DEBUG [main][MybatisConfiguration.java:128] - addMappedStatement: com.xuecheng.content.mapper.CourseCategoryMapper.selectTreeNodes
2025-03-08 15:01:01,329 DEBUG [main][MybatisConfiguration.java:128] - addMappedStatement: com.xuecheng.content.mapper.CourseCategoryMapper.selectTreeNodes
2025-03-08 15:01:01,331 DEBUG [main][MybatisConfiguration.java:128] - addMappedStatement: com.xuecheng.content.mapper.CourseCategoryMapper.insert
2025-03-08 15:01:01,331 DEBUG [main][MybatisConfiguration.java:128] - addMappedStatement: com.xuecheng.content.mapper.CourseCategoryMapper.insert
2025-03-08 15:01:01,333 DEBUG [main][MybatisConfiguration.java:128] - addMappedStatement: com.xuecheng.content.mapper.CourseCategoryMapper.delete
2025-03-08 15:01:01,333 DEBUG [main][MybatisConfiguration.java:128] - addMappedStatement: com.xuecheng.content.mapper.CourseCategoryMapper.delete
2025-03-08 15:01:01,334 DEBUG [main][MybatisConfiguration.java:128] - addMappedStatement: com.xuecheng.content.mapper.CourseCategoryMapper.deleteByMap
2025-03-08 15:01:01,334 DEBUG [main][MybatisConfiguration.java:128] - addMappedStatement: com.xuecheng.content.mapper.CourseCategoryMapper.deleteByMap
2025-03-08 15:01:01,335 DEBUG [main][MybatisConfiguration.java:128] - addMappedStatement: com.xuecheng.content.mapper.CourseCategoryMapper.deleteById
2025-03-08 15:01:01,335 DEBUG [main][MybatisConfiguration.java:128] - addMappedStatement: com.xuecheng.content.mapper.CourseCategoryMapper.deleteById
2025-03-08 15:01:01,337 DEBUG [main][MybatisConfiguration.java:128] - addMappedStatement: com.xuecheng.content.mapper.CourseCategoryMapper.deleteBatchIds
2025-03-08 15:01:01,337 DEBUG [main][MybatisConfiguration.java:128] - addMappedStatement: com.xuecheng.content.mapper.CourseCategoryMapper.deleteBatchIds
2025-03-08 15:01:01,338 DEBUG [main][MybatisConfiguration.java:128] - addMappedStatement: com.xuecheng.content.mapper.CourseCategoryMapper.update
2025-03-08 15:01:01,338 DEBUG [main][MybatisConfiguration.java:128] - addMappedStatement: com.xuecheng.content.mapper.CourseCategoryMapper.update
2025-03-08 15:01:01,340 DEBUG [main][MybatisConfiguration.java:128] - addMappedStatement: com.xuecheng.content.mapper.CourseCategoryMapper.updateById
2025-03-08 15:01:01,340 DEBUG [main][MybatisConfiguration.java:128] - addMappedStatement: com.xuecheng.content.mapper.CourseCategoryMapper.updateById
2025-03-08 15:01:01,341 DEBUG [main][MybatisConfiguration.java:128] - addMappedStatement: com.xuecheng.content.mapper.CourseCategoryMapper.selectById
2025-03-08 15:01:01,341 DEBUG [main][MybatisConfiguration.java:128] - addMappedStatement: com.xuecheng.content.mapper.CourseCategoryMapper.selectById
2025-03-08 15:01:01,342 DEBUG [main][MybatisConfiguration.java:128] - addMappedStatement: com.xuecheng.content.mapper.CourseCategoryMapper.selectBatchIds
2025-03-08 15:01:01,342 DEBUG [main][MybatisConfiguration.java:128] - addMappedStatement: com.xuecheng.content.mapper.CourseCategoryMapper.selectBatchIds
2025-03-08 15:01:01,344 DEBUG [main][MybatisConfiguration.java:128] - addMappedStatement: com.xuecheng.content.mapper.CourseCategoryMapper.selectByMap
2025-03-08 15:01:01,344 DEBUG [main][MybatisConfiguration.java:128] - addMappedStatement: com.xuecheng.content.mapper.CourseCategoryMapper.selectByMap
2025-03-08 15:01:01,347 DEBUG [main][MybatisConfiguration.java:128] - addMappedStatement: com.xuecheng.content.mapper.CourseCategoryMapper.selectOne
2025-03-08 15:01:01,347 DEBUG [main][MybatisConfiguration.java:128] - addMappedStatement: com.xuecheng.content.mapper.CourseCategoryMapper.selectOne
2025-03-08 15:01:01,348 DEBUG [main][MybatisConfiguration.java:128] - addMappedStatement: com.xuecheng.content.mapper.CourseCategoryMapper.selectCount
2025-03-08 15:01:01,348 DEBUG [main][MybatisConfiguration.java:128] - addMappedStatement: com.xuecheng.content.mapper.CourseCategoryMapper.selectCount
2025-03-08 15:01:01,350 DEBUG [main][MybatisConfiguration.java:128] - addMappedStatement: com.xuecheng.content.mapper.CourseCategoryMapper.selectMaps
2025-03-08 15:01:01,350 DEBUG [main][MybatisConfiguration.java:128] - addMappedStatement: com.xuecheng.content.mapper.CourseCategoryMapper.selectMaps
2025-03-08 15:01:01,352 DEBUG [main][MybatisConfiguration.java:128] - addMappedStatement: com.xuecheng.content.mapper.CourseCategoryMapper.selectMapsPage
2025-03-08 15:01:01,352 DEBUG [main][MybatisConfiguration.java:128] - addMappedStatement: com.xuecheng.content.mapper.CourseCategoryMapper.selectMapsPage
2025-03-08 15:01:01,354 DEBUG [main][MybatisConfiguration.java:128] - addMappedStatement: com.xuecheng.content.mapper.CourseCategoryMapper.selectObjs
2025-03-08 15:01:01,354 DEBUG [main][MybatisConfiguration.java:128] - addMappedStatement: com.xuecheng.content.mapper.CourseCategoryMapper.selectObjs
2025-03-08 15:01:01,356 DEBUG [main][MybatisConfiguration.java:128] - addMappedStatement: com.xuecheng.content.mapper.CourseCategoryMapper.selectList
2025-03-08 15:01:01,356 DEBUG [main][MybatisConfiguration.java:128] - addMappedStatement: com.xuecheng.content.mapper.CourseCategoryMapper.selectList
2025-03-08 15:01:01,359 DEBUG [main][MybatisConfiguration.java:128] - addMappedStatement: com.xuecheng.content.mapper.CourseCategoryMapper.selectPage
2025-03-08 15:01:01,359 DEBUG [main][MybatisConfiguration.java:128] - addMappedStatement: com.xuecheng.content.mapper.CourseCategoryMapper.selectPage
2025-03-08 15:01:01,387 DEBUG [main][DefaultSingletonBeanRegistry.java:225] - Creating shared instance of singleton bean 'courseCategoryController'
2025-03-08 15:01:01,387 DEBUG [main][DefaultSingletonBeanRegistry.java:225] - Creating shared instance of singleton bean 'courseCategoryController'
2025-03-08 15:01:01,390 DEBUG [main][DefaultSingletonBeanRegistry.java:225] - Creating shared instance of singleton bean 'courseCategoryServiceImpl'
2025-03-08 15:01:01,390 DEBUG [main][DefaultSingletonBeanRegistry.java:225] - Creating shared instance of singleton bean 'courseCategoryServiceImpl'
2025-03-08 15:01:01,392 DEBUG [main][DefaultSingletonBeanRegistry.java:225] - Creating shared instance of singleton bean 'localDateTimeConfig'
2025-03-08 15:01:01,392 DEBUG [main][DefaultSingletonBeanRegistry.java:225] - Creating shared instance of singleton bean 'localDateTimeConfig'
2025-03-08 15:01:01,393 DEBUG [main][DefaultSingletonBeanRegistry.java:225] - Creating shared instance of singleton bean 'globalExceptionHandler'
2025-03-08 15:01:01,393 DEBUG [main][DefaultSingletonBeanRegistry.java:225] - Creating shared instance of singleton bean 'globalExceptionHandler'
2025-03-08 15:01:01,400 DEBUG [main][DefaultSingletonBeanRegistry.java:225] - Creating shared instance of singleton bean 'serviceModelToSwagger2MapperImpl'
2025-03-08 15:01:01,400 DEBUG [main][DefaultSingletonBeanRegistry.java:225] - Creating shared instance of singleton bean 'serviceModelToSwagger2MapperImpl'
2025-03-08 15:01:01,412 DEBUG [main][DefaultSingletonBeanRegistry.java:225] - Creating shared instance of singleton bean 'modelMapperImpl'
2025-03-08 15:01:01,412 DEBUG [main][DefaultSingletonBeanRegistry.java:225] - Creating shared instance of singleton bean 'modelMapperImpl'
2025-03-08 15:01:01,422 DEBUG [main][DefaultSingletonBeanRegistry.java:225] - Creating shared instance of singleton bean 'parameterMapperImpl'
2025-03-08 15:01:01,422 DEBUG [main][DefaultSingletonBeanRegistry.java:225] - Creating shared instance of singleton bean 'parameterMapperImpl'
2025-03-08 15:01:01,426 DEBUG [main][DefaultSingletonBeanRegistry.java:225] - Creating shared instance of singleton bean 'securityMapperImpl'
2025-03-08 15:01:01,426 DEBUG [main][DefaultSingletonBeanRegistry.java:225] - Creating shared instance of singleton bean 'securityMapperImpl'
2025-03-08 15:01:01,458 DEBUG [main][DefaultSingletonBeanRegistry.java:225] - Creating shared instance of singleton bean 'licenseMapperImpl'
2025-03-08 15:01:01,458 DEBUG [main][DefaultSingletonBeanRegistry.java:225] - Creating shared instance of singleton bean 'licenseMapperImpl'
2025-03-08 15:01:01,461 DEBUG [main][DefaultSingletonBeanRegistry.java:225] - Creating shared instance of singleton bean 'vendorExtensionsMapperImpl'
2025-03-08 15:01:01,461 DEBUG [main][DefaultSingletonBeanRegistry.java:225] - Creating shared instance of singleton bean 'vendorExtensionsMapperImpl'
2025-03-08 15:01:01,464 DEBUG [main][DefaultSingletonBeanRegistry.java:225] - Creating shared instance of singleton bean 'apiListingReferenceScanner'
2025-03-08 15:01:01,464 DEBUG [main][DefaultSingletonBeanRegistry.java:225] - Creating shared instance of singleton bean 'apiListingReferenceScanner'
2025-03-08 15:01:01,468 DEBUG [main][DefaultSingletonBeanRegistry.java:225] - Creating shared instance of singleton bean 'apiDocumentationScanner'
2025-03-08 15:01:01,468 DEBUG [main][DefaultSingletonBeanRegistry.java:225] - Creating shared instance of singleton bean 'apiDocumentationScanner'
2025-03-08 15:01:01,474 DEBUG [main][DefaultSingletonBeanRegistry.java:225] - Creating shared instance of singleton bean 'apiListingScanner'
2025-03-08 15:01:01,474 DEBUG [main][DefaultSingletonBeanRegistry.java:225] - Creating shared instance of singleton bean 'apiListingScanner'
2025-03-08 15:01:01,479 DEBUG [main][DefaultSingletonBeanRegistry.java:225] - Creating shared instance of singleton bean 'apiDescriptionReader'
2025-03-08 15:01:01,479 DEBUG [main][DefaultSingletonBeanRegistry.java:225] - Creating shared instance of singleton bean 'apiDescriptionReader'
2025-03-08 15:01:01,489 DEBUG [main][DefaultSingletonBeanRegistry.java:225] - Creating shared instance of singleton bean 'cachingOperationReader'
2025-03-08 15:01:01,489 DEBUG [main][DefaultSingletonBeanRegistry.java:225] - Creating shared instance of singleton bean 'cachingOperationReader'
2025-03-08 15:01:01,493 DEBUG [main][DefaultSingletonBeanRegistry.java:225] - Creating shared instance of singleton bean 'apiOperationReader'
2025-03-08 15:01:01,493 DEBUG [main][DefaultSingletonBeanRegistry.java:225] - Creating shared instance of singleton bean 'apiOperationReader'
2025-03-08 15:01:01,496 DEBUG [main][DefaultSingletonBeanRegistry.java:225] - Creating shared instance of singleton bean 'documentationPluginsManager'
2025-03-08 15:01:01,496 DEBUG [main][DefaultSingletonBeanRegistry.java:225] - Creating shared instance of singleton bean 'documentationPluginsManager'
2025-03-08 15:01:01,508 DEBUG [main][DefaultSingletonBeanRegistry.java:225] - Creating shared instance of singleton bean 'documentationPluginRegistry'
2025-03-08 15:01:01,508 DEBUG [main][DefaultSingletonBeanRegistry.java:225] - Creating shared instance of singleton bean 'documentationPluginRegistry'
2025-03-08 15:01:01,534 DEBUG [main][DefaultSingletonBeanRegistry.java:225] - Creating shared instance of singleton bean 'apiListingBuilderPluginRegistry'
2025-03-08 15:01:01,534 DEBUG [main][DefaultSingletonBeanRegistry.java:225] - Creating shared instance of singleton bean 'apiListingBuilderPluginRegistry'
2025-03-08 15:01:01,537 DEBUG [main][DefaultSingletonBeanRegistry.java:225] - Creating shared instance of singleton bean 'parameterBuilderPluginRegistry'
2025-03-08 15:01:01,537 DEBUG [main][DefaultSingletonBeanRegistry.java:225] - Creating shared instance of singleton bean 'parameterBuilderPluginRegistry'
2025-03-08 15:01:01,539 DEBUG [main][DefaultSingletonBeanRegistry.java:225] - Creating shared instance of singleton bean 'expandedParameterBuilderPluginRegistry'
2025-03-08 15:01:01,539 DEBUG [main][DefaultSingletonBeanRegistry.java:225] - Creating shared instance of singleton bean 'expandedParameterBuilderPluginRegistry'
2025-03-08 15:01:01,541 DEBUG [main][DefaultSingletonBeanRegistry.java:225] - Creating shared instance of singleton bean 'operationBuilderPluginRegistry'
2025-03-08 15:01:01,541 DEBUG [main][DefaultSingletonBeanRegistry.java:225] - Creating shared instance of singleton bean 'operationBuilderPluginRegistry'
2025-03-08 15:01:01,543 DEBUG [main][DefaultSingletonBeanRegistry.java:225] - Creating shared instance of singleton bean 'resourceGroupingStrategyRegistry'
2025-03-08 15:01:01,543 DEBUG [main][DefaultSingletonBeanRegistry.java:225] - Creating shared instance of singleton bean 'resourceGroupingStrategyRegistry'
2025-03-08 15:01:01,546 DEBUG [main][DefaultSingletonBeanRegistry.java:225] - Creating shared instance of singleton bean 'operationModelsProviderPluginRegistry'
2025-03-08 15:01:01,546 DEBUG [main][DefaultSingletonBeanRegistry.java:225] - Creating shared instance of singleton bean 'operationModelsProviderPluginRegistry'
2025-03-08 15:01:01,549 DEBUG [main][DefaultSingletonBeanRegistry.java:225] - Creating shared instance of singleton bean 'defaultsProviderPluginRegistry'
2025-03-08 15:01:01,549 DEBUG [main][DefaultSingletonBeanRegistry.java:225] - Creating shared instance of singleton bean 'defaultsProviderPluginRegistry'
2025-03-08 15:01:01,552 DEBUG [main][DefaultSingletonBeanRegistry.java:225] - Creating shared instance of singleton bean 'pathDecoratorRegistry'
2025-03-08 15:01:01,552 DEBUG [main][DefaultSingletonBeanRegistry.java:225] - Creating shared instance of singleton bean 'pathDecoratorRegistry'
2025-03-08 15:01:01,554 DEBUG [main][DefaultSingletonBeanRegistry.java:225] - Creating shared instance of singleton bean 'apiListingScannerPluginRegistry'
2025-03-08 15:01:01,554 DEBUG [main][DefaultSingletonBeanRegistry.java:225] - Creating shared instance of singleton bean 'apiListingScannerPluginRegistry'
2025-03-08 15:01:01,556 DEBUG [main][DefaultSingletonBeanRegistry.java:225] - Creating shared instance of singleton bean 'cachingOperationNameGenerator'
2025-03-08 15:01:01,556 DEBUG [main][DefaultSingletonBeanRegistry.java:225] - Creating shared instance of singleton bean 'cachingOperationNameGenerator'
2025-03-08 15:01:01,562 DEBUG [main][ConstructorResolver.java:807] - Autowiring by type from bean name 'apiOperationReader' via constructor to bean named 'documentationPluginsManager'
2025-03-08 15:01:01,562 DEBUG [main][ConstructorResolver.java:807] - Autowiring by type from bean name 'apiOperationReader' via constructor to bean named 'documentationPluginsManager'
2025-03-08 15:01:01,563 DEBUG [main][ConstructorResolver.java:807] - Autowiring by type from bean name 'apiOperationReader' via constructor to bean named 'cachingOperationNameGenerator'
2025-03-08 15:01:01,563 DEBUG [main][ConstructorResolver.java:807] - Autowiring by type from bean name 'apiOperationReader' via constructor to bean named 'cachingOperationNameGenerator'
2025-03-08 15:01:01,564 DEBUG [main][ConstructorResolver.java:807] - Autowiring by type from bean name 'cachingOperationReader' via constructor to bean named 'apiOperationReader'
2025-03-08 15:01:01,564 DEBUG [main][ConstructorResolver.java:807] - Autowiring by type from bean name 'cachingOperationReader' via constructor to bean named 'apiOperationReader'
2025-03-08 15:01:01,601 DEBUG [main][DefaultSingletonBeanRegistry.java:225] - Creating shared instance of singleton bean 'apiDescriptionLookup'
2025-03-08 15:01:01,601 DEBUG [main][DefaultSingletonBeanRegistry.java:225] - Creating shared instance of singleton bean 'apiDescriptionLookup'
2025-03-08 15:01:01,603 DEBUG [main][ConstructorResolver.java:807] - Autowiring by type from bean name 'apiDescriptionReader' via constructor to bean named 'cachingOperationReader'
2025-03-08 15:01:01,603 DEBUG [main][ConstructorResolver.java:807] - Autowiring by type from bean name 'apiDescriptionReader' via constructor to bean named 'cachingOperationReader'
2025-03-08 15:01:01,603 DEBUG [main][ConstructorResolver.java:807] - Autowiring by type from bean name 'apiDescriptionReader' via constructor to bean named 'documentationPluginsManager'
2025-03-08 15:01:01,603 DEBUG [main][ConstructorResolver.java:807] - Autowiring by type from bean name 'apiDescriptionReader' via constructor to bean named 'documentationPluginsManager'
2025-03-08 15:01:01,603 DEBUG [main][ConstructorResolver.java:807] - Autowiring by type from bean name 'apiDescriptionReader' via constructor to bean named 'apiDescriptionLookup'
2025-03-08 15:01:01,603 DEBUG [main][ConstructorResolver.java:807] - Autowiring by type from bean name 'apiDescriptionReader' via constructor to bean named 'apiDescriptionLookup'
2025-03-08 15:01:01,604 DEBUG [main][DefaultSingletonBeanRegistry.java:225] - Creating shared instance of singleton bean 'apiModelReader'
2025-03-08 15:01:01,604 DEBUG [main][DefaultSingletonBeanRegistry.java:225] - Creating shared instance of singleton bean 'apiModelReader'
2025-03-08 15:01:01,607 DEBUG [main][DefaultSingletonBeanRegistry.java:225] - Creating shared instance of singleton bean 'cachingModelProvider'
2025-03-08 15:01:01,607 DEBUG [main][DefaultSingletonBeanRegistry.java:225] - Creating shared instance of singleton bean 'cachingModelProvider'
2025-03-08 15:01:01,609 DEBUG [main][DefaultSingletonBeanRegistry.java:225] - Creating shared instance of singleton bean 'defaultModelProvider'
2025-03-08 15:01:01,609 DEBUG [main][DefaultSingletonBeanRegistry.java:225] - Creating shared instance of singleton bean 'defaultModelProvider'
2025-03-08 15:01:01,611 DEBUG [main][DefaultSingletonBeanRegistry.java:225] - Creating shared instance of singleton bean 'typeResolver'
2025-03-08 15:01:01,611 DEBUG [main][DefaultSingletonBeanRegistry.java:225] - Creating shared instance of singleton bean 'typeResolver'
2025-03-08 15:01:01,611 DEBUG [main][DefaultSingletonBeanRegistry.java:225] - Creating shared instance of singleton bean 'springfox.documentation.schema.configuration.ModelsConfiguration'
2025-03-08 15:01:01,611 DEBUG [main][DefaultSingletonBeanRegistry.java:225] - Creating shared instance of singleton bean 'springfox.documentation.schema.configuration.ModelsConfiguration'
2025-03-08 15:01:01,617 DEBUG [main][DefaultSingletonBeanRegistry.java:225] - Creating shared instance of singleton bean 'cachingModelPropertiesProvider'
2025-03-08 15:01:01,617 DEBUG [main][DefaultSingletonBeanRegistry.java:225] - Creating shared instance of singleton bean 'cachingModelPropertiesProvider'
2025-03-08 15:01:01,619 DEBUG [main][DefaultSingletonBeanRegistry.java:225] - Creating shared instance of singleton bean 'optimized'
2025-03-08 15:01:01,619 DEBUG [main][DefaultSingletonBeanRegistry.java:225] - Creating shared instance of singleton bean 'optimized'
2025-03-08 15:01:01,624 DEBUG [main][DefaultSingletonBeanRegistry.java:225] - Creating shared instance of singleton bean 'accessorsProvider'
2025-03-08 15:01:01,624 DEBUG [main][DefaultSingletonBeanRegistry.java:225] - Creating shared instance of singleton bean 'accessorsProvider'
2025-03-08 15:01:01,625 DEBUG [main][ConstructorResolver.java:807] - Autowiring by type from bean name 'accessorsProvider' via constructor to bean named 'typeResolver'
2025-03-08 15:01:01,625 DEBUG [main][ConstructorResolver.java:807] - Autowiring by type from bean name 'accessorsProvider' via constructor to bean named 'typeResolver'
2025-03-08 15:01:01,628 DEBUG [main][DefaultSingletonBeanRegistry.java:225] - Creating shared instance of singleton bean 'fieldProvider'
2025-03-08 15:01:01,628 DEBUG [main][DefaultSingletonBeanRegistry.java:225] - Creating shared instance of singleton bean 'fieldProvider'
2025-03-08 15:01:01,630 DEBUG [main][ConstructorResolver.java:807] - Autowiring by type from bean name 'fieldProvider' via constructor to bean named 'typeResolver'
2025-03-08 15:01:01,630 DEBUG [main][ConstructorResolver.java:807] - Autowiring by type from bean name 'fieldProvider' via constructor to bean named 'typeResolver'
2025-03-08 15:01:01,631 DEBUG [main][DefaultSingletonBeanRegistry.java:225] - Creating shared instance of singleton bean 'factoryMethodProvider'
2025-03-08 15:01:01,631 DEBUG [main][DefaultSingletonBeanRegistry.java:225] - Creating shared instance of singleton bean 'factoryMethodProvider'
2025-03-08 15:01:01,633 DEBUG [main][ConstructorResolver.java:807] - Autowiring by type from bean name 'factoryMethodProvider' via constructor to bean named 'typeResolver'
2025-03-08 15:01:01,633 DEBUG [main][ConstructorResolver.java:807] - Autowiring by type from bean name 'factoryMethodProvider' via constructor to bean named 'typeResolver'
2025-03-08 15:01:01,634 DEBUG [main][DefaultSingletonBeanRegistry.java:225] - Creating shared instance of singleton bean 'objectMapperBeanPropertyNamingStrategy'
2025-03-08 15:01:01,634 DEBUG [main][DefaultSingletonBeanRegistry.java:225] - Creating shared instance of singleton bean 'objectMapperBeanPropertyNamingStrategy'
2025-03-08 15:01:01,637 DEBUG [main][DefaultSingletonBeanRegistry.java:225] - Creating shared instance of singleton bean 'schemaPluginsManager'
2025-03-08 15:01:01,637 DEBUG [main][DefaultSingletonBeanRegistry.java:225] - Creating shared instance of singleton bean 'schemaPluginsManager'
2025-03-08 15:01:01,640 DEBUG [main][DefaultSingletonBeanRegistry.java:225] - Creating shared instance of singleton bean 'modelPropertyBuilderPluginRegistry'
2025-03-08 15:01:01,640 DEBUG [main][DefaultSingletonBeanRegistry.java:225] - Creating shared instance of singleton bean 'modelPropertyBuilderPluginRegistry'
2025-03-08 15:01:01,642 DEBUG [main][DefaultSingletonBeanRegistry.java:225] - Creating shared instance of singleton bean 'modelBuilderPluginRegistry'
2025-03-08 15:01:01,642 DEBUG [main][DefaultSingletonBeanRegistry.java:225] - Creating shared instance of singleton bean 'modelBuilderPluginRegistry'
2025-03-08 15:01:01,645 DEBUG [main][DefaultSingletonBeanRegistry.java:225] - Creating shared instance of singleton bean 'syntheticModelProviderPluginRegistry'
2025-03-08 15:01:01,645 DEBUG [main][DefaultSingletonBeanRegistry.java:225] - Creating shared instance of singleton bean 'syntheticModelProviderPluginRegistry'
2025-03-08 15:01:01,645 DEBUG [main][ConstructorResolver.java:807] - Autowiring by type from bean name 'schemaPluginsManager' via constructor to bean named 'modelPropertyBuilderPluginRegistry'
2025-03-08 15:01:01,645 DEBUG [main][ConstructorResolver.java:807] - Autowiring by type from bean name 'schemaPluginsManager' via constructor to bean named 'modelPropertyBuilderPluginRegistry'
2025-03-08 15:01:01,646 DEBUG [main][ConstructorResolver.java:807] - Autowiring by type from bean name 'schemaPluginsManager' via constructor to bean named 'modelBuilderPluginRegistry'
2025-03-08 15:01:01,646 DEBUG [main][ConstructorResolver.java:807] - Autowiring by type from bean name 'schemaPluginsManager' via constructor to bean named 'modelBuilderPluginRegistry'
2025-03-08 15:01:01,646 DEBUG [main][ConstructorResolver.java:807] - Autowiring by type from bean name 'schemaPluginsManager' via constructor to bean named 'syntheticModelProviderPluginRegistry'
2025-03-08 15:01:01,646 DEBUG [main][ConstructorResolver.java:807] - Autowiring by type from bean name 'schemaPluginsManager' via constructor to bean named 'syntheticModelProviderPluginRegistry'
2025-03-08 15:01:01,648 DEBUG [main][DefaultSingletonBeanRegistry.java:225] - Creating shared instance of singleton bean 'typeNameExtractor'
2025-03-08 15:01:01,648 DEBUG [main][DefaultSingletonBeanRegistry.java:225] - Creating shared instance of singleton bean 'typeNameExtractor'
2025-03-08 15:01:01,651 DEBUG [main][DefaultSingletonBeanRegistry.java:225] - Creating shared instance of singleton bean 'typeNameProviderPluginRegistry'
2025-03-08 15:01:01,651 DEBUG [main][DefaultSingletonBeanRegistry.java:225] - Creating shared instance of singleton bean 'typeNameProviderPluginRegistry'
2025-03-08 15:01:01,652 DEBUG [main][DefaultSingletonBeanRegistry.java:225] - Creating shared instance of singleton bean 'jacksonEnumTypeDeterminer'
2025-03-08 15:01:01,652 DEBUG [main][DefaultSingletonBeanRegistry.java:225] - Creating shared instance of singleton bean 'jacksonEnumTypeDeterminer'
2025-03-08 15:01:01,653 DEBUG [main][ConstructorResolver.java:807] - Autowiring by type from bean name 'typeNameExtractor' via constructor to bean named 'typeResolver'
2025-03-08 15:01:01,653 DEBUG [main][ConstructorResolver.java:807] - Autowiring by type from bean name 'typeNameExtractor' via constructor to bean named 'typeResolver'
2025-03-08 15:01:01,653 DEBUG [main][ConstructorResolver.java:807] - Autowiring by type from bean name 'typeNameExtractor' via constructor to bean named 'typeNameProviderPluginRegistry'
2025-03-08 15:01:01,653 DEBUG [main][ConstructorResolver.java:807] - Autowiring by type from bean name 'typeNameExtractor' via constructor to bean named 'typeNameProviderPluginRegistry'
2025-03-08 15:01:01,653 DEBUG [main][ConstructorResolver.java:807] - Autowiring by type from bean name 'typeNameExtractor' via constructor to bean named 'jacksonEnumTypeDeterminer'
2025-03-08 15:01:01,653 DEBUG [main][ConstructorResolver.java:807] - Autowiring by type from bean name 'typeNameExtractor' via constructor to bean named 'jacksonEnumTypeDeterminer'
2025-03-08 15:01:01,654 DEBUG [main][ConstructorResolver.java:807] - Autowiring by type from bean name 'optimized' via constructor to bean named 'accessorsProvider'
2025-03-08 15:01:01,654 DEBUG [main][ConstructorResolver.java:807] - Autowiring by type from bean name 'optimized' via constructor to bean named 'accessorsProvider'
2025-03-08 15:01:01,654 DEBUG [main][ConstructorResolver.java:807] - Autowiring by type from bean name 'optimized' via constructor to bean named 'fieldProvider'
2025-03-08 15:01:01,654 DEBUG [main][ConstructorResolver.java:807] - Autowiring by type from bean name 'optimized' via constructor to bean named 'fieldProvider'
2025-03-08 15:01:01,654 DEBUG [main][ConstructorResolver.java:807] - Autowiring by type from bean name 'optimized' via constructor to bean named 'factoryMethodProvider'
2025-03-08 15:01:01,654 DEBUG [main][ConstructorResolver.java:807] - Autowiring by type from bean name 'optimized' via constructor to bean named 'factoryMethodProvider'
2025-03-08 15:01:01,655 DEBUG [main][ConstructorResolver.java:807] - Autowiring by type from bean name 'optimized' via constructor to bean named 'typeResolver'
2025-03-08 15:01:01,655 DEBUG [main][ConstructorResolver.java:807] - Autowiring by type from bean name 'optimized' via constructor to bean named 'typeResolver'
2025-03-08 15:01:01,655 DEBUG [main][ConstructorResolver.java:807] - Autowiring by type from bean name 'optimized' via constructor to bean named 'objectMapperBeanPropertyNamingStrategy'
2025-03-08 15:01:01,655 DEBUG [main][ConstructorResolver.java:807] - Autowiring by type from bean name 'optimized' via constructor to bean named 'objectMapperBeanPropertyNamingStrategy'
2025-03-08 15:01:01,655 DEBUG [main][ConstructorResolver.java:807] - Autowiring by type from bean name 'optimized' via constructor to bean named 'schemaPluginsManager'
2025-03-08 15:01:01,655 DEBUG [main][ConstructorResolver.java:807] - Autowiring by type from bean name 'optimized' via constructor to bean named 'schemaPluginsManager'
2025-03-08 15:01:01,655 DEBUG [main][ConstructorResolver.java:807] - Autowiring by type from bean name 'optimized' via constructor to bean named 'typeNameExtractor'
2025-03-08 15:01:01,655 DEBUG [main][ConstructorResolver.java:807] - Autowiring by type from bean name 'optimized' via constructor to bean named 'typeNameExtractor'
2025-03-08 15:01:01,659 DEBUG [main][ConstructorResolver.java:807] - Autowiring by type from bean name 'cachingModelPropertiesProvider' via constructor to bean named 'typeResolver'
2025-03-08 15:01:01,659 DEBUG [main][ConstructorResolver.java:807] - Autowiring by type from bean name 'cachingModelPropertiesProvider' via constructor to bean named 'typeResolver'
2025-03-08 15:01:01,659 DEBUG [main][ConstructorResolver.java:807] - Autowiring by type from bean name 'cachingModelPropertiesProvider' via constructor to bean named 'optimized'
2025-03-08 15:01:01,659 DEBUG [main][ConstructorResolver.java:807] - Autowiring by type from bean name 'cachingModelPropertiesProvider' via constructor to bean named 'optimized'
2025-03-08 15:01:01,661 DEBUG [main][DefaultSingletonBeanRegistry.java:225] - Creating shared instance of singleton bean 'cachingModelDependencyProvider'
2025-03-08 15:01:01,661 DEBUG [main][DefaultSingletonBeanRegistry.java:225] - Creating shared instance of singleton bean 'cachingModelDependencyProvider'
2025-03-08 15:01:01,664 DEBUG [main][DefaultSingletonBeanRegistry.java:225] - Creating shared instance of singleton bean 'defaultModelDependencyProvider'
2025-03-08 15:01:01,664 DEBUG [main][DefaultSingletonBeanRegistry.java:225] - Creating shared instance of singleton bean 'defaultModelDependencyProvider'
2025-03-08 15:01:01,669 DEBUG [main][ConstructorResolver.java:807] - Autowiring by type from bean name 'defaultModelDependencyProvider' via constructor to bean named 'typeResolver'
2025-03-08 15:01:01,669 DEBUG [main][ConstructorResolver.java:807] - Autowiring by type from bean name 'defaultModelDependencyProvider' via constructor to bean named 'typeResolver'
2025-03-08 15:01:01,669 DEBUG [main][ConstructorResolver.java:807] - Autowiring by type from bean name 'defaultModelDependencyProvider' via constructor to bean named 'cachingModelPropertiesProvider'
2025-03-08 15:01:01,669 DEBUG [main][ConstructorResolver.java:807] - Autowiring by type from bean name 'defaultModelDependencyProvider' via constructor to bean named 'cachingModelPropertiesProvider'
2025-03-08 15:01:01,670 DEBUG [main][ConstructorResolver.java:807] - Autowiring by type from bean name 'defaultModelDependencyProvider' via constructor to bean named 'typeNameExtractor'
2025-03-08 15:01:01,670 DEBUG [main][ConstructorResolver.java:807] - Autowiring by type from bean name 'defaultModelDependencyProvider' via constructor to bean named 'typeNameExtractor'
2025-03-08 15:01:01,670 DEBUG [main][ConstructorResolver.java:807] - Autowiring by type from bean name 'defaultModelDependencyProvider' via constructor to bean named 'jacksonEnumTypeDeterminer'
2025-03-08 15:01:01,670 DEBUG [main][ConstructorResolver.java:807] - Autowiring by type from bean name 'defaultModelDependencyProvider' via constructor to bean named 'jacksonEnumTypeDeterminer'
2025-03-08 15:01:01,670 DEBUG [main][ConstructorResolver.java:807] - Autowiring by type from bean name 'defaultModelDependencyProvider' via constructor to bean named 'schemaPluginsManager'
2025-03-08 15:01:01,670 DEBUG [main][ConstructorResolver.java:807] - Autowiring by type from bean name 'defaultModelDependencyProvider' via constructor to bean named 'schemaPluginsManager'
2025-03-08 15:01:01,674 DEBUG [main][ConstructorResolver.java:807] - Autowiring by type from bean name 'cachingModelDependencyProvider' via constructor to bean named 'defaultModelDependencyProvider'
2025-03-08 15:01:01,674 DEBUG [main][ConstructorResolver.java:807] - Autowiring by type from bean name 'cachingModelDependencyProvider' via constructor to bean named 'defaultModelDependencyProvider'
2025-03-08 15:01:01,675 DEBUG [main][ConstructorResolver.java:807] - Autowiring by type from bean name 'defaultModelProvider' via constructor to bean named 'typeResolver'
2025-03-08 15:01:01,675 DEBUG [main][ConstructorResolver.java:807] - Autowiring by type from bean name 'defaultModelProvider' via constructor to bean named 'typeResolver'
2025-03-08 15:01:01,676 DEBUG [main][ConstructorResolver.java:807] - Autowiring by type from bean name 'defaultModelProvider' via constructor to bean named 'cachingModelPropertiesProvider'
2025-03-08 15:01:01,676 DEBUG [main][ConstructorResolver.java:807] - Autowiring by type from bean name 'defaultModelProvider' via constructor to bean named 'cachingModelPropertiesProvider'
2025-03-08 15:01:01,676 DEBUG [main][ConstructorResolver.java:807] - Autowiring by type from bean name 'defaultModelProvider' via constructor to bean named 'cachingModelDependencyProvider'
2025-03-08 15:01:01,676 DEBUG [main][ConstructorResolver.java:807] - Autowiring by type from bean name 'defaultModelProvider' via constructor to bean named 'cachingModelDependencyProvider'
2025-03-08 15:01:01,676 DEBUG [main][ConstructorResolver.java:807] - Autowiring by type from bean name 'defaultModelProvider' via constructor to bean named 'schemaPluginsManager'
2025-03-08 15:01:01,676 DEBUG [main][ConstructorResolver.java:807] - Autowiring by type from bean name 'defaultModelProvider' via constructor to bean named 'schemaPluginsManager'
2025-03-08 15:01:01,676 DEBUG [main][ConstructorResolver.java:807] - Autowiring by type from bean name 'defaultModelProvider' via constructor to bean named 'typeNameExtractor'
2025-03-08 15:01:01,676 DEBUG [main][ConstructorResolver.java:807] - Autowiring by type from bean name 'defaultModelProvider' via constructor to bean named 'typeNameExtractor'
2025-03-08 15:01:01,676 DEBUG [main][ConstructorResolver.java:807] - Autowiring by type from bean name 'defaultModelProvider' via constructor to bean named 'jacksonEnumTypeDeterminer'
2025-03-08 15:01:01,676 DEBUG [main][ConstructorResolver.java:807] - Autowiring by type from bean name 'defaultModelProvider' via constructor to bean named 'jacksonEnumTypeDeterminer'
2025-03-08 15:01:01,679 DEBUG [main][ConstructorResolver.java:807] - Autowiring by type from bean name 'cachingModelProvider' via constructor to bean named 'defaultModelProvider'
2025-03-08 15:01:01,679 DEBUG [main][ConstructorResolver.java:807] - Autowiring by type from bean name 'cachingModelProvider' via constructor to bean named 'defaultModelProvider'
2025-03-08 15:01:01,681 DEBUG [main][ConstructorResolver.java:807] - Autowiring by type from bean name 'apiModelReader' via constructor to bean named 'cachingModelProvider'
2025-03-08 15:01:01,681 DEBUG [main][ConstructorResolver.java:807] - Autowiring by type from bean name 'apiModelReader' via constructor to bean named 'cachingModelProvider'
2025-03-08 15:01:01,681 DEBUG [main][ConstructorResolver.java:807] - Autowiring by type from bean name 'apiModelReader' via constructor to bean named 'typeResolver'
2025-03-08 15:01:01,681 DEBUG [main][ConstructorResolver.java:807] - Autowiring by type from bean name 'apiModelReader' via constructor to bean named 'typeResolver'
2025-03-08 15:01:01,681 DEBUG [main][ConstructorResolver.java:807] - Autowiring by type from bean name 'apiModelReader' via constructor to bean named 'documentationPluginsManager'
2025-03-08 15:01:01,681 DEBUG [main][ConstructorResolver.java:807] - Autowiring by type from bean name 'apiModelReader' via constructor to bean named 'documentationPluginsManager'
2025-03-08 15:01:01,682 DEBUG [main][ConstructorResolver.java:807] - Autowiring by type from bean name 'apiListingScanner' via constructor to bean named 'apiDescriptionReader'
2025-03-08 15:01:01,682 DEBUG [main][ConstructorResolver.java:807] - Autowiring by type from bean name 'apiListingScanner' via constructor to bean named 'apiDescriptionReader'
2025-03-08 15:01:01,682 DEBUG [main][ConstructorResolver.java:807] - Autowiring by type from bean name 'apiListingScanner' via constructor to bean named 'apiModelReader'
2025-03-08 15:01:01,682 DEBUG [main][ConstructorResolver.java:807] - Autowiring by type from bean name 'apiListingScanner' via constructor to bean named 'apiModelReader'
2025-03-08 15:01:01,682 DEBUG [main][ConstructorResolver.java:807] - Autowiring by type from bean name 'apiListingScanner' via constructor to bean named 'documentationPluginsManager'
2025-03-08 15:01:01,682 DEBUG [main][ConstructorResolver.java:807] - Autowiring by type from bean name 'apiListingScanner' via constructor to bean named 'documentationPluginsManager'
2025-03-08 15:01:01,683 DEBUG [main][ConstructorResolver.java:807] - Autowiring by type from bean name 'apiDocumentationScanner' via constructor to bean named 'apiListingReferenceScanner'
2025-03-08 15:01:01,683 DEBUG [main][ConstructorResolver.java:807] - Autowiring by type from bean name 'apiDocumentationScanner' via constructor to bean named 'apiListingReferenceScanner'
2025-03-08 15:01:01,684 DEBUG [main][ConstructorResolver.java:807] - Autowiring by type from bean name 'apiDocumentationScanner' via constructor to bean named 'apiListingScanner'
2025-03-08 15:01:01,684 DEBUG [main][ConstructorResolver.java:807] - Autowiring by type from bean name 'apiDocumentationScanner' via constructor to bean named 'apiListingScanner'
2025-03-08 15:01:01,684 DEBUG [main][DefaultSingletonBeanRegistry.java:225] - Creating shared instance of singleton bean 'apiListingReader'
2025-03-08 15:01:01,684 DEBUG [main][DefaultSingletonBeanRegistry.java:225] - Creating shared instance of singleton bean 'apiListingReader'
2025-03-08 15:01:01,685 DEBUG [main][DefaultSingletonBeanRegistry.java:225] - Creating shared instance of singleton bean 'mediaTypeReader'
2025-03-08 15:01:01,685 DEBUG [main][DefaultSingletonBeanRegistry.java:225] - Creating shared instance of singleton bean 'mediaTypeReader'
2025-03-08 15:01:01,686 DEBUG [main][DefaultSingletonBeanRegistry.java:225] - Creating shared instance of singleton bean 'operationModelsProvider'
2025-03-08 15:01:01,686 DEBUG [main][DefaultSingletonBeanRegistry.java:225] - Creating shared instance of singleton bean 'operationModelsProvider'
2025-03-08 15:01:01,688 DEBUG [main][ConstructorResolver.java:807] - Autowiring by type from bean name 'operationModelsProvider' via constructor to bean named 'typeResolver'
2025-03-08 15:01:01,688 DEBUG [main][ConstructorResolver.java:807] - Autowiring by type from bean name 'operationModelsProvider' via constructor to bean named 'typeResolver'
2025-03-08 15:01:01,689 DEBUG [main][DefaultSingletonBeanRegistry.java:225] - Creating shared instance of singleton bean 'operationDeprecatedReader'
2025-03-08 15:01:01,689 DEBUG [main][DefaultSingletonBeanRegistry.java:225] - Creating shared instance of singleton bean 'operationDeprecatedReader'
2025-03-08 15:01:01,690 DEBUG [main][DefaultSingletonBeanRegistry.java:225] - Creating shared instance of singleton bean 'responseMessagesReader'
2025-03-08 15:01:01,690 DEBUG [main][DefaultSingletonBeanRegistry.java:225] - Creating shared instance of singleton bean 'responseMessagesReader'
2025-03-08 15:01:01,692 DEBUG [main][ConstructorResolver.java:807] - Autowiring by type from bean name 'responseMessagesReader' via constructor to bean named 'typeNameExtractor'
2025-03-08 15:01:01,692 DEBUG [main][ConstructorResolver.java:807] - Autowiring by type from bean name 'responseMessagesReader' via constructor to bean named 'typeNameExtractor'
2025-03-08 15:01:01,692 DEBUG [main][DefaultSingletonBeanRegistry.java:225] - Creating shared instance of singleton bean 'operationParameterReader'
2025-03-08 15:01:01,692 DEBUG [main][DefaultSingletonBeanRegistry.java:225] - Creating shared instance of singleton bean 'operationParameterReader'
2025-03-08 15:01:01,695 DEBUG [main][DefaultSingletonBeanRegistry.java:225] - Creating shared instance of singleton bean 'modelAttributeParameterExpander'
2025-03-08 15:01:01,695 DEBUG [main][DefaultSingletonBeanRegistry.java:225] - Creating shared instance of singleton bean 'modelAttributeParameterExpander'
2025-03-08 15:01:01,700 DEBUG [main][ConstructorResolver.java:807] - Autowiring by type from bean name 'modelAttributeParameterExpander' via constructor to bean named 'fieldProvider'
2025-03-08 15:01:01,700 DEBUG [main][ConstructorResolver.java:807] - Autowiring by type from bean name 'modelAttributeParameterExpander' via constructor to bean named 'fieldProvider'
2025-03-08 15:01:01,700 DEBUG [main][ConstructorResolver.java:807] - Autowiring by type from bean name 'modelAttributeParameterExpander' via constructor to bean named 'accessorsProvider'
2025-03-08 15:01:01,700 DEBUG [main][ConstructorResolver.java:807] - Autowiring by type from bean name 'modelAttributeParameterExpander' via constructor to bean named 'accessorsProvider'
2025-03-08 15:01:01,700 DEBUG [main][ConstructorResolver.java:807] - Autowiring by type from bean name 'modelAttributeParameterExpander' via constructor to bean named 'jacksonEnumTypeDeterminer'
2025-03-08 15:01:01,700 DEBUG [main][ConstructorResolver.java:807] - Autowiring by type from bean name 'modelAttributeParameterExpander' via constructor to bean named 'jacksonEnumTypeDeterminer'
2025-03-08 15:01:01,702 DEBUG [main][ConstructorResolver.java:807] - Autowiring by type from bean name 'operationParameterReader' via constructor to bean named 'modelAttributeParameterExpander'
2025-03-08 15:01:01,702 DEBUG [main][ConstructorResolver.java:807] - Autowiring by type from bean name 'operationParameterReader' via constructor to bean named 'modelAttributeParameterExpander'
2025-03-08 15:01:01,703 DEBUG [main][ConstructorResolver.java:807] - Autowiring by type from bean name 'operationParameterReader' via constructor to bean named 'jacksonEnumTypeDeterminer'
2025-03-08 15:01:01,703 DEBUG [main][ConstructorResolver.java:807] - Autowiring by type from bean name 'operationParameterReader' via constructor to bean named 'jacksonEnumTypeDeterminer'
2025-03-08 15:01:01,704 DEBUG [main][DefaultSingletonBeanRegistry.java:225] - Creating shared instance of singleton bean 'defaultTagsProvider'
2025-03-08 15:01:01,704 DEBUG [main][DefaultSingletonBeanRegistry.java:225] - Creating shared instance of singleton bean 'defaultTagsProvider'
2025-03-08 15:01:01,704 DEBUG [main][DefaultSingletonBeanRegistry.java:225] - Creating shared instance of singleton bean 'operationTagsReader'
2025-03-08 15:01:01,704 DEBUG [main][DefaultSingletonBeanRegistry.java:225] - Creating shared instance of singleton bean 'operationTagsReader'
2025-03-08 15:01:01,707 DEBUG [main][ConstructorResolver.java:807] - Autowiring by type from bean name 'operationTagsReader' via constructor to bean named 'defaultTagsProvider'
2025-03-08 15:01:01,707 DEBUG [main][ConstructorResolver.java:807] - Autowiring by type from bean name 'operationTagsReader' via constructor to bean named 'defaultTagsProvider'
2025-03-08 15:01:01,708 DEBUG [main][DefaultSingletonBeanRegistry.java:225] - Creating shared instance of singleton bean 'defaultOperationReader'
2025-03-08 15:01:01,708 DEBUG [main][DefaultSingletonBeanRegistry.java:225] - Creating shared instance of singleton bean 'defaultOperationReader'
2025-03-08 15:01:01,709 DEBUG [main][DefaultSingletonBeanRegistry.java:225] - Creating shared instance of singleton bean 'operationParameterRequestConditionReader'
2025-03-08 15:01:01,709 DEBUG [main][DefaultSingletonBeanRegistry.java:225] - Creating shared instance of singleton bean 'operationParameterRequestConditionReader'
2025-03-08 15:01:01,713 DEBUG [main][ConstructorResolver.java:807] - Autowiring by type from bean name 'operationParameterRequestConditionReader' via constructor to bean named 'typeResolver'
2025-03-08 15:01:01,713 DEBUG [main][ConstructorResolver.java:807] - Autowiring by type from bean name 'operationParameterRequestConditionReader' via constructor to bean named 'typeResolver'
2025-03-08 15:01:01,715 DEBUG [main][DefaultSingletonBeanRegistry.java:225] - Creating shared instance of singleton bean 'operationParameterHeadersConditionReader'
2025-03-08 15:01:01,715 DEBUG [main][DefaultSingletonBeanRegistry.java:225] - Creating shared instance of singleton bean 'operationParameterHeadersConditionReader'
2025-03-08 15:01:01,717 DEBUG [main][ConstructorResolver.java:807] - Autowiring by type from bean name 'operationParameterHeadersConditionReader' via constructor to bean named 'typeResolver'
2025-03-08 15:01:01,717 DEBUG [main][ConstructorResolver.java:807] - Autowiring by type from bean name 'operationParameterHeadersConditionReader' via constructor to bean named 'typeResolver'
2025-03-08 15:01:01,718 DEBUG [main][DefaultSingletonBeanRegistry.java:225] - Creating shared instance of singleton bean 'operationResponseClassReader'
2025-03-08 15:01:01,718 DEBUG [main][DefaultSingletonBeanRegistry.java:225] - Creating shared instance of singleton bean 'operationResponseClassReader'
2025-03-08 15:01:01,720 DEBUG [main][ConstructorResolver.java:807] - Autowiring by type from bean name 'operationResponseClassReader' via constructor to bean named 'typeNameExtractor'
2025-03-08 15:01:01,720 DEBUG [main][ConstructorResolver.java:807] - Autowiring by type from bean name 'operationResponseClassReader' via constructor to bean named 'typeNameExtractor'
2025-03-08 15:01:01,721 DEBUG [main][DefaultSingletonBeanRegistry.java:225] - Creating shared instance of singleton bean 'parameterMultiplesReader'
2025-03-08 15:01:01,721 DEBUG [main][DefaultSingletonBeanRegistry.java:225] - Creating shared instance of singleton bean 'parameterMultiplesReader'
2025-03-08 15:01:01,722 DEBUG [main][DefaultSingletonBeanRegistry.java:225] - Creating shared instance of singleton bean 'parameterTypeReader'
2025-03-08 15:01:01,722 DEBUG [main][DefaultSingletonBeanRegistry.java:225] - Creating shared instance of singleton bean 'parameterTypeReader'
2025-03-08 15:01:01,724 DEBUG [main][DefaultSingletonBeanRegistry.java:225] - Creating shared instance of singleton bean 'parameterRequiredReader'
2025-03-08 15:01:01,724 DEBUG [main][DefaultSingletonBeanRegistry.java:225] - Creating shared instance of singleton bean 'parameterRequiredReader'
2025-03-08 15:01:01,727 DEBUG [main][DefaultSingletonBeanRegistry.java:225] - Creating shared instance of singleton bean 'descriptionResolver'
2025-03-08 15:01:01,727 DEBUG [main][DefaultSingletonBeanRegistry.java:225] - Creating shared instance of singleton bean 'descriptionResolver'
2025-03-08 15:01:01,727 DEBUG [main][DefaultSingletonBeanRegistry.java:225] - Creating shared instance of singleton bean 'springfox.documentation.spring.web.SpringfoxWebMvcConfiguration'
2025-03-08 15:01:01,727 DEBUG [main][DefaultSingletonBeanRegistry.java:225] - Creating shared instance of singleton bean 'springfox.documentation.spring.web.SpringfoxWebMvcConfiguration'
2025-03-08 15:01:01,729 DEBUG [main][ConstructorResolver.java:807] - Autowiring by type from bean name 'descriptionResolver' via factory method to bean named 'environment'
2025-03-08 15:01:01,729 DEBUG [main][ConstructorResolver.java:807] - Autowiring by type from bean name 'descriptionResolver' via factory method to bean named 'environment'
2025-03-08 15:01:01,732 DEBUG [main][ConstructorResolver.java:807] - Autowiring by type from bean name 'parameterRequiredReader' via constructor to bean named 'descriptionResolver'
2025-03-08 15:01:01,732 DEBUG [main][ConstructorResolver.java:807] - Autowiring by type from bean name 'parameterRequiredReader' via constructor to bean named 'descriptionResolver'
2025-03-08 15:01:01,733 DEBUG [main][DefaultSingletonBeanRegistry.java:225] - Creating shared instance of singleton bean 'parameterDataTypeReader'
2025-03-08 15:01:01,733 DEBUG [main][DefaultSingletonBeanRegistry.java:225] - Creating shared instance of singleton bean 'parameterDataTypeReader'
2025-03-08 15:01:01,735 DEBUG [main][ConstructorResolver.java:807] - Autowiring by type from bean name 'parameterDataTypeReader' via constructor to bean named 'typeNameExtractor'
2025-03-08 15:01:01,735 DEBUG [main][ConstructorResolver.java:807] - Autowiring by type from bean name 'parameterDataTypeReader' via constructor to bean named 'typeNameExtractor'
2025-03-08 15:01:01,736 DEBUG [main][ConstructorResolver.java:807] - Autowiring by type from bean name 'parameterDataTypeReader' via constructor to bean named 'typeResolver'
2025-03-08 15:01:01,736 DEBUG [main][ConstructorResolver.java:807] - Autowiring by type from bean name 'parameterDataTypeReader' via constructor to bean named 'typeResolver'
2025-03-08 15:01:01,736 DEBUG [main][ConstructorResolver.java:807] - Autowiring by type from bean name 'parameterDataTypeReader' via constructor to bean named 'jacksonEnumTypeDeterminer'
2025-03-08 15:01:01,736 DEBUG [main][ConstructorResolver.java:807] - Autowiring by type from bean name 'parameterDataTypeReader' via constructor to bean named 'jacksonEnumTypeDeterminer'
2025-03-08 15:01:01,736 DEBUG [main][DefaultSingletonBeanRegistry.java:225] - Creating shared instance of singleton bean 'parameterDefaultReader'
2025-03-08 15:01:01,736 DEBUG [main][DefaultSingletonBeanRegistry.java:225] - Creating shared instance of singleton bean 'parameterDefaultReader'
2025-03-08 15:01:01,738 DEBUG [main][ConstructorResolver.java:807] - Autowiring by type from bean name 'parameterDefaultReader' via constructor to bean named 'descriptionResolver'
2025-03-08 15:01:01,738 DEBUG [main][ConstructorResolver.java:807] - Autowiring by type from bean name 'parameterDefaultReader' via constructor to bean named 'descriptionResolver'
2025-03-08 15:01:01,738 DEBUG [main][DefaultSingletonBeanRegistry.java:225] - Creating shared instance of singleton bean 'parameterNameReader'
2025-03-08 15:01:01,738 DEBUG [main][DefaultSingletonBeanRegistry.java:225] - Creating shared instance of singleton bean 'parameterNameReader'
2025-03-08 15:01:01,739 DEBUG [main][DefaultSingletonBeanRegistry.java:225] - Creating shared instance of singleton bean 'expandedParameterBuilder'
2025-03-08 15:01:01,739 DEBUG [main][DefaultSingletonBeanRegistry.java:225] - Creating shared instance of singleton bean 'expandedParameterBuilder'
2025-03-08 15:01:01,741 DEBUG [main][ConstructorResolver.java:807] - Autowiring by type from bean name 'expandedParameterBuilder' via constructor to bean named 'typeResolver'
2025-03-08 15:01:01,741 DEBUG [main][ConstructorResolver.java:807] - Autowiring by type from bean name 'expandedParameterBuilder' via constructor to bean named 'typeResolver'
2025-03-08 15:01:01,741 DEBUG [main][ConstructorResolver.java:807] - Autowiring by type from bean name 'expandedParameterBuilder' via constructor to bean named 'jacksonEnumTypeDeterminer'
2025-03-08 15:01:01,741 DEBUG [main][ConstructorResolver.java:807] - Autowiring by type from bean name 'expandedParameterBuilder' via constructor to bean named 'jacksonEnumTypeDeterminer'
2025-03-08 15:01:01,742 DEBUG [main][DefaultSingletonBeanRegistry.java:225] - Creating shared instance of singleton bean 'documentationPluginsBootstrapper'
2025-03-08 15:01:01,742 DEBUG [main][DefaultSingletonBeanRegistry.java:225] - Creating shared instance of singleton bean 'documentationPluginsBootstrapper'
2025-03-08 15:01:01,744 DEBUG [main][DefaultSingletonBeanRegistry.java:225] - Creating shared instance of singleton bean 'webMvcRequestHandlerProvider'
2025-03-08 15:01:01,744 DEBUG [main][DefaultSingletonBeanRegistry.java:225] - Creating shared instance of singleton bean 'webMvcRequestHandlerProvider'
2025-03-08 15:01:01,745 DEBUG [main][DefaultSingletonBeanRegistry.java:225] - Creating shared instance of singleton bean 'methodResolver'
2025-03-08 15:01:01,745 DEBUG [main][DefaultSingletonBeanRegistry.java:225] - Creating shared instance of singleton bean 'methodResolver'
2025-03-08 15:01:01,746 DEBUG [main][ConstructorResolver.java:807] - Autowiring by type from bean name 'methodResolver' via factory method to bean named 'typeResolver'
2025-03-08 15:01:01,746 DEBUG [main][ConstructorResolver.java:807] - Autowiring by type from bean name 'methodResolver' via factory method to bean named 'typeResolver'
2025-03-08 15:01:01,750 DEBUG [main][DefaultSingletonBeanRegistry.java:225] - Creating shared instance of singleton bean 'requestMappingHandlerMapping'
2025-03-08 15:01:01,750 DEBUG [main][DefaultSingletonBeanRegistry.java:225] - Creating shared instance of singleton bean 'requestMappingHandlerMapping'
2025-03-08 15:01:01,750 DEBUG [main][DefaultSingletonBeanRegistry.java:225] - Creating shared instance of singleton bean 'org.springframework.boot.autoconfigure.web.servlet.WebMvcAutoConfiguration$EnableWebMvcConfiguration'
2025-03-08 15:01:01,750 DEBUG [main][DefaultSingletonBeanRegistry.java:225] - Creating shared instance of singleton bean 'org.springframework.boot.autoconfigure.web.servlet.WebMvcAutoConfiguration$EnableWebMvcConfiguration'
2025-03-08 15:01:01,752 DEBUG [main][DefaultSingletonBeanRegistry.java:225] - Creating shared instance of singleton bean 'spring.resources-org.springframework.boot.autoconfigure.web.ResourceProperties'
2025-03-08 15:01:01,752 DEBUG [main][DefaultSingletonBeanRegistry.java:225] - Creating shared instance of singleton bean 'spring.resources-org.springframework.boot.autoconfigure.web.ResourceProperties'
2025-03-08 15:01:01,758 DEBUG [main][ConstructorResolver.java:807] - Autowiring by type from bean name 'org.springframework.boot.autoconfigure.web.servlet.WebMvcAutoConfiguration$EnableWebMvcConfiguration' via constructor to bean named 'spring.resources-org.springframework.boot.autoconfigure.web.ResourceProperties'
2025-03-08 15:01:01,758 DEBUG [main][ConstructorResolver.java:807] - Autowiring by type from bean name 'org.springframework.boot.autoconfigure.web.servlet.WebMvcAutoConfiguration$EnableWebMvcConfiguration' via constructor to bean named 'spring.resources-org.springframework.boot.autoconfigure.web.ResourceProperties'
2025-03-08 15:01:01,759 DEBUG [main][ConstructorResolver.java:807] - Autowiring by type from bean name 'org.springframework.boot.autoconfigure.web.servlet.WebMvcAutoConfiguration$EnableWebMvcConfiguration' via constructor to bean named 'org.springframework.beans.factory.support.DefaultListableBeanFactory@5d5b5fa7'
2025-03-08 15:01:01,759 DEBUG [main][ConstructorResolver.java:807] - Autowiring by type from bean name 'org.springframework.boot.autoconfigure.web.servlet.WebMvcAutoConfiguration$EnableWebMvcConfiguration' via constructor to bean named 'org.springframework.beans.factory.support.DefaultListableBeanFactory@5d5b5fa7'
2025-03-08 15:01:01,776 DEBUG [main][DefaultSingletonBeanRegistry.java:225] - Creating shared instance of singleton bean 'org.springframework.boot.autoconfigure.web.servlet.WebMvcAutoConfiguration$WebMvcAutoConfigurationAdapter'
2025-03-08 15:01:01,776 DEBUG [main][DefaultSingletonBeanRegistry.java:225] - Creating shared instance of singleton bean 'org.springframework.boot.autoconfigure.web.servlet.WebMvcAutoConfiguration$WebMvcAutoConfigurationAdapter'
2025-03-08 15:01:01,778 DEBUG [main][ConstructorResolver.java:807] - Autowiring by type from bean name 'org.springframework.boot.autoconfigure.web.servlet.WebMvcAutoConfiguration$WebMvcAutoConfigurationAdapter' via constructor to bean named 'spring.resources-org.springframework.boot.autoconfigure.web.ResourceProperties'
2025-03-08 15:01:01,778 DEBUG [main][ConstructorResolver.java:807] - Autowiring by type from bean name 'org.springframework.boot.autoconfigure.web.servlet.WebMvcAutoConfiguration$WebMvcAutoConfigurationAdapter' via constructor to bean named 'spring.resources-org.springframework.boot.autoconfigure.web.ResourceProperties'
2025-03-08 15:01:01,778 DEBUG [main][ConstructorResolver.java:807] - Autowiring by type from bean name 'org.springframework.boot.autoconfigure.web.servlet.WebMvcAutoConfiguration$WebMvcAutoConfigurationAdapter' via constructor to bean named 'spring.mvc-org.springframework.boot.autoconfigure.web.servlet.WebMvcProperties'
2025-03-08 15:01:01,778 DEBUG [main][ConstructorResolver.java:807] - Autowiring by type from bean name 'org.springframework.boot.autoconfigure.web.servlet.WebMvcAutoConfiguration$WebMvcAutoConfigurationAdapter' via constructor to bean named 'spring.mvc-org.springframework.boot.autoconfigure.web.servlet.WebMvcProperties'
2025-03-08 15:01:01,778 DEBUG [main][ConstructorResolver.java:807] - Autowiring by type from bean name 'org.springframework.boot.autoconfigure.web.servlet.WebMvcAutoConfiguration$WebMvcAutoConfigurationAdapter' via constructor to bean named 'org.springframework.beans.factory.support.DefaultListableBeanFactory@5d5b5fa7'
2025-03-08 15:01:01,778 DEBUG [main][ConstructorResolver.java:807] - Autowiring by type from bean name 'org.springframework.boot.autoconfigure.web.servlet.WebMvcAutoConfiguration$WebMvcAutoConfigurationAdapter' via constructor to bean named 'org.springframework.beans.factory.support.DefaultListableBeanFactory@5d5b5fa7'
2025-03-08 15:01:01,784 DEBUG [main][DefaultSingletonBeanRegistry.java:225] - Creating shared instance of singleton bean 'mvcContentNegotiationManager'
2025-03-08 15:01:01,784 DEBUG [main][DefaultSingletonBeanRegistry.java:225] - Creating shared instance of singleton bean 'mvcContentNegotiationManager'
2025-03-08 15:01:01,793 DEBUG [main][DefaultSingletonBeanRegistry.java:225] - Creating shared instance of singleton bean 'mvcConversionService'
2025-03-08 15:01:01,793 DEBUG [main][DefaultSingletonBeanRegistry.java:225] - Creating shared instance of singleton bean 'mvcConversionService'
2025-03-08 15:01:01,799 DEBUG [main][DefaultSingletonBeanRegistry.java:225] - Creating shared instance of singleton bean 'mvcResourceUrlProvider'
2025-03-08 15:01:01,799 DEBUG [main][DefaultSingletonBeanRegistry.java:225] - Creating shared instance of singleton bean 'mvcResourceUrlProvider'
2025-03-08 15:01:01,806 DEBUG [main][ConstructorResolver.java:807] - Autowiring by type from bean name 'requestMappingHandlerMapping' via factory method to bean named 'mvcContentNegotiationManager'
2025-03-08 15:01:01,806 DEBUG [main][ConstructorResolver.java:807] - Autowiring by type from bean name 'requestMappingHandlerMapping' via factory method to bean named 'mvcContentNegotiationManager'
2025-03-08 15:01:01,806 DEBUG [main][ConstructorResolver.java:807] - Autowiring by type from bean name 'requestMappingHandlerMapping' via factory method to bean named 'mvcConversionService'
2025-03-08 15:01:01,806 DEBUG [main][ConstructorResolver.java:807] - Autowiring by type from bean name 'requestMappingHandlerMapping' via factory method to bean named 'mvcConversionService'
2025-03-08 15:01:01,807 DEBUG [main][ConstructorResolver.java:807] - Autowiring by type from bean name 'requestMappingHandlerMapping' via factory method to bean named 'mvcResourceUrlProvider'
2025-03-08 15:01:01,807 DEBUG [main][ConstructorResolver.java:807] - Autowiring by type from bean name 'requestMappingHandlerMapping' via factory method to bean named 'mvcResourceUrlProvider'
2025-03-08 15:01:01,809 DEBUG [main][ConstructorResolver.java:807] - Autowiring by type from bean name 'requestMappingHandlerMapping' via factory method to bean named 'mvcContentNegotiationManager'
2025-03-08 15:01:01,809 DEBUG [main][ConstructorResolver.java:807] - Autowiring by type from bean name 'requestMappingHandlerMapping' via factory method to bean named 'mvcContentNegotiationManager'
2025-03-08 15:01:01,809 DEBUG [main][ConstructorResolver.java:807] - Autowiring by type from bean name 'requestMappingHandlerMapping' via factory method to bean named 'mvcConversionService'
2025-03-08 15:01:01,809 DEBUG [main][ConstructorResolver.java:807] - Autowiring by type from bean name 'requestMappingHandlerMapping' via factory method to bean named 'mvcConversionService'
2025-03-08 15:01:01,809 DEBUG [main][ConstructorResolver.java:807] - Autowiring by type from bean name 'requestMappingHandlerMapping' via factory method to bean named 'mvcResourceUrlProvider'
2025-03-08 15:01:01,809 DEBUG [main][ConstructorResolver.java:807] - Autowiring by type from bean name 'requestMappingHandlerMapping' via factory method to bean named 'mvcResourceUrlProvider'
2025-03-08 15:01:01,891 DEBUG [main][AbstractHandlerMethodMapping.java:351] - 8 mappings in 'requestMappingHandlerMapping'
2025-03-08 15:01:01,891 DEBUG [main][AbstractHandlerMethodMapping.java:351] - 8 mappings in 'requestMappingHandlerMapping'
2025-03-08 15:01:01,893 DEBUG [main][ConstructorResolver.java:807] - Autowiring by type from bean name 'webMvcRequestHandlerProvider' via constructor to bean named 'methodResolver'
2025-03-08 15:01:01,893 DEBUG [main][ConstructorResolver.java:807] - Autowiring by type from bean name 'webMvcRequestHandlerProvider' via constructor to bean named 'methodResolver'
2025-03-08 15:01:01,893 DEBUG [main][ConstructorResolver.java:807] - Autowiring by type from bean name 'webMvcRequestHandlerProvider' via constructor to bean named 'requestMappingHandlerMapping'
2025-03-08 15:01:01,893 DEBUG [main][ConstructorResolver.java:807] - Autowiring by type from bean name 'webMvcRequestHandlerProvider' via constructor to bean named 'requestMappingHandlerMapping'
2025-03-08 15:01:01,895 DEBUG [main][DefaultSingletonBeanRegistry.java:225] - Creating shared instance of singleton bean 'resourceGroupCache'
2025-03-08 15:01:01,895 DEBUG [main][DefaultSingletonBeanRegistry.java:225] - Creating shared instance of singleton bean 'resourceGroupCache'
2025-03-08 15:01:01,899 DEBUG [main][DefaultSingletonBeanRegistry.java:225] - Creating shared instance of singleton bean 'defaults'
2025-03-08 15:01:01,899 DEBUG [main][DefaultSingletonBeanRegistry.java:225] - Creating shared instance of singleton bean 'defaults'
2025-03-08 15:01:01,929 DEBUG [main][ConstructorResolver.java:807] - Autowiring by type from bean name 'documentationPluginsBootstrapper' via constructor to bean named 'documentationPluginsManager'
2025-03-08 15:01:01,929 DEBUG [main][ConstructorResolver.java:807] - Autowiring by type from bean name 'documentationPluginsBootstrapper' via constructor to bean named 'documentationPluginsManager'
2025-03-08 15:01:01,929 DEBUG [main][ConstructorResolver.java:807] - Autowiring by type from bean name 'documentationPluginsBootstrapper' via constructor to bean named 'webMvcRequestHandlerProvider'
2025-03-08 15:01:01,929 DEBUG [main][ConstructorResolver.java:807] - Autowiring by type from bean name 'documentationPluginsBootstrapper' via constructor to bean named 'webMvcRequestHandlerProvider'
2025-03-08 15:01:01,929 DEBUG [main][ConstructorResolver.java:807] - Autowiring by type from bean name 'documentationPluginsBootstrapper' via constructor to bean named 'resourceGroupCache'
2025-03-08 15:01:01,929 DEBUG [main][ConstructorResolver.java:807] - Autowiring by type from bean name 'documentationPluginsBootstrapper' via constructor to bean named 'resourceGroupCache'
2025-03-08 15:01:01,929 DEBUG [main][ConstructorResolver.java:807] - Autowiring by type from bean name 'documentationPluginsBootstrapper' via constructor to bean named 'apiDocumentationScanner'
2025-03-08 15:01:01,929 DEBUG [main][ConstructorResolver.java:807] - Autowiring by type from bean name 'documentationPluginsBootstrapper' via constructor to bean named 'apiDocumentationScanner'
2025-03-08 15:01:01,930 DEBUG [main][ConstructorResolver.java:807] - Autowiring by type from bean name 'documentationPluginsBootstrapper' via constructor to bean named 'typeResolver'
2025-03-08 15:01:01,930 DEBUG [main][ConstructorResolver.java:807] - Autowiring by type from bean name 'documentationPluginsBootstrapper' via constructor to bean named 'typeResolver'
2025-03-08 15:01:01,930 DEBUG [main][ConstructorResolver.java:807] - Autowiring by type from bean name 'documentationPluginsBootstrapper' via constructor to bean named 'defaults'
2025-03-08 15:01:01,930 DEBUG [main][ConstructorResolver.java:807] - Autowiring by type from bean name 'documentationPluginsBootstrapper' via constructor to bean named 'defaults'
2025-03-08 15:01:01,930 DEBUG [main][ConstructorResolver.java:807] - Autowiring by type from bean name 'documentationPluginsBootstrapper' via constructor to bean named 'servletContext'
2025-03-08 15:01:01,930 DEBUG [main][ConstructorResolver.java:807] - Autowiring by type from bean name 'documentationPluginsBootstrapper' via constructor to bean named 'servletContext'
2025-03-08 15:01:01,930 DEBUG [main][ConstructorResolver.java:807] - Autowiring by type from bean name 'documentationPluginsBootstrapper' via constructor to bean named 'environment'
2025-03-08 15:01:01,930 DEBUG [main][ConstructorResolver.java:807] - Autowiring by type from bean name 'documentationPluginsBootstrapper' via constructor to bean named 'environment'
2025-03-08 15:01:01,936 DEBUG [main][DefaultSingletonBeanRegistry.java:225] - Creating shared instance of singleton bean 'queryStringUriTemplateDecorator'
2025-03-08 15:01:01,936 DEBUG [main][DefaultSingletonBeanRegistry.java:225] - Creating shared instance of singleton bean 'queryStringUriTemplateDecorator'
2025-03-08 15:01:01,936 DEBUG [main][DefaultSingletonBeanRegistry.java:225] - Creating shared instance of singleton bean 'pathMappingDecorator'
2025-03-08 15:01:01,936 DEBUG [main][DefaultSingletonBeanRegistry.java:225] - Creating shared instance of singleton bean 'pathMappingDecorator'
2025-03-08 15:01:01,937 DEBUG [main][DefaultSingletonBeanRegistry.java:225] - Creating shared instance of singleton bean 'pathSanitizer'
2025-03-08 15:01:01,937 DEBUG [main][DefaultSingletonBeanRegistry.java:225] - Creating shared instance of singleton bean 'pathSanitizer'
2025-03-08 15:01:01,938 DEBUG [main][DefaultSingletonBeanRegistry.java:225] - Creating shared instance of singleton bean 'operationPathDecorator'
2025-03-08 15:01:01,938 DEBUG [main][DefaultSingletonBeanRegistry.java:225] - Creating shared instance of singleton bean 'operationPathDecorator'
2025-03-08 15:01:01,939 DEBUG [main][DefaultSingletonBeanRegistry.java:225] - Creating shared instance of singleton bean 'propertyDiscriminatorBasedInheritancePlugin'
2025-03-08 15:01:01,939 DEBUG [main][DefaultSingletonBeanRegistry.java:225] - Creating shared instance of singleton bean 'propertyDiscriminatorBasedInheritancePlugin'
2025-03-08 15:01:01,942 DEBUG [main][ConstructorResolver.java:807] - Autowiring by type from bean name 'propertyDiscriminatorBasedInheritancePlugin' via constructor to bean named 'typeResolver'
2025-03-08 15:01:01,942 DEBUG [main][ConstructorResolver.java:807] - Autowiring by type from bean name 'propertyDiscriminatorBasedInheritancePlugin' via constructor to bean named 'typeResolver'
2025-03-08 15:01:01,942 DEBUG [main][ConstructorResolver.java:807] - Autowiring by type from bean name 'propertyDiscriminatorBasedInheritancePlugin' via constructor to bean named 'typeNameExtractor'
2025-03-08 15:01:01,942 DEBUG [main][ConstructorResolver.java:807] - Autowiring by type from bean name 'propertyDiscriminatorBasedInheritancePlugin' via constructor to bean named 'typeNameExtractor'
2025-03-08 15:01:01,942 DEBUG [main][DefaultSingletonBeanRegistry.java:225] - Creating shared instance of singleton bean 'apiModelPropertyPropertyBuilder'
2025-03-08 15:01:01,942 DEBUG [main][DefaultSingletonBeanRegistry.java:225] - Creating shared instance of singleton bean 'apiModelPropertyPropertyBuilder'
2025-03-08 15:01:01,943 DEBUG [main][ConstructorResolver.java:807] - Autowiring by type from bean name 'apiModelPropertyPropertyBuilder' via constructor to bean named 'descriptionResolver'
2025-03-08 15:01:01,943 DEBUG [main][ConstructorResolver.java:807] - Autowiring by type from bean name 'apiModelPropertyPropertyBuilder' via constructor to bean named 'descriptionResolver'
2025-03-08 15:01:01,944 DEBUG [main][DefaultSingletonBeanRegistry.java:225] - Creating shared instance of singleton bean 'apiModelTypeNameProvider'
2025-03-08 15:01:01,944 DEBUG [main][DefaultSingletonBeanRegistry.java:225] - Creating shared instance of singleton bean 'apiModelTypeNameProvider'
2025-03-08 15:01:01,945 DEBUG [main][DefaultSingletonBeanRegistry.java:225] - Creating shared instance of singleton bean 'apiModelBuilder'
2025-03-08 15:01:01,945 DEBUG [main][DefaultSingletonBeanRegistry.java:225] - Creating shared instance of singleton bean 'apiModelBuilder'
2025-03-08 15:01:01,945 DEBUG [main][ConstructorResolver.java:807] - Autowiring by type from bean name 'apiModelBuilder' via constructor to bean named 'typeResolver'
2025-03-08 15:01:01,945 DEBUG [main][ConstructorResolver.java:807] - Autowiring by type from bean name 'apiModelBuilder' via constructor to bean named 'typeResolver'
2025-03-08 15:01:01,946 DEBUG [main][ConstructorResolver.java:807] - Autowiring by type from bean name 'apiModelBuilder' via constructor to bean named 'typeNameExtractor'
2025-03-08 15:01:01,946 DEBUG [main][ConstructorResolver.java:807] - Autowiring by type from bean name 'apiModelBuilder' via constructor to bean named 'typeNameExtractor'
2025-03-08 15:01:01,946 DEBUG [main][DefaultSingletonBeanRegistry.java:225] - Creating shared instance of singleton bean 'operationImplicitParameterReader'
2025-03-08 15:01:01,946 DEBUG [main][DefaultSingletonBeanRegistry.java:225] - Creating shared instance of singleton bean 'operationImplicitParameterReader'
2025-03-08 15:01:01,948 DEBUG [main][ConstructorResolver.java:807] - Autowiring by type from bean name 'operationImplicitParameterReader' via constructor to bean named 'descriptionResolver'
2025-03-08 15:01:01,948 DEBUG [main][ConstructorResolver.java:807] - Autowiring by type from bean name 'operationImplicitParameterReader' via constructor to bean named 'descriptionResolver'
2025-03-08 15:01:01,949 DEBUG [main][DefaultSingletonBeanRegistry.java:225] - Creating shared instance of singleton bean 'vendorExtensionsReader'
2025-03-08 15:01:01,949 DEBUG [main][DefaultSingletonBeanRegistry.java:225] - Creating shared instance of singleton bean 'vendorExtensionsReader'
2025-03-08 15:01:01,949 DEBUG [main][DefaultSingletonBeanRegistry.java:225] - Creating shared instance of singleton bean 'swaggerOperationResponseClassReader'
2025-03-08 15:01:01,949 DEBUG [main][DefaultSingletonBeanRegistry.java:225] - Creating shared instance of singleton bean 'swaggerOperationResponseClassReader'
2025-03-08 15:01:01,950 DEBUG [main][ConstructorResolver.java:807] - Autowiring by type from bean name 'swaggerOperationResponseClassReader' via constructor to bean named 'typeResolver'
2025-03-08 15:01:01,950 DEBUG [main][ConstructorResolver.java:807] - Autowiring by type from bean name 'swaggerOperationResponseClassReader' via constructor to bean named 'typeResolver'
2025-03-08 15:01:01,951 DEBUG [main][ConstructorResolver.java:807] - Autowiring by type from bean name 'swaggerOperationResponseClassReader' via constructor to bean named 'typeNameExtractor'
2025-03-08 15:01:01,951 DEBUG [main][ConstructorResolver.java:807] - Autowiring by type from bean name 'swaggerOperationResponseClassReader' via constructor to bean named 'typeNameExtractor'
2025-03-08 15:01:01,951 DEBUG [main][DefaultSingletonBeanRegistry.java:225] - Creating shared instance of singleton bean 'swaggerOperationModelsProvider'
2025-03-08 15:01:01,951 DEBUG [main][DefaultSingletonBeanRegistry.java:225] - Creating shared instance of singleton bean 'swaggerOperationModelsProvider'
2025-03-08 15:01:01,953 DEBUG [main][ConstructorResolver.java:807] - Autowiring by type from bean name 'swaggerOperationModelsProvider' via constructor to bean named 'typeResolver'
2025-03-08 15:01:01,953 DEBUG [main][ConstructorResolver.java:807] - Autowiring by type from bean name 'swaggerOperationModelsProvider' via constructor to bean named 'typeResolver'
2025-03-08 15:01:01,953 DEBUG [main][DefaultSingletonBeanRegistry.java:225] - Creating shared instance of singleton bean 'swaggerMediaTypeReader'
2025-03-08 15:01:01,953 DEBUG [main][DefaultSingletonBeanRegistry.java:225] - Creating shared instance of singleton bean 'swaggerMediaTypeReader'
2025-03-08 15:01:01,954 DEBUG [main][DefaultSingletonBeanRegistry.java:225] - Creating shared instance of singleton bean 'operationHttpMethodReader'
2025-03-08 15:01:01,954 DEBUG [main][DefaultSingletonBeanRegistry.java:225] - Creating shared instance of singleton bean 'operationHttpMethodReader'
2025-03-08 15:01:01,955 DEBUG [main][DefaultSingletonBeanRegistry.java:225] - Creating shared instance of singleton bean 'operationImplicitParametersReader'
2025-03-08 15:01:01,955 DEBUG [main][DefaultSingletonBeanRegistry.java:225] - Creating shared instance of singleton bean 'operationImplicitParametersReader'
2025-03-08 15:01:01,956 DEBUG [main][ConstructorResolver.java:807] - Autowiring by type from bean name 'operationImplicitParametersReader' via constructor to bean named 'descriptionResolver'
2025-03-08 15:01:01,956 DEBUG [main][ConstructorResolver.java:807] - Autowiring by type from bean name 'operationImplicitParametersReader' via constructor to bean named 'descriptionResolver'
2025-03-08 15:01:01,957 DEBUG [main][DefaultSingletonBeanRegistry.java:225] - Creating shared instance of singleton bean 'operationAuthReader'
2025-03-08 15:01:01,957 DEBUG [main][DefaultSingletonBeanRegistry.java:225] - Creating shared instance of singleton bean 'operationAuthReader'
2025-03-08 15:01:01,958 DEBUG [main][DefaultSingletonBeanRegistry.java:225] - Creating shared instance of singleton bean 'operationHiddenReader'
2025-03-08 15:01:01,958 DEBUG [main][DefaultSingletonBeanRegistry.java:225] - Creating shared instance of singleton bean 'operationHiddenReader'
2025-03-08 15:01:01,958 DEBUG [main][DefaultSingletonBeanRegistry.java:225] - Creating shared instance of singleton bean 'operationSummaryReader'
2025-03-08 15:01:01,958 DEBUG [main][DefaultSingletonBeanRegistry.java:225] - Creating shared instance of singleton bean 'operationSummaryReader'
2025-03-08 15:01:01,959 DEBUG [main][ConstructorResolver.java:807] - Autowiring by type from bean name 'operationSummaryReader' via constructor to bean named 'descriptionResolver'
2025-03-08 15:01:01,959 DEBUG [main][ConstructorResolver.java:807] - Autowiring by type from bean name 'operationSummaryReader' via constructor to bean named 'descriptionResolver'
2025-03-08 15:01:01,960 DEBUG [main][DefaultSingletonBeanRegistry.java:225] - Creating shared instance of singleton bean 'swaggerResponseMessageReader'
2025-03-08 15:01:01,960 DEBUG [main][DefaultSingletonBeanRegistry.java:225] - Creating shared instance of singleton bean 'swaggerResponseMessageReader'
2025-03-08 15:01:01,961 DEBUG [main][ConstructorResolver.java:807] - Autowiring by type from bean name 'swaggerResponseMessageReader' via constructor to bean named 'typeNameExtractor'
2025-03-08 15:01:01,961 DEBUG [main][ConstructorResolver.java:807] - Autowiring by type from bean name 'swaggerResponseMessageReader' via constructor to bean named 'typeNameExtractor'
2025-03-08 15:01:01,961 DEBUG [main][ConstructorResolver.java:807] - Autowiring by type from bean name 'swaggerResponseMessageReader' via constructor to bean named 'typeResolver'
2025-03-08 15:01:01,961 DEBUG [main][ConstructorResolver.java:807] - Autowiring by type from bean name 'swaggerResponseMessageReader' via constructor to bean named 'typeResolver'
2025-03-08 15:01:01,962 DEBUG [main][DefaultSingletonBeanRegistry.java:225] - Creating shared instance of singleton bean 'operationNicknameIntoUniqueIdReader'
2025-03-08 15:01:01,962 DEBUG [main][DefaultSingletonBeanRegistry.java:225] - Creating shared instance of singleton bean 'operationNicknameIntoUniqueIdReader'
2025-03-08 15:01:01,962 DEBUG [main][DefaultSingletonBeanRegistry.java:225] - Creating shared instance of singleton bean 'operationPositionReader'
2025-03-08 15:01:01,962 DEBUG [main][DefaultSingletonBeanRegistry.java:225] - Creating shared instance of singleton bean 'operationPositionReader'
2025-03-08 15:01:01,962 DEBUG [main][DefaultSingletonBeanRegistry.java:225] - Creating shared instance of singleton bean 'operationNotesReader'
2025-03-08 15:01:01,962 DEBUG [main][DefaultSingletonBeanRegistry.java:225] - Creating shared instance of singleton bean 'operationNotesReader'
2025-03-08 15:01:01,963 DEBUG [main][ConstructorResolver.java:807] - Autowiring by type from bean name 'operationNotesReader' via constructor to bean named 'descriptionResolver'
2025-03-08 15:01:01,963 DEBUG [main][ConstructorResolver.java:807] - Autowiring by type from bean name 'operationNotesReader' via constructor to bean named 'descriptionResolver'
2025-03-08 15:01:01,964 DEBUG [main][DefaultSingletonBeanRegistry.java:225] - Creating shared instance of singleton bean 'swaggerOperationTagsReader'
2025-03-08 15:01:01,964 DEBUG [main][DefaultSingletonBeanRegistry.java:225] - Creating shared instance of singleton bean 'swaggerOperationTagsReader'
2025-03-08 15:01:01,965 DEBUG [main][ConstructorResolver.java:807] - Autowiring by type from bean name 'swaggerOperationTagsReader' via constructor to bean named 'defaultTagsProvider'
2025-03-08 15:01:01,965 DEBUG [main][ConstructorResolver.java:807] - Autowiring by type from bean name 'swaggerOperationTagsReader' via constructor to bean named 'defaultTagsProvider'
2025-03-08 15:01:01,965 DEBUG [main][DefaultSingletonBeanRegistry.java:225] - Creating shared instance of singleton bean 'swaggerParameterDescriptionReader'
2025-03-08 15:01:01,965 DEBUG [main][DefaultSingletonBeanRegistry.java:225] - Creating shared instance of singleton bean 'swaggerParameterDescriptionReader'
2025-03-08 15:01:01,968 DEBUG [main][ConstructorResolver.java:807] - Autowiring by type from bean name 'swaggerParameterDescriptionReader' via constructor to bean named 'descriptionResolver'
2025-03-08 15:01:01,968 DEBUG [main][ConstructorResolver.java:807] - Autowiring by type from bean name 'swaggerParameterDescriptionReader' via constructor to bean named 'descriptionResolver'
2025-03-08 15:01:01,968 DEBUG [main][ConstructorResolver.java:807] - Autowiring by type from bean name 'swaggerParameterDescriptionReader' via constructor to bean named 'jacksonEnumTypeDeterminer'
2025-03-08 15:01:01,968 DEBUG [main][ConstructorResolver.java:807] - Autowiring by type from bean name 'swaggerParameterDescriptionReader' via constructor to bean named 'jacksonEnumTypeDeterminer'
2025-03-08 15:01:01,969 DEBUG [main][DefaultSingletonBeanRegistry.java:225] - Creating shared instance of singleton bean 'swaggerExpandedParameterBuilder'
2025-03-08 15:01:01,969 DEBUG [main][DefaultSingletonBeanRegistry.java:225] - Creating shared instance of singleton bean 'swaggerExpandedParameterBuilder'
2025-03-08 15:01:01,972 DEBUG [main][ConstructorResolver.java:807] - Autowiring by type from bean name 'swaggerExpandedParameterBuilder' via constructor to bean named 'descriptionResolver'
2025-03-08 15:01:01,972 DEBUG [main][ConstructorResolver.java:807] - Autowiring by type from bean name 'swaggerExpandedParameterBuilder' via constructor to bean named 'descriptionResolver'
2025-03-08 15:01:01,972 DEBUG [main][ConstructorResolver.java:807] - Autowiring by type from bean name 'swaggerExpandedParameterBuilder' via constructor to bean named 'jacksonEnumTypeDeterminer'
2025-03-08 15:01:01,972 DEBUG [main][ConstructorResolver.java:807] - Autowiring by type from bean name 'swaggerExpandedParameterBuilder' via constructor to bean named 'jacksonEnumTypeDeterminer'
2025-03-08 15:01:01,972 DEBUG [main][DefaultSingletonBeanRegistry.java:225] - Creating shared instance of singleton bean 'swaggerApiListingReader'
2025-03-08 15:01:01,972 DEBUG [main][DefaultSingletonBeanRegistry.java:225] - Creating shared instance of singleton bean 'swaggerApiListingReader'
2025-03-08 15:01:01,973 DEBUG [main][DefaultSingletonBeanRegistry.java:225] - Creating shared instance of singleton bean 'classOrApiAnnotationResourceGrouping'
2025-03-08 15:01:01,973 DEBUG [main][DefaultSingletonBeanRegistry.java:225] - Creating shared instance of singleton bean 'classOrApiAnnotationResourceGrouping'
2025-03-08 15:01:01,974 DEBUG [main][DefaultSingletonBeanRegistry.java:225] - Creating shared instance of singleton bean 'inMemorySwaggerResourcesProvider'
2025-03-08 15:01:01,974 DEBUG [main][DefaultSingletonBeanRegistry.java:225] - Creating shared instance of singleton bean 'inMemorySwaggerResourcesProvider'
2025-03-08 15:01:01,976 DEBUG [main][ConstructorResolver.java:807] - Autowiring by type from bean name 'inMemorySwaggerResourcesProvider' via constructor to bean named 'environment'
2025-03-08 15:01:01,976 DEBUG [main][ConstructorResolver.java:807] - Autowiring by type from bean name 'inMemorySwaggerResourcesProvider' via constructor to bean named 'environment'
2025-03-08 15:01:01,976 DEBUG [main][ConstructorResolver.java:807] - Autowiring by type from bean name 'inMemorySwaggerResourcesProvider' via constructor to bean named 'resourceGroupCache'
2025-03-08 15:01:01,976 DEBUG [main][ConstructorResolver.java:807] - Autowiring by type from bean name 'inMemorySwaggerResourcesProvider' via constructor to bean named 'resourceGroupCache'
2025-03-08 15:01:01,978 DEBUG [main][DefaultSingletonBeanRegistry.java:225] - Creating shared instance of singleton bean 'apiResourceController'
2025-03-08 15:01:01,978 DEBUG [main][DefaultSingletonBeanRegistry.java:225] - Creating shared instance of singleton bean 'apiResourceController'
2025-03-08 15:01:01,980 DEBUG [main][ConstructorResolver.java:807] - Autowiring by type from bean name 'apiResourceController' via constructor to bean named 'inMemorySwaggerResourcesProvider'
2025-03-08 15:01:01,980 DEBUG [main][ConstructorResolver.java:807] - Autowiring by type from bean name 'apiResourceController' via constructor to bean named 'inMemorySwaggerResourcesProvider'
2025-03-08 15:01:01,981 DEBUG [main][DefaultSingletonBeanRegistry.java:225] - Creating shared instance of singleton bean 'uiConfiguration'
2025-03-08 15:01:01,981 DEBUG [main][DefaultSingletonBeanRegistry.java:225] - Creating shared instance of singleton bean 'uiConfiguration'
2025-03-08 15:01:01,982 DEBUG [main][DefaultSingletonBeanRegistry.java:225] - Creating shared instance of singleton bean 'com.spring4all.swagger.SwaggerAutoConfiguration'
2025-03-08 15:01:01,982 DEBUG [main][DefaultSingletonBeanRegistry.java:225] - Creating shared instance of singleton bean 'com.spring4all.swagger.SwaggerAutoConfiguration'
2025-03-08 15:01:01,995 DEBUG [main][DefaultSingletonBeanRegistry.java:225] - Creating shared instance of singleton bean 'swaggerProperties'
2025-03-08 15:01:01,995 DEBUG [main][DefaultSingletonBeanRegistry.java:225] - Creating shared instance of singleton bean 'swaggerProperties'
2025-03-08 15:01:02,005 DEBUG [main][ConstructorResolver.java:807] - Autowiring by type from bean name 'uiConfiguration' via factory method to bean named 'swaggerProperties'
2025-03-08 15:01:02,005 DEBUG [main][ConstructorResolver.java:807] - Autowiring by type from bean name 'uiConfiguration' via factory method to bean named 'swaggerProperties'
2025-03-08 15:01:02,011 DEBUG [main][DefaultSingletonBeanRegistry.java:225] - Creating shared instance of singleton bean 'localDateTimeSerializer'
2025-03-08 15:01:02,011 DEBUG [main][DefaultSingletonBeanRegistry.java:225] - Creating shared instance of singleton bean 'localDateTimeSerializer'
2025-03-08 15:01:02,020 DEBUG [main][DefaultSingletonBeanRegistry.java:225] - Creating shared instance of singleton bean 'localDateTimeDeserializer'
2025-03-08 15:01:02,020 DEBUG [main][DefaultSingletonBeanRegistry.java:225] - Creating shared instance of singleton bean 'localDateTimeDeserializer'
2025-03-08 15:01:02,024 DEBUG [main][DefaultSingletonBeanRegistry.java:225] - Creating shared instance of singleton bean 'jackson2ObjectMapperBuilderCustomizer'
2025-03-08 15:01:02,024 DEBUG [main][DefaultSingletonBeanRegistry.java:225] - Creating shared instance of singleton bean 'jackson2ObjectMapperBuilderCustomizer'
2025-03-08 15:01:02,026 DEBUG [main][DefaultSingletonBeanRegistry.java:225] - Creating shared instance of singleton bean 'jsonSerializer'
2025-03-08 15:01:02,026 DEBUG [main][DefaultSingletonBeanRegistry.java:225] - Creating shared instance of singleton bean 'jsonSerializer'
2025-03-08 15:01:02,026 DEBUG [main][DefaultSingletonBeanRegistry.java:225] - Creating shared instance of singleton bean 'swagger2Module'
2025-03-08 15:01:02,026 DEBUG [main][DefaultSingletonBeanRegistry.java:225] - Creating shared instance of singleton bean 'swagger2Module'
2025-03-08 15:01:02,026 DEBUG [main][DefaultSingletonBeanRegistry.java:225] - Creating shared instance of singleton bean 'springfox.documentation.swagger2.configuration.Swagger2DocumentationConfiguration'
2025-03-08 15:01:02,026 DEBUG [main][DefaultSingletonBeanRegistry.java:225] - Creating shared instance of singleton bean 'springfox.documentation.swagger2.configuration.Swagger2DocumentationConfiguration'
2025-03-08 15:01:02,034 DEBUG [main][ConstructorResolver.java:807] - Autowiring by type from bean name 'jsonSerializer' via factory method to bean named 'swagger2Module'
2025-03-08 15:01:02,034 DEBUG [main][ConstructorResolver.java:807] - Autowiring by type from bean name 'jsonSerializer' via factory method to bean named 'swagger2Module'
2025-03-08 15:01:02,040 DEBUG [main][DefaultSingletonBeanRegistry.java:225] - Creating shared instance of singleton bean 'springfox.documentation.swagger.configuration.SwaggerCommonConfiguration'
2025-03-08 15:01:02,040 DEBUG [main][DefaultSingletonBeanRegistry.java:225] - Creating shared instance of singleton bean 'springfox.documentation.swagger.configuration.SwaggerCommonConfiguration'
2025-03-08 15:01:02,041 DEBUG [main][DefaultSingletonBeanRegistry.java:225] - Creating shared instance of singleton bean 'swagger2ControllerMapping'
2025-03-08 15:01:02,041 DEBUG [main][DefaultSingletonBeanRegistry.java:225] - Creating shared instance of singleton bean 'swagger2ControllerMapping'
2025-03-08 15:01:02,044 DEBUG [main][ConstructorResolver.java:807] - Autowiring by type from bean name 'swagger2ControllerMapping' via factory method to bean named 'environment'
2025-03-08 15:01:02,044 DEBUG [main][ConstructorResolver.java:807] - Autowiring by type from bean name 'swagger2ControllerMapping' via factory method to bean named 'environment'
2025-03-08 15:01:02,045 DEBUG [main][ConstructorResolver.java:807] - Autowiring by type from bean name 'swagger2ControllerMapping' via factory method to bean named 'resourceGroupCache'
2025-03-08 15:01:02,045 DEBUG [main][ConstructorResolver.java:807] - Autowiring by type from bean name 'swagger2ControllerMapping' via factory method to bean named 'resourceGroupCache'
2025-03-08 15:01:02,045 DEBUG [main][ConstructorResolver.java:807] - Autowiring by type from bean name 'swagger2ControllerMapping' via factory method to bean named 'serviceModelToSwagger2MapperImpl'
2025-03-08 15:01:02,045 DEBUG [main][ConstructorResolver.java:807] - Autowiring by type from bean name 'swagger2ControllerMapping' via factory method to bean named 'serviceModelToSwagger2MapperImpl'
2025-03-08 15:01:02,045 DEBUG [main][ConstructorResolver.java:807] - Autowiring by type from bean name 'swagger2ControllerMapping' via factory method to bean named 'jsonSerializer'
2025-03-08 15:01:02,045 DEBUG [main][ConstructorResolver.java:807] - Autowiring by type from bean name 'swagger2ControllerMapping' via factory method to bean named 'jsonSerializer'
2025-03-08 15:01:02,058 INFO [main][PropertySourcedRequestMappingHandlerMapping.java:69] - Mapped URL path [/v2/api-docs] onto method [springfox.documentation.swagger2.web.Swagger2Controller#getDocumentation(String, HttpServletRequest)]
2025-03-08 15:01:02,058 INFO [main][PropertySourcedRequestMappingHandlerMapping.java:69] - Mapped URL path [/v2/api-docs] onto method [springfox.documentation.swagger2.web.Swagger2Controller#getDocumentation(String, HttpServletRequest)]
2025-03-08 15:01:02,059 DEBUG [main][DefaultSingletonBeanRegistry.java:225] - Creating shared instance of singleton bean 'springfox.bean.validators.configuration.BeanValidatorPluginsConfiguration'
2025-03-08 15:01:02,059 DEBUG [main][DefaultSingletonBeanRegistry.java:225] - Creating shared instance of singleton bean 'springfox.bean.validators.configuration.BeanValidatorPluginsConfiguration'
2025-03-08 15:01:02,060 DEBUG [main][DefaultSingletonBeanRegistry.java:225] - Creating shared instance of singleton bean 'expanderMinMax'
2025-03-08 15:01:02,060 DEBUG [main][DefaultSingletonBeanRegistry.java:225] - Creating shared instance of singleton bean 'expanderMinMax'
2025-03-08 15:01:02,066 DEBUG [main][DefaultSingletonBeanRegistry.java:225] - Creating shared instance of singleton bean 'expanderNotNull'
2025-03-08 15:01:02,066 DEBUG [main][DefaultSingletonBeanRegistry.java:225] - Creating shared instance of singleton bean 'expanderNotNull'
2025-03-08 15:01:02,067 DEBUG [main][DefaultSingletonBeanRegistry.java:225] - Creating shared instance of singleton bean 'expanderPattern'
2025-03-08 15:01:02,067 DEBUG [main][DefaultSingletonBeanRegistry.java:225] - Creating shared instance of singleton bean 'expanderPattern'
2025-03-08 15:01:02,068 DEBUG [main][DefaultSingletonBeanRegistry.java:225] - Creating shared instance of singleton bean 'expanderSize'
2025-03-08 15:01:02,068 DEBUG [main][DefaultSingletonBeanRegistry.java:225] - Creating shared instance of singleton bean 'expanderSize'
2025-03-08 15:01:02,068 DEBUG [main][DefaultSingletonBeanRegistry.java:225] - Creating shared instance of singleton bean 'parameterMinMax'
2025-03-08 15:01:02,068 DEBUG [main][DefaultSingletonBeanRegistry.java:225] - Creating shared instance of singleton bean 'parameterMinMax'
2025-03-08 15:01:02,069 DEBUG [main][DefaultSingletonBeanRegistry.java:225] - Creating shared instance of singleton bean 'parameterNotNull'
2025-03-08 15:01:02,069 DEBUG [main][DefaultSingletonBeanRegistry.java:225] - Creating shared instance of singleton bean 'parameterNotNull'
2025-03-08 15:01:02,069 DEBUG [main][DefaultSingletonBeanRegistry.java:225] - Creating shared instance of singleton bean 'parameterPattern'
2025-03-08 15:01:02,069 DEBUG [main][DefaultSingletonBeanRegistry.java:225] - Creating shared instance of singleton bean 'parameterPattern'
2025-03-08 15:01:02,070 DEBUG [main][DefaultSingletonBeanRegistry.java:225] - Creating shared instance of singleton bean 'parameterSize'
2025-03-08 15:01:02,070 DEBUG [main][DefaultSingletonBeanRegistry.java:225] - Creating shared instance of singleton bean 'parameterSize'
2025-03-08 15:01:02,071 DEBUG [main][DefaultSingletonBeanRegistry.java:225] - Creating shared instance of singleton bean 'minMaxPlugin'
2025-03-08 15:01:02,071 DEBUG [main][DefaultSingletonBeanRegistry.java:225] - Creating shared instance of singleton bean 'minMaxPlugin'
2025-03-08 15:01:02,071 DEBUG [main][DefaultSingletonBeanRegistry.java:225] - Creating shared instance of singleton bean 'decimalMinMaxPlugin'
2025-03-08 15:01:02,071 DEBUG [main][DefaultSingletonBeanRegistry.java:225] - Creating shared instance of singleton bean 'decimalMinMaxPlugin'
2025-03-08 15:01:02,073 DEBUG [main][DefaultSingletonBeanRegistry.java:225] - Creating shared instance of singleton bean 'sizePlugin'
2025-03-08 15:01:02,073 DEBUG [main][DefaultSingletonBeanRegistry.java:225] - Creating shared instance of singleton bean 'sizePlugin'
2025-03-08 15:01:02,074 DEBUG [main][DefaultSingletonBeanRegistry.java:225] - Creating shared instance of singleton bean 'notNullPlugin'
2025-03-08 15:01:02,074 DEBUG [main][DefaultSingletonBeanRegistry.java:225] - Creating shared instance of singleton bean 'notNullPlugin'
2025-03-08 15:01:02,075 DEBUG [main][DefaultSingletonBeanRegistry.java:225] - Creating shared instance of singleton bean 'patternPlugin'
2025-03-08 15:01:02,075 DEBUG [main][DefaultSingletonBeanRegistry.java:225] - Creating shared instance of singleton bean 'patternPlugin'
2025-03-08 15:01:02,075 DEBUG [main][DefaultSingletonBeanRegistry.java:225] - Creating shared instance of singleton bean 'com.spring4all.swagger.Swagger2Configuration'
2025-03-08 15:01:02,075 DEBUG [main][DefaultSingletonBeanRegistry.java:225] - Creating shared instance of singleton bean 'com.spring4all.swagger.Swagger2Configuration'
2025-03-08 15:01:02,076 DEBUG [main][DefaultSingletonBeanRegistry.java:225] - Creating shared instance of singleton bean 'createRestApi'
2025-03-08 15:01:02,076 DEBUG [main][DefaultSingletonBeanRegistry.java:225] - Creating shared instance of singleton bean 'createRestApi'
2025-03-08 15:01:02,076 DEBUG [main][ConstructorResolver.java:807] - Autowiring by type from bean name 'createRestApi' via factory method to bean named 'swaggerProperties'
2025-03-08 15:01:02,076 DEBUG [main][ConstructorResolver.java:807] - Autowiring by type from bean name 'createRestApi' via factory method to bean named 'swaggerProperties'
2025-03-08 15:01:02,114 DEBUG [main][DefaultSingletonBeanRegistry.java:225] - Creating shared instance of singleton bean 'org.springframework.boot.autoconfigure.AutoConfigurationPackages'
2025-03-08 15:01:02,114 DEBUG [main][DefaultSingletonBeanRegistry.java:225] - Creating shared instance of singleton bean 'org.springframework.boot.autoconfigure.AutoConfigurationPackages'
2025-03-08 15:01:02,116 DEBUG [main][DefaultSingletonBeanRegistry.java:225] - Creating shared instance of singleton bean 'org.springframework.boot.autoconfigure.context.PropertyPlaceholderAutoConfiguration'
2025-03-08 15:01:02,116 DEBUG [main][DefaultSingletonBeanRegistry.java:225] - Creating shared instance of singleton bean 'org.springframework.boot.autoconfigure.context.PropertyPlaceholderAutoConfiguration'
2025-03-08 15:01:02,116 DEBUG [main][DefaultSingletonBeanRegistry.java:225] - Creating shared instance of singleton bean 'org.springframework.boot.autoconfigure.websocket.servlet.WebSocketServletAutoConfiguration'
2025-03-08 15:01:02,116 DEBUG [main][DefaultSingletonBeanRegistry.java:225] - Creating shared instance of singleton bean 'org.springframework.boot.autoconfigure.websocket.servlet.WebSocketServletAutoConfiguration'
2025-03-08 15:01:02,117 DEBUG [main][DefaultSingletonBeanRegistry.java:225] - Creating shared instance of singleton bean 'org.springframework.boot.context.properties.ConfigurationBeanFactoryMetadata'
2025-03-08 15:01:02,117 DEBUG [main][DefaultSingletonBeanRegistry.java:225] - Creating shared instance of singleton bean 'org.springframework.boot.context.properties.ConfigurationBeanFactoryMetadata'
2025-03-08 15:01:02,117 DEBUG [main][DefaultSingletonBeanRegistry.java:225] - Creating shared instance of singleton bean 'org.springframework.boot.autoconfigure.web.servlet.DispatcherServletAutoConfiguration'
2025-03-08 15:01:02,117 DEBUG [main][DefaultSingletonBeanRegistry.java:225] - Creating shared instance of singleton bean 'org.springframework.boot.autoconfigure.web.servlet.DispatcherServletAutoConfiguration'
2025-03-08 15:01:02,118 DEBUG [main][DefaultSingletonBeanRegistry.java:225] - Creating shared instance of singleton bean 'org.springframework.boot.autoconfigure.task.TaskExecutionAutoConfiguration'
2025-03-08 15:01:02,118 DEBUG [main][DefaultSingletonBeanRegistry.java:225] - Creating shared instance of singleton bean 'org.springframework.boot.autoconfigure.task.TaskExecutionAutoConfiguration'
2025-03-08 15:01:02,118 DEBUG [main][DefaultSingletonBeanRegistry.java:225] - Creating shared instance of singleton bean 'taskExecutorBuilder'
2025-03-08 15:01:02,118 DEBUG [main][DefaultSingletonBeanRegistry.java:225] - Creating shared instance of singleton bean 'taskExecutorBuilder'
2025-03-08 15:01:02,120 DEBUG [main][DefaultSingletonBeanRegistry.java:225] - Creating shared instance of singleton bean 'spring.task.execution-org.springframework.boot.autoconfigure.task.TaskExecutionProperties'
2025-03-08 15:01:02,120 DEBUG [main][DefaultSingletonBeanRegistry.java:225] - Creating shared instance of singleton bean 'spring.task.execution-org.springframework.boot.autoconfigure.task.TaskExecutionProperties'
2025-03-08 15:01:02,124 DEBUG [main][ConstructorResolver.java:807] - Autowiring by type from bean name 'taskExecutorBuilder' via factory method to bean named 'spring.task.execution-org.springframework.boot.autoconfigure.task.TaskExecutionProperties'
2025-03-08 15:01:02,124 DEBUG [main][ConstructorResolver.java:807] - Autowiring by type from bean name 'taskExecutorBuilder' via factory method to bean named 'spring.task.execution-org.springframework.boot.autoconfigure.task.TaskExecutionProperties'
2025-03-08 15:01:02,131 DEBUG [main][DefaultSingletonBeanRegistry.java:225] - Creating shared instance of singleton bean 'org.springframework.boot.autoconfigure.validation.ValidationAutoConfiguration'
2025-03-08 15:01:02,131 DEBUG [main][DefaultSingletonBeanRegistry.java:225] - Creating shared instance of singleton bean 'org.springframework.boot.autoconfigure.validation.ValidationAutoConfiguration'
2025-03-08 15:01:02,131 DEBUG [main][DefaultSingletonBeanRegistry.java:225] - Creating shared instance of singleton bean 'defaultValidator'
2025-03-08 15:01:02,131 DEBUG [main][DefaultSingletonBeanRegistry.java:225] - Creating shared instance of singleton bean 'defaultValidator'
2025-03-08 15:01:02,135 DEBUG [main][ResourceBundleMessageInterpolator.java:172] - Loaded expression factory via original TCCL
2025-03-08 15:01:02,135 DEBUG [main][ResourceBundleMessageInterpolator.java:172] - Loaded expression factory via original TCCL
2025-03-08 15:01:02,138 DEBUG [main][AbstractConfigurationImpl.java:171] - Setting custom MessageInterpolator of type org.springframework.validation.beanvalidation.LocaleContextMessageInterpolator
2025-03-08 15:01:02,138 DEBUG [main][AbstractConfigurationImpl.java:171] - Setting custom MessageInterpolator of type org.springframework.validation.beanvalidation.LocaleContextMessageInterpolator
2025-03-08 15:01:02,140 DEBUG [main][AbstractConfigurationImpl.java:203] - Setting custom ConstraintValidatorFactory of type org.springframework.validation.beanvalidation.SpringConstraintValidatorFactory
2025-03-08 15:01:02,140 DEBUG [main][AbstractConfigurationImpl.java:203] - Setting custom ConstraintValidatorFactory of type org.springframework.validation.beanvalidation.SpringConstraintValidatorFactory
2025-03-08 15:01:02,140 DEBUG [main][AbstractConfigurationImpl.java:217] - Setting custom ParameterNameProvider of type org.springframework.validation.beanvalidation.LocalValidatorFactoryBean$1
2025-03-08 15:01:02,140 DEBUG [main][AbstractConfigurationImpl.java:217] - Setting custom ParameterNameProvider of type org.springframework.validation.beanvalidation.LocalValidatorFactoryBean$1
2025-03-08 15:01:02,142 DEBUG [main][ValidationXmlParser.java:120] - Trying to load META-INF/validation.xml for XML based Validator configuration.
2025-03-08 15:01:02,142 DEBUG [main][ValidationXmlParser.java:120] - Trying to load META-INF/validation.xml for XML based Validator configuration.
2025-03-08 15:01:02,142 DEBUG [main][ResourceLoaderHelper.java:53] - Trying to load META-INF/validation.xml via user class loader
2025-03-08 15:01:02,142 DEBUG [main][ResourceLoaderHelper.java:53] - Trying to load META-INF/validation.xml via user class loader
2025-03-08 15:01:02,144 DEBUG [main][ResourceLoaderHelper.java:60] - Trying to load META-INF/validation.xml via TCCL
2025-03-08 15:01:02,144 DEBUG [main][ResourceLoaderHelper.java:60] - Trying to load META-INF/validation.xml via TCCL
2025-03-08 15:01:02,144 DEBUG [main][ResourceLoaderHelper.java:66] - Trying to load META-INF/validation.xml via Hibernate Validator's class loader
2025-03-08 15:01:02,144 DEBUG [main][ResourceLoaderHelper.java:66] - Trying to load META-INF/validation.xml via Hibernate Validator's class loader
2025-03-08 15:01:02,144 DEBUG [main][ValidationXmlParser.java:127] - No META-INF/validation.xml found. Using annotation based configuration only.
2025-03-08 15:01:02,144 DEBUG [main][ValidationXmlParser.java:127] - No META-INF/validation.xml found. Using annotation based configuration only.
2025-03-08 15:01:02,145 DEBUG [main][TraversableResolvers.java:60] - Cannot find javax.persistence.Persistence on classpath. Assuming non JPA 2 environment. All properties will per default be traversable.
2025-03-08 15:01:02,145 DEBUG [main][TraversableResolvers.java:60] - Cannot find javax.persistence.Persistence on classpath. Assuming non JPA 2 environment. All properties will per default be traversable.
2025-03-08 15:01:02,148 DEBUG [main][ValidatorFactoryConfigurationHelper.java:300] - HV000252: Using org.hibernate.validator.internal.engine.DefaultPropertyNodeNameProvider as property node name provider.
2025-03-08 15:01:02,148 DEBUG [main][ValidatorFactoryConfigurationHelper.java:300] - HV000252: Using org.hibernate.validator.internal.engine.DefaultPropertyNodeNameProvider as property node name provider.
2025-03-08 15:01:02,149 DEBUG [main][ValidatorFactoryConfigurationHelper.java:375] - HV000234: Using org.springframework.validation.beanvalidation.LocaleContextMessageInterpolator as ValidatorFactory-scoped message interpolator.
2025-03-08 15:01:02,149 DEBUG [main][ValidatorFactoryConfigurationHelper.java:375] - HV000234: Using org.springframework.validation.beanvalidation.LocaleContextMessageInterpolator as ValidatorFactory-scoped message interpolator.
2025-03-08 15:01:02,149 DEBUG [main][ValidatorFactoryConfigurationHelper.java:376] - HV000234: Using org.hibernate.validator.internal.engine.resolver.TraverseAllTraversableResolver as ValidatorFactory-scoped traversable resolver.
2025-03-08 15:01:02,149 DEBUG [main][ValidatorFactoryConfigurationHelper.java:376] - HV000234: Using org.hibernate.validator.internal.engine.resolver.TraverseAllTraversableResolver as ValidatorFactory-scoped traversable resolver.
2025-03-08 15:01:02,149 DEBUG [main][ValidatorFactoryConfigurationHelper.java:377] - HV000234: Using org.hibernate.validator.internal.util.ExecutableParameterNameProvider as ValidatorFactory-scoped parameter name provider.
2025-03-08 15:01:02,149 DEBUG [main][ValidatorFactoryConfigurationHelper.java:377] - HV000234: Using org.hibernate.validator.internal.util.ExecutableParameterNameProvider as ValidatorFactory-scoped parameter name provider.
2025-03-08 15:01:02,149 DEBUG [main][ValidatorFactoryConfigurationHelper.java:378] - HV000234: Using org.hibernate.validator.internal.engine.DefaultClockProvider as ValidatorFactory-scoped clock provider.
2025-03-08 15:01:02,149 DEBUG [main][ValidatorFactoryConfigurationHelper.java:378] - HV000234: Using org.hibernate.validator.internal.engine.DefaultClockProvider as ValidatorFactory-scoped clock provider.
2025-03-08 15:01:02,149 DEBUG [main][ValidatorFactoryConfigurationHelper.java:379] - HV000234: Using org.hibernate.validator.internal.engine.scripting.DefaultScriptEvaluatorFactory as ValidatorFactory-scoped script evaluator factory.
2025-03-08 15:01:02,149 DEBUG [main][ValidatorFactoryConfigurationHelper.java:379] - HV000234: Using org.hibernate.validator.internal.engine.scripting.DefaultScriptEvaluatorFactory as ValidatorFactory-scoped script evaluator factory.
2025-03-08 15:01:02,151 DEBUG [main][DefaultSingletonBeanRegistry.java:225] - Creating shared instance of singleton bean 'org.springframework.boot.autoconfigure.web.servlet.error.ErrorMvcAutoConfiguration$WhitelabelErrorViewConfiguration'
2025-03-08 15:01:02,151 DEBUG [main][DefaultSingletonBeanRegistry.java:225] - Creating shared instance of singleton bean 'org.springframework.boot.autoconfigure.web.servlet.error.ErrorMvcAutoConfiguration$WhitelabelErrorViewConfiguration'
2025-03-08 15:01:02,153 DEBUG [main][DefaultSingletonBeanRegistry.java:225] - Creating shared instance of singleton bean 'error'
2025-03-08 15:01:02,153 DEBUG [main][DefaultSingletonBeanRegistry.java:225] - Creating shared instance of singleton bean 'error'
2025-03-08 15:01:02,153 DEBUG [main][DefaultSingletonBeanRegistry.java:225] - Creating shared instance of singleton bean 'beanNameViewResolver'
2025-03-08 15:01:02,153 DEBUG [main][DefaultSingletonBeanRegistry.java:225] - Creating shared instance of singleton bean 'beanNameViewResolver'
2025-03-08 15:01:02,154 DEBUG [main][DefaultSingletonBeanRegistry.java:225] - Creating shared instance of singleton bean 'org.springframework.boot.autoconfigure.web.servlet.error.ErrorMvcAutoConfiguration$DefaultErrorViewResolverConfiguration'
2025-03-08 15:01:02,154 DEBUG [main][DefaultSingletonBeanRegistry.java:225] - Creating shared instance of singleton bean 'org.springframework.boot.autoconfigure.web.servlet.error.ErrorMvcAutoConfiguration$DefaultErrorViewResolverConfiguration'
2025-03-08 15:01:02,156 DEBUG [main][ConstructorResolver.java:807] - Autowiring by type from bean name 'org.springframework.boot.autoconfigure.web.servlet.error.ErrorMvcAutoConfiguration$DefaultErrorViewResolverConfiguration' via constructor to bean named 'org.springframework.boot.web.servlet.context.AnnotationConfigServletWebServerApplicationContext@365a6a43'
2025-03-08 15:01:02,156 DEBUG [main][ConstructorResolver.java:807] - Autowiring by type from bean name 'org.springframework.boot.autoconfigure.web.servlet.error.ErrorMvcAutoConfiguration$DefaultErrorViewResolverConfiguration' via constructor to bean named 'org.springframework.boot.web.servlet.context.AnnotationConfigServletWebServerApplicationContext@365a6a43'
2025-03-08 15:01:02,156 DEBUG [main][ConstructorResolver.java:807] - Autowiring by type from bean name 'org.springframework.boot.autoconfigure.web.servlet.error.ErrorMvcAutoConfiguration$DefaultErrorViewResolverConfiguration' via constructor to bean named 'spring.resources-org.springframework.boot.autoconfigure.web.ResourceProperties'
2025-03-08 15:01:02,156 DEBUG [main][ConstructorResolver.java:807] - Autowiring by type from bean name 'org.springframework.boot.autoconfigure.web.servlet.error.ErrorMvcAutoConfiguration$DefaultErrorViewResolverConfiguration' via constructor to bean named 'spring.resources-org.springframework.boot.autoconfigure.web.ResourceProperties'
2025-03-08 15:01:02,157 DEBUG [main][DefaultSingletonBeanRegistry.java:225] - Creating shared instance of singleton bean 'conventionErrorViewResolver'
2025-03-08 15:01:02,157 DEBUG [main][DefaultSingletonBeanRegistry.java:225] - Creating shared instance of singleton bean 'conventionErrorViewResolver'
2025-03-08 15:01:02,159 DEBUG [main][DefaultSingletonBeanRegistry.java:225] - Creating shared instance of singleton bean 'errorAttributes'
2025-03-08 15:01:02,159 DEBUG [main][DefaultSingletonBeanRegistry.java:225] - Creating shared instance of singleton bean 'errorAttributes'
2025-03-08 15:01:02,161 DEBUG [main][DefaultSingletonBeanRegistry.java:225] - Creating shared instance of singleton bean 'basicErrorController'
2025-03-08 15:01:02,161 DEBUG [main][DefaultSingletonBeanRegistry.java:225] - Creating shared instance of singleton bean 'basicErrorController'
2025-03-08 15:01:02,162 DEBUG [main][ConstructorResolver.java:807] - Autowiring by type from bean name 'basicErrorController' via factory method to bean named 'errorAttributes'
2025-03-08 15:01:02,162 DEBUG [main][ConstructorResolver.java:807] - Autowiring by type from bean name 'basicErrorController' via factory method to bean named 'errorAttributes'
2025-03-08 15:01:02,164 DEBUG [main][DefaultSingletonBeanRegistry.java:225] - Creating shared instance of singleton bean 'requestMappingHandlerAdapter'
2025-03-08 15:01:02,164 DEBUG [main][DefaultSingletonBeanRegistry.java:225] - Creating shared instance of singleton bean 'requestMappingHandlerAdapter'
2025-03-08 15:01:02,167 DEBUG [main][DefaultSingletonBeanRegistry.java:225] - Creating shared instance of singleton bean 'mvcValidator'
2025-03-08 15:01:02,167 DEBUG [main][DefaultSingletonBeanRegistry.java:225] - Creating shared instance of singleton bean 'mvcValidator'
2025-03-08 15:01:02,171 DEBUG [main][ConstructorResolver.java:807] - Autowiring by type from bean name 'requestMappingHandlerAdapter' via factory method to bean named 'mvcContentNegotiationManager'
2025-03-08 15:01:02,171 DEBUG [main][ConstructorResolver.java:807] - Autowiring by type from bean name 'requestMappingHandlerAdapter' via factory method to bean named 'mvcContentNegotiationManager'
2025-03-08 15:01:02,171 DEBUG [main][ConstructorResolver.java:807] - Autowiring by type from bean name 'requestMappingHandlerAdapter' via factory method to bean named 'mvcConversionService'
2025-03-08 15:01:02,171 DEBUG [main][ConstructorResolver.java:807] - Autowiring by type from bean name 'requestMappingHandlerAdapter' via factory method to bean named 'mvcConversionService'
2025-03-08 15:01:02,172 DEBUG [main][ConstructorResolver.java:807] - Autowiring by type from bean name 'requestMappingHandlerAdapter' via factory method to bean named 'mvcValidator'
2025-03-08 15:01:02,172 DEBUG [main][ConstructorResolver.java:807] - Autowiring by type from bean name 'requestMappingHandlerAdapter' via factory method to bean named 'mvcValidator'
2025-03-08 15:01:02,173 DEBUG [main][ConstructorResolver.java:807] - Autowiring by type from bean name 'requestMappingHandlerAdapter' via factory method to bean named 'mvcContentNegotiationManager'
2025-03-08 15:01:02,173 DEBUG [main][ConstructorResolver.java:807] - Autowiring by type from bean name 'requestMappingHandlerAdapter' via factory method to bean named 'mvcContentNegotiationManager'
2025-03-08 15:01:02,173 DEBUG [main][ConstructorResolver.java:807] - Autowiring by type from bean name 'requestMappingHandlerAdapter' via factory method to bean named 'mvcConversionService'
2025-03-08 15:01:02,173 DEBUG [main][ConstructorResolver.java:807] - Autowiring by type from bean name 'requestMappingHandlerAdapter' via factory method to bean named 'mvcConversionService'
2025-03-08 15:01:02,174 DEBUG [main][ConstructorResolver.java:807] - Autowiring by type from bean name 'requestMappingHandlerAdapter' via factory method to bean named 'mvcValidator'
2025-03-08 15:01:02,174 DEBUG [main][ConstructorResolver.java:807] - Autowiring by type from bean name 'requestMappingHandlerAdapter' via factory method to bean named 'mvcValidator'
2025-03-08 15:01:02,195 DEBUG [main][DefaultSingletonBeanRegistry.java:225] - Creating shared instance of singleton bean 'messageConverters'
2025-03-08 15:01:02,195 DEBUG [main][DefaultSingletonBeanRegistry.java:225] - Creating shared instance of singleton bean 'messageConverters'
2025-03-08 15:01:02,195 DEBUG [main][DefaultSingletonBeanRegistry.java:225] - Creating shared instance of singleton bean 'org.springframework.boot.autoconfigure.http.HttpMessageConvertersAutoConfiguration'
2025-03-08 15:01:02,195 DEBUG [main][DefaultSingletonBeanRegistry.java:225] - Creating shared instance of singleton bean 'org.springframework.boot.autoconfigure.http.HttpMessageConvertersAutoConfiguration'
2025-03-08 15:01:02,198 DEBUG [main][DefaultSingletonBeanRegistry.java:225] - Creating shared instance of singleton bean 'stringHttpMessageConverter'
2025-03-08 15:01:02,198 DEBUG [main][DefaultSingletonBeanRegistry.java:225] - Creating shared instance of singleton bean 'stringHttpMessageConverter'
2025-03-08 15:01:02,199 DEBUG [main][DefaultSingletonBeanRegistry.java:225] - Creating shared instance of singleton bean 'org.springframework.boot.autoconfigure.http.HttpMessageConvertersAutoConfiguration$StringHttpMessageConverterConfiguration'
2025-03-08 15:01:02,199 DEBUG [main][DefaultSingletonBeanRegistry.java:225] - Creating shared instance of singleton bean 'org.springframework.boot.autoconfigure.http.HttpMessageConvertersAutoConfiguration$StringHttpMessageConverterConfiguration'
2025-03-08 15:01:02,202 DEBUG [main][ConstructorResolver.java:807] - Autowiring by type from bean name 'stringHttpMessageConverter' via factory method to bean named 'environment'
2025-03-08 15:01:02,202 DEBUG [main][ConstructorResolver.java:807] - Autowiring by type from bean name 'stringHttpMessageConverter' via factory method to bean named 'environment'
2025-03-08 15:01:02,208 DEBUG [main][DefaultSingletonBeanRegistry.java:225] - Creating shared instance of singleton bean 'mappingJackson2HttpMessageConverter'
2025-03-08 15:01:02,208 DEBUG [main][DefaultSingletonBeanRegistry.java:225] - Creating shared instance of singleton bean 'mappingJackson2HttpMessageConverter'
2025-03-08 15:01:02,208 DEBUG [main][DefaultSingletonBeanRegistry.java:225] - Creating shared instance of singleton bean 'org.springframework.boot.autoconfigure.http.JacksonHttpMessageConvertersConfiguration$MappingJackson2HttpMessageConverterConfiguration'
2025-03-08 15:01:02,208 DEBUG [main][DefaultSingletonBeanRegistry.java:225] - Creating shared instance of singleton bean 'org.springframework.boot.autoconfigure.http.JacksonHttpMessageConvertersConfiguration$MappingJackson2HttpMessageConverterConfiguration'
2025-03-08 15:01:02,210 DEBUG [main][DefaultSingletonBeanRegistry.java:225] - Creating shared instance of singleton bean 'jacksonObjectMapper'
2025-03-08 15:01:02,210 DEBUG [main][DefaultSingletonBeanRegistry.java:225] - Creating shared instance of singleton bean 'jacksonObjectMapper'
2025-03-08 15:01:02,210 DEBUG [main][DefaultSingletonBeanRegistry.java:225] - Creating shared instance of singleton bean 'org.springframework.boot.autoconfigure.jackson.JacksonAutoConfiguration$JacksonObjectMapperConfiguration'
2025-03-08 15:01:02,210 DEBUG [main][DefaultSingletonBeanRegistry.java:225] - Creating shared instance of singleton bean 'org.springframework.boot.autoconfigure.jackson.JacksonAutoConfiguration$JacksonObjectMapperConfiguration'
2025-03-08 15:01:02,212 DEBUG [main][DefaultSingletonBeanRegistry.java:225] - Creating shared instance of singleton bean 'org.springframework.boot.autoconfigure.jackson.JacksonAutoConfiguration$JacksonObjectMapperBuilderConfiguration'
2025-03-08 15:01:02,212 DEBUG [main][DefaultSingletonBeanRegistry.java:225] - Creating shared instance of singleton bean 'org.springframework.boot.autoconfigure.jackson.JacksonAutoConfiguration$JacksonObjectMapperBuilderConfiguration'
2025-03-08 15:01:02,214 DEBUG [main][DefaultSingletonBeanRegistry.java:225] - Creating shared instance of singleton bean 'standardJacksonObjectMapperBuilderCustomizer'
2025-03-08 15:01:02,214 DEBUG [main][DefaultSingletonBeanRegistry.java:225] - Creating shared instance of singleton bean 'standardJacksonObjectMapperBuilderCustomizer'
2025-03-08 15:01:02,215 DEBUG [main][DefaultSingletonBeanRegistry.java:225] - Creating shared instance of singleton bean 'org.springframework.boot.autoconfigure.jackson.JacksonAutoConfiguration$Jackson2ObjectMapperBuilderCustomizerConfiguration'
2025-03-08 15:01:02,215 DEBUG [main][DefaultSingletonBeanRegistry.java:225] - Creating shared instance of singleton bean 'org.springframework.boot.autoconfigure.jackson.JacksonAutoConfiguration$Jackson2ObjectMapperBuilderCustomizerConfiguration'
2025-03-08 15:01:02,217 DEBUG [main][DefaultSingletonBeanRegistry.java:225] - Creating shared instance of singleton bean 'spring.jackson-org.springframework.boot.autoconfigure.jackson.JacksonProperties'
2025-03-08 15:01:02,217 DEBUG [main][DefaultSingletonBeanRegistry.java:225] - Creating shared instance of singleton bean 'spring.jackson-org.springframework.boot.autoconfigure.jackson.JacksonProperties'
2025-03-08 15:01:02,222 DEBUG [main][ConstructorResolver.java:807] - Autowiring by type from bean name 'standardJacksonObjectMapperBuilderCustomizer' via factory method to bean named 'org.springframework.boot.web.servlet.context.AnnotationConfigServletWebServerApplicationContext@365a6a43'
2025-03-08 15:01:02,222 DEBUG [main][ConstructorResolver.java:807] - Autowiring by type from bean name 'standardJacksonObjectMapperBuilderCustomizer' via factory method to bean named 'org.springframework.boot.web.servlet.context.AnnotationConfigServletWebServerApplicationContext@365a6a43'
2025-03-08 15:01:02,222 DEBUG [main][ConstructorResolver.java:807] - Autowiring by type from bean name 'standardJacksonObjectMapperBuilderCustomizer' via factory method to bean named 'spring.jackson-org.springframework.boot.autoconfigure.jackson.JacksonProperties'
2025-03-08 15:01:02,222 DEBUG [main][ConstructorResolver.java:807] - Autowiring by type from bean name 'standardJacksonObjectMapperBuilderCustomizer' via factory method to bean named 'spring.jackson-org.springframework.boot.autoconfigure.jackson.JacksonProperties'
2025-03-08 15:01:02,224 DEBUG [main][ConstructorResolver.java:807] - Autowiring by type from bean name 'jacksonObjectMapperBuilder' via factory method to bean named 'org.springframework.boot.web.servlet.context.AnnotationConfigServletWebServerApplicationContext@365a6a43'
2025-03-08 15:01:02,224 DEBUG [main][ConstructorResolver.java:807] - Autowiring by type from bean name 'jacksonObjectMapperBuilder' via factory method to bean named 'org.springframework.boot.web.servlet.context.AnnotationConfigServletWebServerApplicationContext@365a6a43'
2025-03-08 15:01:02,224 DEBUG [main][ConstructorResolver.java:807] - Autowiring by type from bean name 'jacksonObjectMapperBuilder' via factory method to bean named 'jackson2ObjectMapperBuilderCustomizer'
2025-03-08 15:01:02,224 DEBUG [main][ConstructorResolver.java:807] - Autowiring by type from bean name 'jacksonObjectMapperBuilder' via factory method to bean named 'jackson2ObjectMapperBuilderCustomizer'
2025-03-08 15:01:02,224 DEBUG [main][ConstructorResolver.java:807] - Autowiring by type from bean name 'jacksonObjectMapperBuilder' via factory method to bean named 'standardJacksonObjectMapperBuilderCustomizer'
2025-03-08 15:01:02,224 DEBUG [main][ConstructorResolver.java:807] - Autowiring by type from bean name 'jacksonObjectMapperBuilder' via factory method to bean named 'standardJacksonObjectMapperBuilderCustomizer'
2025-03-08 15:01:02,227 DEBUG [main][DefaultSingletonBeanRegistry.java:225] - Creating shared instance of singleton bean 'parameterNamesModule'
2025-03-08 15:01:02,227 DEBUG [main][DefaultSingletonBeanRegistry.java:225] - Creating shared instance of singleton bean 'parameterNamesModule'
2025-03-08 15:01:02,227 DEBUG [main][DefaultSingletonBeanRegistry.java:225] - Creating shared instance of singleton bean 'org.springframework.boot.autoconfigure.jackson.JacksonAutoConfiguration$ParameterNamesModuleConfiguration'
2025-03-08 15:01:02,227 DEBUG [main][DefaultSingletonBeanRegistry.java:225] - Creating shared instance of singleton bean 'org.springframework.boot.autoconfigure.jackson.JacksonAutoConfiguration$ParameterNamesModuleConfiguration'
2025-03-08 15:01:02,233 DEBUG [main][DefaultSingletonBeanRegistry.java:225] - Creating shared instance of singleton bean 'jsonComponentModule'
2025-03-08 15:01:02,233 DEBUG [main][DefaultSingletonBeanRegistry.java:225] - Creating shared instance of singleton bean 'jsonComponentModule'
2025-03-08 15:01:02,234 DEBUG [main][DefaultSingletonBeanRegistry.java:225] - Creating shared instance of singleton bean 'org.springframework.boot.autoconfigure.jackson.JacksonAutoConfiguration'
2025-03-08 15:01:02,234 DEBUG [main][DefaultSingletonBeanRegistry.java:225] - Creating shared instance of singleton bean 'org.springframework.boot.autoconfigure.jackson.JacksonAutoConfiguration'
2025-03-08 15:01:02,243 DEBUG [main][ConstructorResolver.java:807] - Autowiring by type from bean name 'jacksonObjectMapper' via factory method to bean named 'jacksonObjectMapperBuilder'
2025-03-08 15:01:02,243 DEBUG [main][ConstructorResolver.java:807] - Autowiring by type from bean name 'jacksonObjectMapper' via factory method to bean named 'jacksonObjectMapperBuilder'
2025-03-08 15:01:02,264 DEBUG [main][ConstructorResolver.java:807] - Autowiring by type from bean name 'mappingJackson2HttpMessageConverter' via factory method to bean named 'jacksonObjectMapper'
2025-03-08 15:01:02,264 DEBUG [main][ConstructorResolver.java:807] - Autowiring by type from bean name 'mappingJackson2HttpMessageConverter' via factory method to bean named 'jacksonObjectMapper'
2025-03-08 15:01:02,275 DEBUG [main][DefaultSingletonBeanRegistry.java:225] - Creating shared instance of singleton bean 'applicationTaskExecutor'
2025-03-08 15:01:02,275 DEBUG [main][DefaultSingletonBeanRegistry.java:225] - Creating shared instance of singleton bean 'applicationTaskExecutor'
2025-03-08 15:01:02,276 DEBUG [main][ConstructorResolver.java:807] - Autowiring by type from bean name 'applicationTaskExecutor' via factory method to bean named 'taskExecutorBuilder'
2025-03-08 15:01:02,276 DEBUG [main][ConstructorResolver.java:807] - Autowiring by type from bean name 'applicationTaskExecutor' via factory method to bean named 'taskExecutorBuilder'
2025-03-08 15:01:02,280 INFO [main][ExecutorConfigurationSupport.java:181] - Initializing ExecutorService 'applicationTaskExecutor'
2025-03-08 15:01:02,280 INFO [main][ExecutorConfigurationSupport.java:181] - Initializing ExecutorService 'applicationTaskExecutor'
2025-03-08 15:01:02,290 DEBUG [main][DefaultSingletonBeanRegistry.java:225] - Creating shared instance of singleton bean 'springApplicationAdminRegistrar'
2025-03-08 15:01:02,290 DEBUG [main][DefaultSingletonBeanRegistry.java:225] - Creating shared instance of singleton bean 'springApplicationAdminRegistrar'
2025-03-08 15:01:02,290 DEBUG [main][DefaultSingletonBeanRegistry.java:225] - Creating shared instance of singleton bean 'org.springframework.boot.autoconfigure.admin.SpringApplicationAdminJmxAutoConfiguration'
2025-03-08 15:01:02,290 DEBUG [main][DefaultSingletonBeanRegistry.java:225] - Creating shared instance of singleton bean 'org.springframework.boot.autoconfigure.admin.SpringApplicationAdminJmxAutoConfiguration'
2025-03-08 15:01:02,291 DEBUG [main][ConstructorResolver.java:807] - Autowiring by type from bean name 'springApplicationAdminRegistrar' via factory method to bean named 'environment'
2025-03-08 15:01:02,291 DEBUG [main][ConstructorResolver.java:807] - Autowiring by type from bean name 'springApplicationAdminRegistrar' via factory method to bean named 'environment'
2025-03-08 15:01:02,292 DEBUG [main][DefaultSingletonBeanRegistry.java:225] - Creating shared instance of singleton bean 'mbeanExporter'
2025-03-08 15:01:02,292 DEBUG [main][DefaultSingletonBeanRegistry.java:225] - Creating shared instance of singleton bean 'mbeanExporter'
2025-03-08 15:01:02,292 DEBUG [main][DefaultSingletonBeanRegistry.java:225] - Creating shared instance of singleton bean 'org.springframework.boot.autoconfigure.jmx.JmxAutoConfiguration'
2025-03-08 15:01:02,292 DEBUG [main][DefaultSingletonBeanRegistry.java:225] - Creating shared instance of singleton bean 'org.springframework.boot.autoconfigure.jmx.JmxAutoConfiguration'
2025-03-08 15:01:02,293 DEBUG [main][ConstructorResolver.java:807] - Autowiring by type from bean name 'org.springframework.boot.autoconfigure.jmx.JmxAutoConfiguration' via constructor to bean named 'environment'
2025-03-08 15:01:02,293 DEBUG [main][ConstructorResolver.java:807] - Autowiring by type from bean name 'org.springframework.boot.autoconfigure.jmx.JmxAutoConfiguration' via constructor to bean named 'environment'
2025-03-08 15:01:02,294 DEBUG [main][DefaultSingletonBeanRegistry.java:225] - Creating shared instance of singleton bean 'objectNamingStrategy'
2025-03-08 15:01:02,294 DEBUG [main][DefaultSingletonBeanRegistry.java:225] - Creating shared instance of singleton bean 'objectNamingStrategy'
2025-03-08 15:01:02,297 DEBUG [main][ConstructorResolver.java:807] - Autowiring by type from bean name 'mbeanExporter' via factory method to bean named 'objectNamingStrategy'
2025-03-08 15:01:02,297 DEBUG [main][ConstructorResolver.java:807] - Autowiring by type from bean name 'mbeanExporter' via factory method to bean named 'objectNamingStrategy'
2025-03-08 15:01:02,297 DEBUG [main][ConstructorResolver.java:807] - Autowiring by type from bean name 'mbeanExporter' via factory method to bean named 'org.springframework.beans.factory.support.DefaultListableBeanFactory@5d5b5fa7'
2025-03-08 15:01:02,297 DEBUG [main][ConstructorResolver.java:807] - Autowiring by type from bean name 'mbeanExporter' via factory method to bean named 'org.springframework.beans.factory.support.DefaultListableBeanFactory@5d5b5fa7'
2025-03-08 15:01:02,307 DEBUG [main][DefaultSingletonBeanRegistry.java:225] - Creating shared instance of singleton bean 'mbeanServer'
2025-03-08 15:01:02,307 DEBUG [main][DefaultSingletonBeanRegistry.java:225] - Creating shared instance of singleton bean 'mbeanServer'
2025-03-08 15:01:02,314 DEBUG [main][JmxUtils.java:127] - Found MBeanServer: com.sun.jmx.mbeanserver.JmxMBeanServer@382db087
2025-03-08 15:01:02,314 DEBUG [main][JmxUtils.java:127] - Found MBeanServer: com.sun.jmx.mbeanserver.JmxMBeanServer@382db087
2025-03-08 15:01:02,320 DEBUG [main][SpringApplicationAdminMXBeanRegistrar.java:131] - Application Admin MBean registered with name 'org.springframework.boot:type=Admin,name=SpringApplication'
2025-03-08 15:01:02,320 DEBUG [main][SpringApplicationAdminMXBeanRegistrar.java:131] - Application Admin MBean registered with name 'org.springframework.boot:type=Admin,name=SpringApplication'
2025-03-08 15:01:02,321 DEBUG [main][DefaultSingletonBeanRegistry.java:225] - Creating shared instance of singleton bean 'refreshEventListener'
2025-03-08 15:01:02,321 DEBUG [main][DefaultSingletonBeanRegistry.java:225] - Creating shared instance of singleton bean 'refreshEventListener'
2025-03-08 15:01:02,321 DEBUG [main][DefaultSingletonBeanRegistry.java:225] - Creating shared instance of singleton bean 'org.springframework.cloud.autoconfigure.RefreshAutoConfiguration'
2025-03-08 15:01:02,321 DEBUG [main][DefaultSingletonBeanRegistry.java:225] - Creating shared instance of singleton bean 'org.springframework.cloud.autoconfigure.RefreshAutoConfiguration'
2025-03-08 15:01:02,323 DEBUG [main][DefaultSingletonBeanRegistry.java:225] - Creating shared instance of singleton bean 'contextRefresher'
2025-03-08 15:01:02,323 DEBUG [main][DefaultSingletonBeanRegistry.java:225] - Creating shared instance of singleton bean 'contextRefresher'
2025-03-08 15:01:02,324 DEBUG [main][ConstructorResolver.java:807] - Autowiring by type from bean name 'contextRefresher' via factory method to bean named 'org.springframework.boot.web.servlet.context.AnnotationConfigServletWebServerApplicationContext@365a6a43'
2025-03-08 15:01:02,324 DEBUG [main][ConstructorResolver.java:807] - Autowiring by type from bean name 'contextRefresher' via factory method to bean named 'org.springframework.boot.web.servlet.context.AnnotationConfigServletWebServerApplicationContext@365a6a43'
2025-03-08 15:01:02,324 DEBUG [main][ConstructorResolver.java:807] - Autowiring by type from bean name 'contextRefresher' via factory method to bean named 'refreshScope'
2025-03-08 15:01:02,324 DEBUG [main][ConstructorResolver.java:807] - Autowiring by type from bean name 'contextRefresher' via factory method to bean named 'refreshScope'
2025-03-08 15:01:02,325 DEBUG [main][ConstructorResolver.java:807] - Autowiring by type from bean name 'refreshEventListener' via factory method to bean named 'contextRefresher'
2025-03-08 15:01:02,325 DEBUG [main][ConstructorResolver.java:807] - Autowiring by type from bean name 'refreshEventListener' via factory method to bean named 'contextRefresher'
2025-03-08 15:01:02,338 DEBUG [main][RequestMappingHandlerAdapter.java:614] - ControllerAdvice beans: 0 @ModelAttribute, 0 @InitBinder, 1 RequestBodyAdvice, 1 ResponseBodyAdvice
2025-03-08 15:01:02,338 DEBUG [main][RequestMappingHandlerAdapter.java:614] - ControllerAdvice beans: 0 @ModelAttribute, 0 @InitBinder, 1 RequestBodyAdvice, 1 ResponseBodyAdvice
2025-03-08 15:01:02,398 DEBUG [main][DefaultSingletonBeanRegistry.java:225] - Creating shared instance of singleton bean 'welcomePageHandlerMapping'
2025-03-08 15:01:02,398 DEBUG [main][DefaultSingletonBeanRegistry.java:225] - Creating shared instance of singleton bean 'welcomePageHandlerMapping'
2025-03-08 15:01:02,399 DEBUG [main][ConstructorResolver.java:807] - Autowiring by type from bean name 'welcomePageHandlerMapping' via factory method to bean named 'org.springframework.boot.web.servlet.context.AnnotationConfigServletWebServerApplicationContext@365a6a43'
2025-03-08 15:01:02,399 DEBUG [main][ConstructorResolver.java:807] - Autowiring by type from bean name 'welcomePageHandlerMapping' via factory method to bean named 'org.springframework.boot.web.servlet.context.AnnotationConfigServletWebServerApplicationContext@365a6a43'
2025-03-08 15:01:02,399 DEBUG [main][ConstructorResolver.java:807] - Autowiring by type from bean name 'welcomePageHandlerMapping' via factory method to bean named 'mvcConversionService'
2025-03-08 15:01:02,399 DEBUG [main][ConstructorResolver.java:807] - Autowiring by type from bean name 'welcomePageHandlerMapping' via factory method to bean named 'mvcConversionService'
2025-03-08 15:01:02,399 DEBUG [main][ConstructorResolver.java:807] - Autowiring by type from bean name 'welcomePageHandlerMapping' via factory method to bean named 'mvcResourceUrlProvider'
2025-03-08 15:01:02,399 DEBUG [main][ConstructorResolver.java:807] - Autowiring by type from bean name 'welcomePageHandlerMapping' via factory method to bean named 'mvcResourceUrlProvider'
2025-03-08 15:01:02,414 DEBUG [main][DefaultSingletonBeanRegistry.java:225] - Creating shared instance of singleton bean 'mvcPathMatcher'
2025-03-08 15:01:02,414 DEBUG [main][DefaultSingletonBeanRegistry.java:225] - Creating shared instance of singleton bean 'mvcPathMatcher'
2025-03-08 15:01:02,415 DEBUG [main][DefaultSingletonBeanRegistry.java:225] - Creating shared instance of singleton bean 'mvcUrlPathHelper'
2025-03-08 15:01:02,415 DEBUG [main][DefaultSingletonBeanRegistry.java:225] - Creating shared instance of singleton bean 'mvcUrlPathHelper'
2025-03-08 15:01:02,417 DEBUG [main][DefaultSingletonBeanRegistry.java:225] - Creating shared instance of singleton bean 'viewControllerHandlerMapping'
2025-03-08 15:01:02,417 DEBUG [main][DefaultSingletonBeanRegistry.java:225] - Creating shared instance of singleton bean 'viewControllerHandlerMapping'
2025-03-08 15:01:02,419 DEBUG [main][ConstructorResolver.java:807] - Autowiring by type from bean name 'viewControllerHandlerMapping' via factory method to bean named 'mvcPathMatcher'
2025-03-08 15:01:02,419 DEBUG [main][ConstructorResolver.java:807] - Autowiring by type from bean name 'viewControllerHandlerMapping' via factory method to bean named 'mvcPathMatcher'
2025-03-08 15:01:02,419 DEBUG [main][ConstructorResolver.java:807] - Autowiring by type from bean name 'viewControllerHandlerMapping' via factory method to bean named 'mvcUrlPathHelper'
2025-03-08 15:01:02,419 DEBUG [main][ConstructorResolver.java:807] - Autowiring by type from bean name 'viewControllerHandlerMapping' via factory method to bean named 'mvcUrlPathHelper'
2025-03-08 15:01:02,419 DEBUG [main][ConstructorResolver.java:807] - Autowiring by type from bean name 'viewControllerHandlerMapping' via factory method to bean named 'mvcConversionService'
2025-03-08 15:01:02,419 DEBUG [main][ConstructorResolver.java:807] - Autowiring by type from bean name 'viewControllerHandlerMapping' via factory method to bean named 'mvcConversionService'
2025-03-08 15:01:02,419 DEBUG [main][ConstructorResolver.java:807] - Autowiring by type from bean name 'viewControllerHandlerMapping' via factory method to bean named 'mvcResourceUrlProvider'
2025-03-08 15:01:02,419 DEBUG [main][ConstructorResolver.java:807] - Autowiring by type from bean name 'viewControllerHandlerMapping' via factory method to bean named 'mvcResourceUrlProvider'
2025-03-08 15:01:02,421 DEBUG [main][DefaultSingletonBeanRegistry.java:225] - Creating shared instance of singleton bean 'beanNameHandlerMapping'
2025-03-08 15:01:02,421 DEBUG [main][DefaultSingletonBeanRegistry.java:225] - Creating shared instance of singleton bean 'beanNameHandlerMapping'
2025-03-08 15:01:02,423 DEBUG [main][ConstructorResolver.java:807] - Autowiring by type from bean name 'beanNameHandlerMapping' via factory method to bean named 'mvcConversionService'
2025-03-08 15:01:02,423 DEBUG [main][ConstructorResolver.java:807] - Autowiring by type from bean name 'beanNameHandlerMapping' via factory method to bean named 'mvcConversionService'
2025-03-08 15:01:02,423 DEBUG [main][ConstructorResolver.java:807] - Autowiring by type from bean name 'beanNameHandlerMapping' via factory method to bean named 'mvcResourceUrlProvider'
2025-03-08 15:01:02,423 DEBUG [main][ConstructorResolver.java:807] - Autowiring by type from bean name 'beanNameHandlerMapping' via factory method to bean named 'mvcResourceUrlProvider'
2025-03-08 15:01:02,427 DEBUG [main][DefaultSingletonBeanRegistry.java:225] - Creating shared instance of singleton bean 'routerFunctionMapping'
2025-03-08 15:01:02,427 DEBUG [main][DefaultSingletonBeanRegistry.java:225] - Creating shared instance of singleton bean 'routerFunctionMapping'
2025-03-08 15:01:02,428 DEBUG [main][ConstructorResolver.java:807] - Autowiring by type from bean name 'routerFunctionMapping' via factory method to bean named 'mvcConversionService'
2025-03-08 15:01:02,428 DEBUG [main][ConstructorResolver.java:807] - Autowiring by type from bean name 'routerFunctionMapping' via factory method to bean named 'mvcConversionService'
2025-03-08 15:01:02,428 DEBUG [main][ConstructorResolver.java:807] - Autowiring by type from bean name 'routerFunctionMapping' via factory method to bean named 'mvcResourceUrlProvider'
2025-03-08 15:01:02,428 DEBUG [main][ConstructorResolver.java:807] - Autowiring by type from bean name 'routerFunctionMapping' via factory method to bean named 'mvcResourceUrlProvider'
2025-03-08 15:01:02,432 DEBUG [main][DefaultSingletonBeanRegistry.java:225] - Creating shared instance of singleton bean 'resourceHandlerMapping'
2025-03-08 15:01:02,432 DEBUG [main][DefaultSingletonBeanRegistry.java:225] - Creating shared instance of singleton bean 'resourceHandlerMapping'
2025-03-08 15:01:02,433 DEBUG [main][ConstructorResolver.java:807] - Autowiring by type from bean name 'resourceHandlerMapping' via factory method to bean named 'mvcUrlPathHelper'
2025-03-08 15:01:02,433 DEBUG [main][ConstructorResolver.java:807] - Autowiring by type from bean name 'resourceHandlerMapping' via factory method to bean named 'mvcUrlPathHelper'
2025-03-08 15:01:02,433 DEBUG [main][ConstructorResolver.java:807] - Autowiring by type from bean name 'resourceHandlerMapping' via factory method to bean named 'mvcPathMatcher'
2025-03-08 15:01:02,433 DEBUG [main][ConstructorResolver.java:807] - Autowiring by type from bean name 'resourceHandlerMapping' via factory method to bean named 'mvcPathMatcher'
2025-03-08 15:01:02,433 DEBUG [main][ConstructorResolver.java:807] - Autowiring by type from bean name 'resourceHandlerMapping' via factory method to bean named 'mvcContentNegotiationManager'
2025-03-08 15:01:02,433 DEBUG [main][ConstructorResolver.java:807] - Autowiring by type from bean name 'resourceHandlerMapping' via factory method to bean named 'mvcContentNegotiationManager'
2025-03-08 15:01:02,434 DEBUG [main][ConstructorResolver.java:807] - Autowiring by type from bean name 'resourceHandlerMapping' via factory method to bean named 'mvcConversionService'
2025-03-08 15:01:02,434 DEBUG [main][ConstructorResolver.java:807] - Autowiring by type from bean name 'resourceHandlerMapping' via factory method to bean named 'mvcConversionService'
2025-03-08 15:01:02,434 DEBUG [main][ConstructorResolver.java:807] - Autowiring by type from bean name 'resourceHandlerMapping' via factory method to bean named 'mvcResourceUrlProvider'
2025-03-08 15:01:02,434 DEBUG [main][ConstructorResolver.java:807] - Autowiring by type from bean name 'resourceHandlerMapping' via factory method to bean named 'mvcResourceUrlProvider'
2025-03-08 15:01:02,447 DEBUG [main][SimpleUrlHandlerMapping.java:173] - Patterns [/webjars/**, /**] in 'resourceHandlerMapping'
2025-03-08 15:01:02,447 DEBUG [main][SimpleUrlHandlerMapping.java:173] - Patterns [/webjars/**, /**] in 'resourceHandlerMapping'
2025-03-08 15:01:02,448 DEBUG [main][DefaultSingletonBeanRegistry.java:225] - Creating shared instance of singleton bean 'defaultServletHandlerMapping'
2025-03-08 15:01:02,448 DEBUG [main][DefaultSingletonBeanRegistry.java:225] - Creating shared instance of singleton bean 'defaultServletHandlerMapping'
2025-03-08 15:01:02,449 DEBUG [main][DefaultSingletonBeanRegistry.java:225] - Creating shared instance of singleton bean 'handlerFunctionAdapter'
2025-03-08 15:01:02,449 DEBUG [main][DefaultSingletonBeanRegistry.java:225] - Creating shared instance of singleton bean 'handlerFunctionAdapter'
2025-03-08 15:01:02,451 DEBUG [main][DefaultSingletonBeanRegistry.java:225] - Creating shared instance of singleton bean 'mvcUriComponentsContributor'
2025-03-08 15:01:02,451 DEBUG [main][DefaultSingletonBeanRegistry.java:225] - Creating shared instance of singleton bean 'mvcUriComponentsContributor'
2025-03-08 15:01:02,452 DEBUG [main][ConstructorResolver.java:807] - Autowiring by type from bean name 'mvcUriComponentsContributor' via factory method to bean named 'mvcConversionService'
2025-03-08 15:01:02,452 DEBUG [main][ConstructorResolver.java:807] - Autowiring by type from bean name 'mvcUriComponentsContributor' via factory method to bean named 'mvcConversionService'
2025-03-08 15:01:02,452 DEBUG [main][ConstructorResolver.java:807] - Autowiring by type from bean name 'mvcUriComponentsContributor' via factory method to bean named 'requestMappingHandlerAdapter'
2025-03-08 15:01:02,452 DEBUG [main][ConstructorResolver.java:807] - Autowiring by type from bean name 'mvcUriComponentsContributor' via factory method to bean named 'requestMappingHandlerAdapter'
2025-03-08 15:01:02,453 DEBUG [main][DefaultSingletonBeanRegistry.java:225] - Creating shared instance of singleton bean 'httpRequestHandlerAdapter'
2025-03-08 15:01:02,453 DEBUG [main][DefaultSingletonBeanRegistry.java:225] - Creating shared instance of singleton bean 'httpRequestHandlerAdapter'
2025-03-08 15:01:02,454 DEBUG [main][DefaultSingletonBeanRegistry.java:225] - Creating shared instance of singleton bean 'simpleControllerHandlerAdapter'
2025-03-08 15:01:02,454 DEBUG [main][DefaultSingletonBeanRegistry.java:225] - Creating shared instance of singleton bean 'simpleControllerHandlerAdapter'
2025-03-08 15:01:02,454 DEBUG [main][DefaultSingletonBeanRegistry.java:225] - Creating shared instance of singleton bean 'handlerExceptionResolver'
2025-03-08 15:01:02,454 DEBUG [main][DefaultSingletonBeanRegistry.java:225] - Creating shared instance of singleton bean 'handlerExceptionResolver'
2025-03-08 15:01:02,455 DEBUG [main][ConstructorResolver.java:807] - Autowiring by type from bean name 'handlerExceptionResolver' via factory method to bean named 'mvcContentNegotiationManager'
2025-03-08 15:01:02,455 DEBUG [main][ConstructorResolver.java:807] - Autowiring by type from bean name 'handlerExceptionResolver' via factory method to bean named 'mvcContentNegotiationManager'
2025-03-08 15:01:02,462 DEBUG [main][ExceptionHandlerExceptionResolver.java:297] - ControllerAdvice beans: 1 @ExceptionHandler, 1 ResponseBodyAdvice
2025-03-08 15:01:02,462 DEBUG [main][ExceptionHandlerExceptionResolver.java:297] - ControllerAdvice beans: 1 @ExceptionHandler, 1 ResponseBodyAdvice
2025-03-08 15:01:02,466 DEBUG [main][DefaultSingletonBeanRegistry.java:225] - Creating shared instance of singleton bean 'mvcViewResolver'
2025-03-08 15:01:02,466 DEBUG [main][DefaultSingletonBeanRegistry.java:225] - Creating shared instance of singleton bean 'mvcViewResolver'
2025-03-08 15:01:02,466 DEBUG [main][ConstructorResolver.java:807] - Autowiring by type from bean name 'mvcViewResolver' via factory method to bean named 'mvcContentNegotiationManager'
2025-03-08 15:01:02,466 DEBUG [main][ConstructorResolver.java:807] - Autowiring by type from bean name 'mvcViewResolver' via factory method to bean named 'mvcContentNegotiationManager'
2025-03-08 15:01:02,470 DEBUG [main][DefaultSingletonBeanRegistry.java:225] - Creating shared instance of singleton bean 'defaultViewResolver'
2025-03-08 15:01:02,470 DEBUG [main][DefaultSingletonBeanRegistry.java:225] - Creating shared instance of singleton bean 'defaultViewResolver'
2025-03-08 15:01:02,477 DEBUG [main][DefaultSingletonBeanRegistry.java:225] - Creating shared instance of singleton bean 'viewResolver'
2025-03-08 15:01:02,477 DEBUG [main][DefaultSingletonBeanRegistry.java:225] - Creating shared instance of singleton bean 'viewResolver'
2025-03-08 15:01:02,477 DEBUG [main][ConstructorResolver.java:807] - Autowiring by type from bean name 'viewResolver' via factory method to bean named 'org.springframework.beans.factory.support.DefaultListableBeanFactory@5d5b5fa7'
2025-03-08 15:01:02,477 DEBUG [main][ConstructorResolver.java:807] - Autowiring by type from bean name 'viewResolver' via factory method to bean named 'org.springframework.beans.factory.support.DefaultListableBeanFactory@5d5b5fa7'
2025-03-08 15:01:02,479 DEBUG [main][DefaultSingletonBeanRegistry.java:225] - Creating shared instance of singleton bean 'org.springframework.boot.autoconfigure.jdbc.DataSourceJmxConfiguration$Hikari'
2025-03-08 15:01:02,479 DEBUG [main][DefaultSingletonBeanRegistry.java:225] - Creating shared instance of singleton bean 'org.springframework.boot.autoconfigure.jdbc.DataSourceJmxConfiguration$Hikari'
2025-03-08 15:01:02,480 DEBUG [main][ConstructorResolver.java:807] - Autowiring by type from bean name 'org.springframework.boot.autoconfigure.jdbc.DataSourceJmxConfiguration$Hikari' via constructor to bean named 'dataSource'
2025-03-08 15:01:02,480 DEBUG [main][ConstructorResolver.java:807] - Autowiring by type from bean name 'org.springframework.boot.autoconfigure.jdbc.DataSourceJmxConfiguration$Hikari' via constructor to bean named 'dataSource'
2025-03-08 15:01:02,481 DEBUG [main][DefaultSingletonBeanRegistry.java:225] - Creating shared instance of singleton bean 'org.springframework.boot.autoconfigure.jdbc.DataSourceJmxConfiguration'
2025-03-08 15:01:02,481 DEBUG [main][DefaultSingletonBeanRegistry.java:225] - Creating shared instance of singleton bean 'org.springframework.boot.autoconfigure.jdbc.DataSourceJmxConfiguration'
2025-03-08 15:01:02,481 DEBUG [main][DefaultSingletonBeanRegistry.java:225] - Creating shared instance of singleton bean 'org.springframework.boot.autoconfigure.jdbc.DataSourceAutoConfiguration$PooledDataSourceConfiguration'
2025-03-08 15:01:02,481 DEBUG [main][DefaultSingletonBeanRegistry.java:225] - Creating shared instance of singleton bean 'org.springframework.boot.autoconfigure.jdbc.DataSourceAutoConfiguration$PooledDataSourceConfiguration'
2025-03-08 15:01:02,482 DEBUG [main][DefaultSingletonBeanRegistry.java:225] - Creating shared instance of singleton bean 'org.springframework.boot.autoconfigure.jdbc.metadata.DataSourcePoolMetadataProvidersConfiguration$HikariPoolDataSourceMetadataProviderConfiguration'
2025-03-08 15:01:02,482 DEBUG [main][DefaultSingletonBeanRegistry.java:225] - Creating shared instance of singleton bean 'org.springframework.boot.autoconfigure.jdbc.metadata.DataSourcePoolMetadataProvidersConfiguration$HikariPoolDataSourceMetadataProviderConfiguration'
2025-03-08 15:01:02,482 DEBUG [main][DefaultSingletonBeanRegistry.java:225] - Creating shared instance of singleton bean 'hikariPoolDataSourceMetadataProvider'
2025-03-08 15:01:02,482 DEBUG [main][DefaultSingletonBeanRegistry.java:225] - Creating shared instance of singleton bean 'hikariPoolDataSourceMetadataProvider'
2025-03-08 15:01:02,483 DEBUG [main][DefaultSingletonBeanRegistry.java:225] - Creating shared instance of singleton bean 'org.springframework.boot.autoconfigure.jdbc.metadata.DataSourcePoolMetadataProvidersConfiguration'
2025-03-08 15:01:02,483 DEBUG [main][DefaultSingletonBeanRegistry.java:225] - Creating shared instance of singleton bean 'org.springframework.boot.autoconfigure.jdbc.metadata.DataSourcePoolMetadataProvidersConfiguration'
2025-03-08 15:01:02,483 DEBUG [main][DefaultSingletonBeanRegistry.java:225] - Creating shared instance of singleton bean 'org.springframework.boot.autoconfigure.jdbc.DataSourceInitializationConfiguration'
2025-03-08 15:01:02,483 DEBUG [main][DefaultSingletonBeanRegistry.java:225] - Creating shared instance of singleton bean 'org.springframework.boot.autoconfigure.jdbc.DataSourceInitializationConfiguration'
2025-03-08 15:01:02,483 DEBUG [main][DefaultSingletonBeanRegistry.java:225] - Creating shared instance of singleton bean 'org.springframework.boot.autoconfigure.jdbc.DataSourceAutoConfiguration'
2025-03-08 15:01:02,483 DEBUG [main][DefaultSingletonBeanRegistry.java:225] - Creating shared instance of singleton bean 'org.springframework.boot.autoconfigure.jdbc.DataSourceAutoConfiguration'
2025-03-08 15:01:02,483 DEBUG [main][DefaultSingletonBeanRegistry.java:225] - Creating shared instance of singleton bean 'com.baomidou.mybatisplus.autoconfigure.MybatisPlusLanguageDriverAutoConfiguration'
2025-03-08 15:01:02,483 DEBUG [main][DefaultSingletonBeanRegistry.java:225] - Creating shared instance of singleton bean 'com.baomidou.mybatisplus.autoconfigure.MybatisPlusLanguageDriverAutoConfiguration'
2025-03-08 15:01:02,484 DEBUG [main][DefaultSingletonBeanRegistry.java:225] - Creating shared instance of singleton bean 'org.springframework.boot.autoconfigure.aop.AopAutoConfiguration$ClassProxyingConfiguration'
2025-03-08 15:01:02,484 DEBUG [main][DefaultSingletonBeanRegistry.java:225] - Creating shared instance of singleton bean 'org.springframework.boot.autoconfigure.aop.AopAutoConfiguration$ClassProxyingConfiguration'
2025-03-08 15:01:02,484 DEBUG [main][ConstructorResolver.java:807] - Autowiring by type from bean name 'org.springframework.boot.autoconfigure.aop.AopAutoConfiguration$ClassProxyingConfiguration' via constructor to bean named 'org.springframework.beans.factory.support.DefaultListableBeanFactory@5d5b5fa7'
2025-03-08 15:01:02,484 DEBUG [main][ConstructorResolver.java:807] - Autowiring by type from bean name 'org.springframework.boot.autoconfigure.aop.AopAutoConfiguration$ClassProxyingConfiguration' via constructor to bean named 'org.springframework.beans.factory.support.DefaultListableBeanFactory@5d5b5fa7'
2025-03-08 15:01:02,484 DEBUG [main][DefaultSingletonBeanRegistry.java:225] - Creating shared instance of singleton bean 'org.springframework.boot.autoconfigure.aop.AopAutoConfiguration'
2025-03-08 15:01:02,484 DEBUG [main][DefaultSingletonBeanRegistry.java:225] - Creating shared instance of singleton bean 'org.springframework.boot.autoconfigure.aop.AopAutoConfiguration'
2025-03-08 15:01:02,484 DEBUG [main][DefaultSingletonBeanRegistry.java:225] - Creating shared instance of singleton bean 'org.springframework.boot.autoconfigure.availability.ApplicationAvailabilityAutoConfiguration'
2025-03-08 15:01:02,484 DEBUG [main][DefaultSingletonBeanRegistry.java:225] - Creating shared instance of singleton bean 'org.springframework.boot.autoconfigure.availability.ApplicationAvailabilityAutoConfiguration'
2025-03-08 15:01:02,484 DEBUG [main][DefaultSingletonBeanRegistry.java:225] - Creating shared instance of singleton bean 'applicationAvailability'
2025-03-08 15:01:02,484 DEBUG [main][DefaultSingletonBeanRegistry.java:225] - Creating shared instance of singleton bean 'applicationAvailability'
2025-03-08 15:01:02,486 DEBUG [main][DefaultSingletonBeanRegistry.java:225] - Creating shared instance of singleton bean 'loggingRebinder'
2025-03-08 15:01:02,486 DEBUG [main][DefaultSingletonBeanRegistry.java:225] - Creating shared instance of singleton bean 'loggingRebinder'
2025-03-08 15:01:02,487 DEBUG [main][DefaultSingletonBeanRegistry.java:225] - Creating shared instance of singleton bean 'org.springframework.boot.autoconfigure.context.ConfigurationPropertiesAutoConfiguration'
2025-03-08 15:01:02,487 DEBUG [main][DefaultSingletonBeanRegistry.java:225] - Creating shared instance of singleton bean 'org.springframework.boot.autoconfigure.context.ConfigurationPropertiesAutoConfiguration'
2025-03-08 15:01:02,487 DEBUG [main][DefaultSingletonBeanRegistry.java:225] - Creating shared instance of singleton bean 'org.springframework.boot.autoconfigure.context.LifecycleAutoConfiguration'
2025-03-08 15:01:02,487 DEBUG [main][DefaultSingletonBeanRegistry.java:225] - Creating shared instance of singleton bean 'org.springframework.boot.autoconfigure.context.LifecycleAutoConfiguration'
2025-03-08 15:01:02,487 DEBUG [main][DefaultSingletonBeanRegistry.java:225] - Creating shared instance of singleton bean 'lifecycleProcessor'
2025-03-08 15:01:02,487 DEBUG [main][DefaultSingletonBeanRegistry.java:225] - Creating shared instance of singleton bean 'lifecycleProcessor'
2025-03-08 15:01:02,488 DEBUG [main][DefaultSingletonBeanRegistry.java:225] - Creating shared instance of singleton bean 'spring.lifecycle-org.springframework.boot.autoconfigure.context.LifecycleProperties'
2025-03-08 15:01:02,488 DEBUG [main][DefaultSingletonBeanRegistry.java:225] - Creating shared instance of singleton bean 'spring.lifecycle-org.springframework.boot.autoconfigure.context.LifecycleProperties'
2025-03-08 15:01:02,489 DEBUG [main][ConstructorResolver.java:807] - Autowiring by type from bean name 'lifecycleProcessor' via factory method to bean named 'spring.lifecycle-org.springframework.boot.autoconfigure.context.LifecycleProperties'
2025-03-08 15:01:02,489 DEBUG [main][ConstructorResolver.java:807] - Autowiring by type from bean name 'lifecycleProcessor' via factory method to bean named 'spring.lifecycle-org.springframework.boot.autoconfigure.context.LifecycleProperties'
2025-03-08 15:01:02,489 DEBUG [main][DefaultSingletonBeanRegistry.java:225] - Creating shared instance of singleton bean 'org.springframework.boot.autoconfigure.dao.PersistenceExceptionTranslationAutoConfiguration'
2025-03-08 15:01:02,489 DEBUG [main][DefaultSingletonBeanRegistry.java:225] - Creating shared instance of singleton bean 'org.springframework.boot.autoconfigure.dao.PersistenceExceptionTranslationAutoConfiguration'
2025-03-08 15:01:02,490 DEBUG [main][DefaultSingletonBeanRegistry.java:225] - Creating shared instance of singleton bean 'org.springframework.boot.autoconfigure.http.JacksonHttpMessageConvertersConfiguration'
2025-03-08 15:01:02,490 DEBUG [main][DefaultSingletonBeanRegistry.java:225] - Creating shared instance of singleton bean 'org.springframework.boot.autoconfigure.http.JacksonHttpMessageConvertersConfiguration'
2025-03-08 15:01:02,490 DEBUG [main][DefaultSingletonBeanRegistry.java:225] - Creating shared instance of singleton bean 'org.springframework.boot.autoconfigure.info.ProjectInfoAutoConfiguration'
2025-03-08 15:01:02,490 DEBUG [main][DefaultSingletonBeanRegistry.java:225] - Creating shared instance of singleton bean 'org.springframework.boot.autoconfigure.info.ProjectInfoAutoConfiguration'
2025-03-08 15:01:02,493 DEBUG [main][DefaultSingletonBeanRegistry.java:225] - Creating shared instance of singleton bean 'spring.info-org.springframework.boot.autoconfigure.info.ProjectInfoProperties'
2025-03-08 15:01:02,493 DEBUG [main][DefaultSingletonBeanRegistry.java:225] - Creating shared instance of singleton bean 'spring.info-org.springframework.boot.autoconfigure.info.ProjectInfoProperties'
2025-03-08 15:01:02,494 DEBUG [main][ConstructorResolver.java:807] - Autowiring by type from bean name 'org.springframework.boot.autoconfigure.info.ProjectInfoAutoConfiguration' via constructor to bean named 'spring.info-org.springframework.boot.autoconfigure.info.ProjectInfoProperties'
2025-03-08 15:01:02,494 DEBUG [main][ConstructorResolver.java:807] - Autowiring by type from bean name 'org.springframework.boot.autoconfigure.info.ProjectInfoAutoConfiguration' via constructor to bean named 'spring.info-org.springframework.boot.autoconfigure.info.ProjectInfoProperties'
2025-03-08 15:01:02,494 DEBUG [main][DefaultSingletonBeanRegistry.java:225] - Creating shared instance of singleton bean 'org.springframework.boot.autoconfigure.jdbc.JdbcTemplateConfiguration'
2025-03-08 15:01:02,494 DEBUG [main][DefaultSingletonBeanRegistry.java:225] - Creating shared instance of singleton bean 'org.springframework.boot.autoconfigure.jdbc.JdbcTemplateConfiguration'
2025-03-08 15:01:02,494 DEBUG [main][DefaultSingletonBeanRegistry.java:225] - Creating shared instance of singleton bean 'jdbcTemplate'
2025-03-08 15:01:02,494 DEBUG [main][DefaultSingletonBeanRegistry.java:225] - Creating shared instance of singleton bean 'jdbcTemplate'
2025-03-08 15:01:02,494 DEBUG [main][DefaultSingletonBeanRegistry.java:225] - Creating shared instance of singleton bean 'spring.jdbc-org.springframework.boot.autoconfigure.jdbc.JdbcProperties'
2025-03-08 15:01:02,494 DEBUG [main][DefaultSingletonBeanRegistry.java:225] - Creating shared instance of singleton bean 'spring.jdbc-org.springframework.boot.autoconfigure.jdbc.JdbcProperties'
2025-03-08 15:01:02,495 DEBUG [main][ConstructorResolver.java:807] - Autowiring by type from bean name 'jdbcTemplate' via factory method to bean named 'dataSource'
2025-03-08 15:01:02,495 DEBUG [main][ConstructorResolver.java:807] - Autowiring by type from bean name 'jdbcTemplate' via factory method to bean named 'dataSource'
2025-03-08 15:01:02,495 DEBUG [main][ConstructorResolver.java:807] - Autowiring by type from bean name 'jdbcTemplate' via factory method to bean named 'spring.jdbc-org.springframework.boot.autoconfigure.jdbc.JdbcProperties'
2025-03-08 15:01:02,495 DEBUG [main][ConstructorResolver.java:807] - Autowiring by type from bean name 'jdbcTemplate' via factory method to bean named 'spring.jdbc-org.springframework.boot.autoconfigure.jdbc.JdbcProperties'
2025-03-08 15:01:02,512 DEBUG [main][DefaultSingletonBeanRegistry.java:225] - Creating shared instance of singleton bean 'org.springframework.boot.autoconfigure.jdbc.NamedParameterJdbcTemplateConfiguration'
2025-03-08 15:01:02,512 DEBUG [main][DefaultSingletonBeanRegistry.java:225] - Creating shared instance of singleton bean 'org.springframework.boot.autoconfigure.jdbc.NamedParameterJdbcTemplateConfiguration'
2025-03-08 15:01:02,512 DEBUG [main][DefaultSingletonBeanRegistry.java:225] - Creating shared instance of singleton bean 'namedParameterJdbcTemplate'
2025-03-08 15:01:02,512 DEBUG [main][DefaultSingletonBeanRegistry.java:225] - Creating shared instance of singleton bean 'namedParameterJdbcTemplate'
2025-03-08 15:01:02,514 DEBUG [main][ConstructorResolver.java:807] - Autowiring by type from bean name 'namedParameterJdbcTemplate' via factory method to bean named 'jdbcTemplate'
2025-03-08 15:01:02,514 DEBUG [main][ConstructorResolver.java:807] - Autowiring by type from bean name 'namedParameterJdbcTemplate' via factory method to bean named 'jdbcTemplate'
2025-03-08 15:01:02,519 DEBUG [main][DefaultSingletonBeanRegistry.java:225] - Creating shared instance of singleton bean 'org.springframework.boot.autoconfigure.jdbc.JdbcTemplateAutoConfiguration'
2025-03-08 15:01:02,519 DEBUG [main][DefaultSingletonBeanRegistry.java:225] - Creating shared instance of singleton bean 'org.springframework.boot.autoconfigure.jdbc.JdbcTemplateAutoConfiguration'
2025-03-08 15:01:02,520 DEBUG [main][DefaultSingletonBeanRegistry.java:225] - Creating shared instance of singleton bean 'org.springframework.boot.autoconfigure.task.TaskSchedulingAutoConfiguration'
2025-03-08 15:01:02,520 DEBUG [main][DefaultSingletonBeanRegistry.java:225] - Creating shared instance of singleton bean 'org.springframework.boot.autoconfigure.task.TaskSchedulingAutoConfiguration'
2025-03-08 15:01:02,523 DEBUG [main][DefaultSingletonBeanRegistry.java:225] - Creating shared instance of singleton bean 'taskSchedulerBuilder'
2025-03-08 15:01:02,523 DEBUG [main][DefaultSingletonBeanRegistry.java:225] - Creating shared instance of singleton bean 'taskSchedulerBuilder'
2025-03-08 15:01:02,527 DEBUG [main][DefaultSingletonBeanRegistry.java:225] - Creating shared instance of singleton bean 'spring.task.scheduling-org.springframework.boot.autoconfigure.task.TaskSchedulingProperties'
2025-03-08 15:01:02,527 DEBUG [main][DefaultSingletonBeanRegistry.java:225] - Creating shared instance of singleton bean 'spring.task.scheduling-org.springframework.boot.autoconfigure.task.TaskSchedulingProperties'
2025-03-08 15:01:02,529 DEBUG [main][ConstructorResolver.java:807] - Autowiring by type from bean name 'taskSchedulerBuilder' via factory method to bean named 'spring.task.scheduling-org.springframework.boot.autoconfigure.task.TaskSchedulingProperties'
2025-03-08 15:01:02,529 DEBUG [main][ConstructorResolver.java:807] - Autowiring by type from bean name 'taskSchedulerBuilder' via factory method to bean named 'spring.task.scheduling-org.springframework.boot.autoconfigure.task.TaskSchedulingProperties'
2025-03-08 15:01:02,531 DEBUG [main][DefaultSingletonBeanRegistry.java:225] - Creating shared instance of singleton bean 'org.springframework.boot.autoconfigure.jdbc.DataSourceTransactionManagerAutoConfiguration$DataSourceTransactionManagerConfiguration'
2025-03-08 15:01:02,531 DEBUG [main][DefaultSingletonBeanRegistry.java:225] - Creating shared instance of singleton bean 'org.springframework.boot.autoconfigure.jdbc.DataSourceTransactionManagerAutoConfiguration$DataSourceTransactionManagerConfiguration'
2025-03-08 15:01:02,532 DEBUG [main][DefaultSingletonBeanRegistry.java:225] - Creating shared instance of singleton bean 'transactionManager'
2025-03-08 15:01:02,532 DEBUG [main][DefaultSingletonBeanRegistry.java:225] - Creating shared instance of singleton bean 'transactionManager'
2025-03-08 15:01:02,532 DEBUG [main][ConstructorResolver.java:807] - Autowiring by type from bean name 'transactionManager' via factory method to bean named 'dataSource'
2025-03-08 15:01:02,532 DEBUG [main][ConstructorResolver.java:807] - Autowiring by type from bean name 'transactionManager' via factory method to bean named 'dataSource'
2025-03-08 15:01:02,539 DEBUG [main][DefaultSingletonBeanRegistry.java:225] - Creating shared instance of singleton bean 'platformTransactionManagerCustomizers'
2025-03-08 15:01:02,539 DEBUG [main][DefaultSingletonBeanRegistry.java:225] - Creating shared instance of singleton bean 'platformTransactionManagerCustomizers'
2025-03-08 15:01:02,539 DEBUG [main][DefaultSingletonBeanRegistry.java:225] - Creating shared instance of singleton bean 'org.springframework.boot.autoconfigure.transaction.TransactionAutoConfiguration'
2025-03-08 15:01:02,539 DEBUG [main][DefaultSingletonBeanRegistry.java:225] - Creating shared instance of singleton bean 'org.springframework.boot.autoconfigure.transaction.TransactionAutoConfiguration'
2025-03-08 15:01:02,541 DEBUG [main][DefaultSingletonBeanRegistry.java:225] - Creating shared instance of singleton bean 'spring.transaction-org.springframework.boot.autoconfigure.transaction.TransactionProperties'
2025-03-08 15:01:02,541 DEBUG [main][DefaultSingletonBeanRegistry.java:225] - Creating shared instance of singleton bean 'spring.transaction-org.springframework.boot.autoconfigure.transaction.TransactionProperties'
2025-03-08 15:01:02,547 DEBUG [main][DefaultSingletonBeanRegistry.java:225] - Creating shared instance of singleton bean 'org.springframework.boot.autoconfigure.jdbc.DataSourceTransactionManagerAutoConfiguration'
2025-03-08 15:01:02,547 DEBUG [main][DefaultSingletonBeanRegistry.java:225] - Creating shared instance of singleton bean 'org.springframework.boot.autoconfigure.jdbc.DataSourceTransactionManagerAutoConfiguration'
2025-03-08 15:01:02,547 DEBUG [main][DefaultSingletonBeanRegistry.java:225] - Creating shared instance of singleton bean 'org.springframework.boot.autoconfigure.transaction.TransactionAutoConfiguration$EnableTransactionManagementConfiguration$CglibAutoProxyConfiguration'
2025-03-08 15:01:02,547 DEBUG [main][DefaultSingletonBeanRegistry.java:225] - Creating shared instance of singleton bean 'org.springframework.boot.autoconfigure.transaction.TransactionAutoConfiguration$EnableTransactionManagementConfiguration$CglibAutoProxyConfiguration'
2025-03-08 15:01:02,548 DEBUG [main][DefaultSingletonBeanRegistry.java:225] - Creating shared instance of singleton bean 'org.springframework.boot.autoconfigure.transaction.TransactionAutoConfiguration$EnableTransactionManagementConfiguration'
2025-03-08 15:01:02,548 DEBUG [main][DefaultSingletonBeanRegistry.java:225] - Creating shared instance of singleton bean 'org.springframework.boot.autoconfigure.transaction.TransactionAutoConfiguration$EnableTransactionManagementConfiguration'
2025-03-08 15:01:02,548 DEBUG [main][DefaultSingletonBeanRegistry.java:225] - Creating shared instance of singleton bean 'org.springframework.boot.autoconfigure.transaction.TransactionAutoConfiguration$TransactionTemplateConfiguration'
2025-03-08 15:01:02,548 DEBUG [main][DefaultSingletonBeanRegistry.java:225] - Creating shared instance of singleton bean 'org.springframework.boot.autoconfigure.transaction.TransactionAutoConfiguration$TransactionTemplateConfiguration'
2025-03-08 15:01:02,548 DEBUG [main][DefaultSingletonBeanRegistry.java:225] - Creating shared instance of singleton bean 'transactionTemplate'
2025-03-08 15:01:02,548 DEBUG [main][DefaultSingletonBeanRegistry.java:225] - Creating shared instance of singleton bean 'transactionTemplate'
2025-03-08 15:01:02,549 DEBUG [main][ConstructorResolver.java:807] - Autowiring by type from bean name 'transactionTemplate' via factory method to bean named 'transactionManager'
2025-03-08 15:01:02,549 DEBUG [main][ConstructorResolver.java:807] - Autowiring by type from bean name 'transactionTemplate' via factory method to bean named 'transactionManager'
2025-03-08 15:01:02,551 DEBUG [main][DefaultSingletonBeanRegistry.java:225] - Creating shared instance of singleton bean 'org.springframework.boot.autoconfigure.web.client.RestTemplateAutoConfiguration'
2025-03-08 15:01:02,551 DEBUG [main][DefaultSingletonBeanRegistry.java:225] - Creating shared instance of singleton bean 'org.springframework.boot.autoconfigure.web.client.RestTemplateAutoConfiguration'
2025-03-08 15:01:02,551 DEBUG [main][DefaultSingletonBeanRegistry.java:225] - Creating shared instance of singleton bean 'org.springframework.boot.autoconfigure.web.embedded.EmbeddedWebServerFactoryCustomizerAutoConfiguration'
2025-03-08 15:01:02,551 DEBUG [main][DefaultSingletonBeanRegistry.java:225] - Creating shared instance of singleton bean 'org.springframework.boot.autoconfigure.web.embedded.EmbeddedWebServerFactoryCustomizerAutoConfiguration'
2025-03-08 15:01:02,552 DEBUG [main][DefaultSingletonBeanRegistry.java:225] - Creating shared instance of singleton bean 'multipartResolver'
2025-03-08 15:01:02,552 DEBUG [main][DefaultSingletonBeanRegistry.java:225] - Creating shared instance of singleton bean 'multipartResolver'
2025-03-08 15:01:02,554 DEBUG [main][DefaultSingletonBeanRegistry.java:225] - Creating shared instance of singleton bean 'org.springframework.cloud.autoconfigure.ConfigurationPropertiesRebinderAutoConfiguration'
2025-03-08 15:01:02,554 DEBUG [main][DefaultSingletonBeanRegistry.java:225] - Creating shared instance of singleton bean 'org.springframework.cloud.autoconfigure.ConfigurationPropertiesRebinderAutoConfiguration'
2025-03-08 15:01:02,554 DEBUG [main][DefaultSingletonBeanRegistry.java:225] - Creating shared instance of singleton bean 'configurationPropertiesRebinder'
2025-03-08 15:01:02,554 DEBUG [main][DefaultSingletonBeanRegistry.java:225] - Creating shared instance of singleton bean 'configurationPropertiesRebinder'
2025-03-08 15:01:02,555 DEBUG [main][ConstructorResolver.java:807] - Autowiring by type from bean name 'configurationPropertiesRebinder' via factory method to bean named 'configurationPropertiesBeans'
2025-03-08 15:01:02,555 DEBUG [main][ConstructorResolver.java:807] - Autowiring by type from bean name 'configurationPropertiesRebinder' via factory method to bean named 'configurationPropertiesBeans'
2025-03-08 15:01:02,556 DEBUG [main][DefaultSingletonBeanRegistry.java:225] - Creating shared instance of singleton bean 'org.springframework.cloud.autoconfigure.LifecycleMvcEndpointAutoConfiguration'
2025-03-08 15:01:02,556 DEBUG [main][DefaultSingletonBeanRegistry.java:225] - Creating shared instance of singleton bean 'org.springframework.cloud.autoconfigure.LifecycleMvcEndpointAutoConfiguration'
2025-03-08 15:01:02,556 DEBUG [main][DefaultSingletonBeanRegistry.java:225] - Creating shared instance of singleton bean 'environmentManager'
2025-03-08 15:01:02,556 DEBUG [main][DefaultSingletonBeanRegistry.java:225] - Creating shared instance of singleton bean 'environmentManager'
2025-03-08 15:01:02,557 DEBUG [main][ConstructorResolver.java:807] - Autowiring by type from bean name 'environmentManager' via factory method to bean named 'environment'
2025-03-08 15:01:02,557 DEBUG [main][ConstructorResolver.java:807] - Autowiring by type from bean name 'environmentManager' via factory method to bean named 'environment'
2025-03-08 15:01:02,558 DEBUG [main][DefaultSingletonBeanRegistry.java:225] - Creating shared instance of singleton bean 'coursePublishMapper'
2025-03-08 15:01:02,558 DEBUG [main][DefaultSingletonBeanRegistry.java:225] - Creating shared instance of singleton bean 'coursePublishMapper'
2025-03-08 15:01:02,572 DEBUG [main][MybatisConfiguration.java:128] - addMappedStatement: com.xuecheng.content.mapper.CoursePublishMapper.insert
2025-03-08 15:01:02,572 DEBUG [main][MybatisConfiguration.java:128] - addMappedStatement: com.xuecheng.content.mapper.CoursePublishMapper.insert
2025-03-08 15:01:02,575 DEBUG [main][MybatisConfiguration.java:128] - addMappedStatement: com.xuecheng.content.mapper.CoursePublishMapper.delete
2025-03-08 15:01:02,575 DEBUG [main][MybatisConfiguration.java:128] - addMappedStatement: com.xuecheng.content.mapper.CoursePublishMapper.delete
2025-03-08 15:01:02,577 DEBUG [main][MybatisConfiguration.java:128] - addMappedStatement: com.xuecheng.content.mapper.CoursePublishMapper.deleteByMap
2025-03-08 15:01:02,577 DEBUG [main][MybatisConfiguration.java:128] - addMappedStatement: com.xuecheng.content.mapper.CoursePublishMapper.deleteByMap
2025-03-08 15:01:02,579 DEBUG [main][MybatisConfiguration.java:128] - addMappedStatement: com.xuecheng.content.mapper.CoursePublishMapper.deleteById
2025-03-08 15:01:02,579 DEBUG [main][MybatisConfiguration.java:128] - addMappedStatement: com.xuecheng.content.mapper.CoursePublishMapper.deleteById
2025-03-08 15:01:02,582 DEBUG [main][MybatisConfiguration.java:128] - addMappedStatement: com.xuecheng.content.mapper.CoursePublishMapper.deleteBatchIds
2025-03-08 15:01:02,582 DEBUG [main][MybatisConfiguration.java:128] - addMappedStatement: com.xuecheng.content.mapper.CoursePublishMapper.deleteBatchIds
2025-03-08 15:01:02,585 DEBUG [main][MybatisConfiguration.java:128] - addMappedStatement: com.xuecheng.content.mapper.CoursePublishMapper.update
2025-03-08 15:01:02,585 DEBUG [main][MybatisConfiguration.java:128] - addMappedStatement: com.xuecheng.content.mapper.CoursePublishMapper.update
2025-03-08 15:01:02,588 DEBUG [main][MybatisConfiguration.java:128] - addMappedStatement: com.xuecheng.content.mapper.CoursePublishMapper.updateById
2025-03-08 15:01:02,588 DEBUG [main][MybatisConfiguration.java:128] - addMappedStatement: com.xuecheng.content.mapper.CoursePublishMapper.updateById
2025-03-08 15:01:02,589 DEBUG [main][MybatisConfiguration.java:128] - addMappedStatement: com.xuecheng.content.mapper.CoursePublishMapper.selectById
2025-03-08 15:01:02,589 DEBUG [main][MybatisConfiguration.java:128] - addMappedStatement: com.xuecheng.content.mapper.CoursePublishMapper.selectById
2025-03-08 15:01:02,592 DEBUG [main][MybatisConfiguration.java:128] - addMappedStatement: com.xuecheng.content.mapper.CoursePublishMapper.selectBatchIds
2025-03-08 15:01:02,592 DEBUG [main][MybatisConfiguration.java:128] - addMappedStatement: com.xuecheng.content.mapper.CoursePublishMapper.selectBatchIds
2025-03-08 15:01:02,595 DEBUG [main][MybatisConfiguration.java:128] - addMappedStatement: com.xuecheng.content.mapper.CoursePublishMapper.selectByMap
2025-03-08 15:01:02,595 DEBUG [main][MybatisConfiguration.java:128] - addMappedStatement: com.xuecheng.content.mapper.CoursePublishMapper.selectByMap
2025-03-08 15:01:02,597 DEBUG [main][MybatisConfiguration.java:128] - addMappedStatement: com.xuecheng.content.mapper.CoursePublishMapper.selectOne
2025-03-08 15:01:02,597 DEBUG [main][MybatisConfiguration.java:128] - addMappedStatement: com.xuecheng.content.mapper.CoursePublishMapper.selectOne
2025-03-08 15:01:02,599 DEBUG [main][MybatisConfiguration.java:128] - addMappedStatement: com.xuecheng.content.mapper.CoursePublishMapper.selectCount
2025-03-08 15:01:02,599 DEBUG [main][MybatisConfiguration.java:128] - addMappedStatement: com.xuecheng.content.mapper.CoursePublishMapper.selectCount
2025-03-08 15:01:02,601 DEBUG [main][MybatisConfiguration.java:128] - addMappedStatement: com.xuecheng.content.mapper.CoursePublishMapper.selectMaps
2025-03-08 15:01:02,601 DEBUG [main][MybatisConfiguration.java:128] - addMappedStatement: com.xuecheng.content.mapper.CoursePublishMapper.selectMaps
2025-03-08 15:01:02,604 DEBUG [main][MybatisConfiguration.java:128] - addMappedStatement: com.xuecheng.content.mapper.CoursePublishMapper.selectMapsPage
2025-03-08 15:01:02,604 DEBUG [main][MybatisConfiguration.java:128] - addMappedStatement: com.xuecheng.content.mapper.CoursePublishMapper.selectMapsPage
2025-03-08 15:01:02,608 DEBUG [main][MybatisConfiguration.java:128] - addMappedStatement: com.xuecheng.content.mapper.CoursePublishMapper.selectObjs
2025-03-08 15:01:02,608 DEBUG [main][MybatisConfiguration.java:128] - addMappedStatement: com.xuecheng.content.mapper.CoursePublishMapper.selectObjs
2025-03-08 15:01:02,611 DEBUG [main][MybatisConfiguration.java:128] - addMappedStatement: com.xuecheng.content.mapper.CoursePublishMapper.selectList
2025-03-08 15:01:02,611 DEBUG [main][MybatisConfiguration.java:128] - addMappedStatement: com.xuecheng.content.mapper.CoursePublishMapper.selectList
2025-03-08 15:01:02,613 DEBUG [main][MybatisConfiguration.java:128] - addMappedStatement: com.xuecheng.content.mapper.CoursePublishMapper.selectPage
2025-03-08 15:01:02,613 DEBUG [main][MybatisConfiguration.java:128] - addMappedStatement: com.xuecheng.content.mapper.CoursePublishMapper.selectPage
2025-03-08 15:01:02,614 DEBUG [main][DefaultSingletonBeanRegistry.java:225] - Creating shared instance of singleton bean 'coursePublishPreMapper'
2025-03-08 15:01:02,614 DEBUG [main][DefaultSingletonBeanRegistry.java:225] - Creating shared instance of singleton bean 'coursePublishPreMapper'
2025-03-08 15:01:02,638 DEBUG [main][MybatisConfiguration.java:128] - addMappedStatement: com.xuecheng.content.mapper.CoursePublishPreMapper.insert
2025-03-08 15:01:02,638 DEBUG [main][MybatisConfiguration.java:128] - addMappedStatement: com.xuecheng.content.mapper.CoursePublishPreMapper.insert
2025-03-08 15:01:02,641 DEBUG [main][MybatisConfiguration.java:128] - addMappedStatement: com.xuecheng.content.mapper.CoursePublishPreMapper.delete
2025-03-08 15:01:02,641 DEBUG [main][MybatisConfiguration.java:128] - addMappedStatement: com.xuecheng.content.mapper.CoursePublishPreMapper.delete
2025-03-08 15:01:02,644 DEBUG [main][MybatisConfiguration.java:128] - addMappedStatement: com.xuecheng.content.mapper.CoursePublishPreMapper.deleteByMap
2025-03-08 15:01:02,644 DEBUG [main][MybatisConfiguration.java:128] - addMappedStatement: com.xuecheng.content.mapper.CoursePublishPreMapper.deleteByMap
2025-03-08 15:01:02,647 DEBUG [main][MybatisConfiguration.java:128] - addMappedStatement: com.xuecheng.content.mapper.CoursePublishPreMapper.deleteById
2025-03-08 15:01:02,647 DEBUG [main][MybatisConfiguration.java:128] - addMappedStatement: com.xuecheng.content.mapper.CoursePublishPreMapper.deleteById
2025-03-08 15:01:02,650 DEBUG [main][MybatisConfiguration.java:128] - addMappedStatement: com.xuecheng.content.mapper.CoursePublishPreMapper.deleteBatchIds
2025-03-08 15:01:02,650 DEBUG [main][MybatisConfiguration.java:128] - addMappedStatement: com.xuecheng.content.mapper.CoursePublishPreMapper.deleteBatchIds
2025-03-08 15:01:02,654 DEBUG [main][MybatisConfiguration.java:128] - addMappedStatement: com.xuecheng.content.mapper.CoursePublishPreMapper.update
2025-03-08 15:01:02,654 DEBUG [main][MybatisConfiguration.java:128] - addMappedStatement: com.xuecheng.content.mapper.CoursePublishPreMapper.update
2025-03-08 15:01:02,657 DEBUG [main][MybatisConfiguration.java:128] - addMappedStatement: com.xuecheng.content.mapper.CoursePublishPreMapper.updateById
2025-03-08 15:01:02,657 DEBUG [main][MybatisConfiguration.java:128] - addMappedStatement: com.xuecheng.content.mapper.CoursePublishPreMapper.updateById
2025-03-08 15:01:02,657 DEBUG [main][MybatisConfiguration.java:128] - addMappedStatement: com.xuecheng.content.mapper.CoursePublishPreMapper.selectById
2025-03-08 15:01:02,657 DEBUG [main][MybatisConfiguration.java:128] - addMappedStatement: com.xuecheng.content.mapper.CoursePublishPreMapper.selectById
2025-03-08 15:01:02,659 DEBUG [main][MybatisConfiguration.java:128] - addMappedStatement: com.xuecheng.content.mapper.CoursePublishPreMapper.selectBatchIds
2025-03-08 15:01:02,659 DEBUG [main][MybatisConfiguration.java:128] - addMappedStatement: com.xuecheng.content.mapper.CoursePublishPreMapper.selectBatchIds
2025-03-08 15:01:02,661 DEBUG [main][MybatisConfiguration.java:128] - addMappedStatement: com.xuecheng.content.mapper.CoursePublishPreMapper.selectByMap
2025-03-08 15:01:02,661 DEBUG [main][MybatisConfiguration.java:128] - addMappedStatement: com.xuecheng.content.mapper.CoursePublishPreMapper.selectByMap
2025-03-08 15:01:02,664 DEBUG [main][MybatisConfiguration.java:128] - addMappedStatement: com.xuecheng.content.mapper.CoursePublishPreMapper.selectOne
2025-03-08 15:01:02,664 DEBUG [main][MybatisConfiguration.java:128] - addMappedStatement: com.xuecheng.content.mapper.CoursePublishPreMapper.selectOne
2025-03-08 15:01:02,667 DEBUG [main][MybatisConfiguration.java:128] - addMappedStatement: com.xuecheng.content.mapper.CoursePublishPreMapper.selectCount
2025-03-08 15:01:02,667 DEBUG [main][MybatisConfiguration.java:128] - addMappedStatement: com.xuecheng.content.mapper.CoursePublishPreMapper.selectCount
2025-03-08 15:01:02,669 DEBUG [main][MybatisConfiguration.java:128] - addMappedStatement: com.xuecheng.content.mapper.CoursePublishPreMapper.selectMaps
2025-03-08 15:01:02,669 DEBUG [main][MybatisConfiguration.java:128] - addMappedStatement: com.xuecheng.content.mapper.CoursePublishPreMapper.selectMaps
2025-03-08 15:01:02,671 DEBUG [main][MybatisConfiguration.java:128] - addMappedStatement: com.xuecheng.content.mapper.CoursePublishPreMapper.selectMapsPage
2025-03-08 15:01:02,671 DEBUG [main][MybatisConfiguration.java:128] - addMappedStatement: com.xuecheng.content.mapper.CoursePublishPreMapper.selectMapsPage
2025-03-08 15:01:02,675 DEBUG [main][MybatisConfiguration.java:128] - addMappedStatement: com.xuecheng.content.mapper.CoursePublishPreMapper.selectObjs
2025-03-08 15:01:02,675 DEBUG [main][MybatisConfiguration.java:128] - addMappedStatement: com.xuecheng.content.mapper.CoursePublishPreMapper.selectObjs
2025-03-08 15:01:02,678 DEBUG [main][MybatisConfiguration.java:128] - addMappedStatement: com.xuecheng.content.mapper.CoursePublishPreMapper.selectList
2025-03-08 15:01:02,678 DEBUG [main][MybatisConfiguration.java:128] - addMappedStatement: com.xuecheng.content.mapper.CoursePublishPreMapper.selectList
2025-03-08 15:01:02,680 DEBUG [main][MybatisConfiguration.java:128] - addMappedStatement: com.xuecheng.content.mapper.CoursePublishPreMapper.selectPage
2025-03-08 15:01:02,680 DEBUG [main][MybatisConfiguration.java:128] - addMappedStatement: com.xuecheng.content.mapper.CoursePublishPreMapper.selectPage
2025-03-08 15:01:02,681 DEBUG [main][DefaultSingletonBeanRegistry.java:225] - Creating shared instance of singleton bean 'courseTeacherMapper'
2025-03-08 15:01:02,681 DEBUG [main][DefaultSingletonBeanRegistry.java:225] - Creating shared instance of singleton bean 'courseTeacherMapper'
2025-03-08 15:01:02,694 DEBUG [main][MybatisConfiguration.java:128] - addMappedStatement: com.xuecheng.content.mapper.CourseTeacherMapper.insert
2025-03-08 15:01:02,694 DEBUG [main][MybatisConfiguration.java:128] - addMappedStatement: com.xuecheng.content.mapper.CourseTeacherMapper.insert
2025-03-08 15:01:02,698 DEBUG [main][MybatisConfiguration.java:128] - addMappedStatement: com.xuecheng.content.mapper.CourseTeacherMapper.delete
2025-03-08 15:01:02,698 DEBUG [main][MybatisConfiguration.java:128] - addMappedStatement: com.xuecheng.content.mapper.CourseTeacherMapper.delete
2025-03-08 15:01:02,700 DEBUG [main][MybatisConfiguration.java:128] - addMappedStatement: com.xuecheng.content.mapper.CourseTeacherMapper.deleteByMap
2025-03-08 15:01:02,700 DEBUG [main][MybatisConfiguration.java:128] - addMappedStatement: com.xuecheng.content.mapper.CourseTeacherMapper.deleteByMap
2025-03-08 15:01:02,702 DEBUG [main][MybatisConfiguration.java:128] - addMappedStatement: com.xuecheng.content.mapper.CourseTeacherMapper.deleteById
2025-03-08 15:01:02,702 DEBUG [main][MybatisConfiguration.java:128] - addMappedStatement: com.xuecheng.content.mapper.CourseTeacherMapper.deleteById
2025-03-08 15:01:02,704 DEBUG [main][MybatisConfiguration.java:128] - addMappedStatement: com.xuecheng.content.mapper.CourseTeacherMapper.deleteBatchIds
2025-03-08 15:01:02,704 DEBUG [main][MybatisConfiguration.java:128] - addMappedStatement: com.xuecheng.content.mapper.CourseTeacherMapper.deleteBatchIds
2025-03-08 15:01:02,709 DEBUG [main][MybatisConfiguration.java:128] - addMappedStatement: com.xuecheng.content.mapper.CourseTeacherMapper.update
2025-03-08 15:01:02,709 DEBUG [main][MybatisConfiguration.java:128] - addMappedStatement: com.xuecheng.content.mapper.CourseTeacherMapper.update
2025-03-08 15:01:02,712 DEBUG [main][MybatisConfiguration.java:128] - addMappedStatement: com.xuecheng.content.mapper.CourseTeacherMapper.updateById
2025-03-08 15:01:02,712 DEBUG [main][MybatisConfiguration.java:128] - addMappedStatement: com.xuecheng.content.mapper.CourseTeacherMapper.updateById
2025-03-08 15:01:02,713 DEBUG [main][MybatisConfiguration.java:128] - addMappedStatement: com.xuecheng.content.mapper.CourseTeacherMapper.selectById
2025-03-08 15:01:02,713 DEBUG [main][MybatisConfiguration.java:128] - addMappedStatement: com.xuecheng.content.mapper.CourseTeacherMapper.selectById
2025-03-08 15:01:02,715 DEBUG [main][MybatisConfiguration.java:128] - addMappedStatement: com.xuecheng.content.mapper.CourseTeacherMapper.selectBatchIds
2025-03-08 15:01:02,715 DEBUG [main][MybatisConfiguration.java:128] - addMappedStatement: com.xuecheng.content.mapper.CourseTeacherMapper.selectBatchIds
2025-03-08 15:01:02,717 DEBUG [main][MybatisConfiguration.java:128] - addMappedStatement: com.xuecheng.content.mapper.CourseTeacherMapper.selectByMap
2025-03-08 15:01:02,717 DEBUG [main][MybatisConfiguration.java:128] - addMappedStatement: com.xuecheng.content.mapper.CourseTeacherMapper.selectByMap
2025-03-08 15:01:02,720 DEBUG [main][MybatisConfiguration.java:128] - addMappedStatement: com.xuecheng.content.mapper.CourseTeacherMapper.selectOne
2025-03-08 15:01:02,720 DEBUG [main][MybatisConfiguration.java:128] - addMappedStatement: com.xuecheng.content.mapper.CourseTeacherMapper.selectOne
2025-03-08 15:01:02,722 DEBUG [main][MybatisConfiguration.java:128] - addMappedStatement: com.xuecheng.content.mapper.CourseTeacherMapper.selectCount
2025-03-08 15:01:02,722 DEBUG [main][MybatisConfiguration.java:128] - addMappedStatement: com.xuecheng.content.mapper.CourseTeacherMapper.selectCount
2025-03-08 15:01:02,725 DEBUG [main][MybatisConfiguration.java:128] - addMappedStatement: com.xuecheng.content.mapper.CourseTeacherMapper.selectMaps
2025-03-08 15:01:02,725 DEBUG [main][MybatisConfiguration.java:128] - addMappedStatement: com.xuecheng.content.mapper.CourseTeacherMapper.selectMaps
2025-03-08 15:01:02,728 DEBUG [main][MybatisConfiguration.java:128] - addMappedStatement: com.xuecheng.content.mapper.CourseTeacherMapper.selectMapsPage
2025-03-08 15:01:02,728 DEBUG [main][MybatisConfiguration.java:128] - addMappedStatement: com.xuecheng.content.mapper.CourseTeacherMapper.selectMapsPage
2025-03-08 15:01:02,731 DEBUG [main][MybatisConfiguration.java:128] - addMappedStatement: com.xuecheng.content.mapper.CourseTeacherMapper.selectObjs
2025-03-08 15:01:02,731 DEBUG [main][MybatisConfiguration.java:128] - addMappedStatement: com.xuecheng.content.mapper.CourseTeacherMapper.selectObjs
2025-03-08 15:01:02,736 DEBUG [main][MybatisConfiguration.java:128] - addMappedStatement: com.xuecheng.content.mapper.CourseTeacherMapper.selectList
2025-03-08 15:01:02,736 DEBUG [main][MybatisConfiguration.java:128] - addMappedStatement: com.xuecheng.content.mapper.CourseTeacherMapper.selectList
2025-03-08 15:01:02,739 DEBUG [main][MybatisConfiguration.java:128] - addMappedStatement: com.xuecheng.content.mapper.CourseTeacherMapper.selectPage
2025-03-08 15:01:02,739 DEBUG [main][MybatisConfiguration.java:128] - addMappedStatement: com.xuecheng.content.mapper.CourseTeacherMapper.selectPage
2025-03-08 15:01:02,740 DEBUG [main][DefaultSingletonBeanRegistry.java:225] - Creating shared instance of singleton bean 'teachplanMapper'
2025-03-08 15:01:02,740 DEBUG [main][DefaultSingletonBeanRegistry.java:225] - Creating shared instance of singleton bean 'teachplanMapper'
2025-03-08 15:01:02,758 DEBUG [main][MybatisConfiguration.java:128] - addMappedStatement: com.xuecheng.content.mapper.TeachplanMapper.insert
2025-03-08 15:01:02,758 DEBUG [main][MybatisConfiguration.java:128] - addMappedStatement: com.xuecheng.content.mapper.TeachplanMapper.insert
2025-03-08 15:01:02,760 DEBUG [main][MybatisConfiguration.java:128] - addMappedStatement: com.xuecheng.content.mapper.TeachplanMapper.delete
2025-03-08 15:01:02,760 DEBUG [main][MybatisConfiguration.java:128] - addMappedStatement: com.xuecheng.content.mapper.TeachplanMapper.delete
2025-03-08 15:01:02,764 DEBUG [main][MybatisConfiguration.java:128] - addMappedStatement: com.xuecheng.content.mapper.TeachplanMapper.deleteByMap
2025-03-08 15:01:02,764 DEBUG [main][MybatisConfiguration.java:128] - addMappedStatement: com.xuecheng.content.mapper.TeachplanMapper.deleteByMap
2025-03-08 15:01:02,767 DEBUG [main][MybatisConfiguration.java:128] - addMappedStatement: com.xuecheng.content.mapper.TeachplanMapper.deleteById
2025-03-08 15:01:02,767 DEBUG [main][MybatisConfiguration.java:128] - addMappedStatement: com.xuecheng.content.mapper.TeachplanMapper.deleteById
2025-03-08 15:01:02,770 DEBUG [main][MybatisConfiguration.java:128] - addMappedStatement: com.xuecheng.content.mapper.TeachplanMapper.deleteBatchIds
2025-03-08 15:01:02,770 DEBUG [main][MybatisConfiguration.java:128] - addMappedStatement: com.xuecheng.content.mapper.TeachplanMapper.deleteBatchIds
2025-03-08 15:01:02,773 DEBUG [main][MybatisConfiguration.java:128] - addMappedStatement: com.xuecheng.content.mapper.TeachplanMapper.update
2025-03-08 15:01:02,773 DEBUG [main][MybatisConfiguration.java:128] - addMappedStatement: com.xuecheng.content.mapper.TeachplanMapper.update
2025-03-08 15:01:02,777 DEBUG [main][MybatisConfiguration.java:128] - addMappedStatement: com.xuecheng.content.mapper.TeachplanMapper.updateById
2025-03-08 15:01:02,777 DEBUG [main][MybatisConfiguration.java:128] - addMappedStatement: com.xuecheng.content.mapper.TeachplanMapper.updateById
2025-03-08 15:01:02,778 DEBUG [main][MybatisConfiguration.java:128] - addMappedStatement: com.xuecheng.content.mapper.TeachplanMapper.selectById
2025-03-08 15:01:02,778 DEBUG [main][MybatisConfiguration.java:128] - addMappedStatement: com.xuecheng.content.mapper.TeachplanMapper.selectById
2025-03-08 15:01:02,780 DEBUG [main][MybatisConfiguration.java:128] - addMappedStatement: com.xuecheng.content.mapper.TeachplanMapper.selectBatchIds
2025-03-08 15:01:02,780 DEBUG [main][MybatisConfiguration.java:128] - addMappedStatement: com.xuecheng.content.mapper.TeachplanMapper.selectBatchIds
2025-03-08 15:01:02,784 DEBUG [main][MybatisConfiguration.java:128] - addMappedStatement: com.xuecheng.content.mapper.TeachplanMapper.selectByMap
2025-03-08 15:01:02,784 DEBUG [main][MybatisConfiguration.java:128] - addMappedStatement: com.xuecheng.content.mapper.TeachplanMapper.selectByMap
2025-03-08 15:01:02,786 DEBUG [main][MybatisConfiguration.java:128] - addMappedStatement: com.xuecheng.content.mapper.TeachplanMapper.selectOne
2025-03-08 15:01:02,786 DEBUG [main][MybatisConfiguration.java:128] - addMappedStatement: com.xuecheng.content.mapper.TeachplanMapper.selectOne
2025-03-08 15:01:02,789 DEBUG [main][MybatisConfiguration.java:128] - addMappedStatement: com.xuecheng.content.mapper.TeachplanMapper.selectCount
2025-03-08 15:01:02,789 DEBUG [main][MybatisConfiguration.java:128] - addMappedStatement: com.xuecheng.content.mapper.TeachplanMapper.selectCount
2025-03-08 15:01:02,794 DEBUG [main][MybatisConfiguration.java:128] - addMappedStatement: com.xuecheng.content.mapper.TeachplanMapper.selectMaps
2025-03-08 15:01:02,794 DEBUG [main][MybatisConfiguration.java:128] - addMappedStatement: com.xuecheng.content.mapper.TeachplanMapper.selectMaps
2025-03-08 15:01:02,799 DEBUG [main][MybatisConfiguration.java:128] - addMappedStatement: com.xuecheng.content.mapper.TeachplanMapper.selectMapsPage
2025-03-08 15:01:02,799 DEBUG [main][MybatisConfiguration.java:128] - addMappedStatement: com.xuecheng.content.mapper.TeachplanMapper.selectMapsPage
2025-03-08 15:01:02,802 DEBUG [main][MybatisConfiguration.java:128] - addMappedStatement: com.xuecheng.content.mapper.TeachplanMapper.selectObjs
2025-03-08 15:01:02,802 DEBUG [main][MybatisConfiguration.java:128] - addMappedStatement: com.xuecheng.content.mapper.TeachplanMapper.selectObjs
2025-03-08 15:01:02,806 DEBUG [main][MybatisConfiguration.java:128] - addMappedStatement: com.xuecheng.content.mapper.TeachplanMapper.selectList
2025-03-08 15:01:02,806 DEBUG [main][MybatisConfiguration.java:128] - addMappedStatement: com.xuecheng.content.mapper.TeachplanMapper.selectList
2025-03-08 15:01:02,811 DEBUG [main][MybatisConfiguration.java:128] - addMappedStatement: com.xuecheng.content.mapper.TeachplanMapper.selectPage
2025-03-08 15:01:02,811 DEBUG [main][MybatisConfiguration.java:128] - addMappedStatement: com.xuecheng.content.mapper.TeachplanMapper.selectPage
2025-03-08 15:01:02,812 DEBUG [main][DefaultSingletonBeanRegistry.java:225] - Creating shared instance of singleton bean 'teachplanMediaMapper'
2025-03-08 15:01:02,812 DEBUG [main][DefaultSingletonBeanRegistry.java:225] - Creating shared instance of singleton bean 'teachplanMediaMapper'
2025-03-08 15:01:02,840 DEBUG [main][MybatisConfiguration.java:128] - addMappedStatement: com.xuecheng.content.mapper.TeachplanMediaMapper.insert
2025-03-08 15:01:02,840 DEBUG [main][MybatisConfiguration.java:128] - addMappedStatement: com.xuecheng.content.mapper.TeachplanMediaMapper.insert
2025-03-08 15:01:02,845 DEBUG [main][MybatisConfiguration.java:128] - addMappedStatement: com.xuecheng.content.mapper.TeachplanMediaMapper.delete
2025-03-08 15:01:02,845 DEBUG [main][MybatisConfiguration.java:128] - addMappedStatement: com.xuecheng.content.mapper.TeachplanMediaMapper.delete
2025-03-08 15:01:02,848 DEBUG [main][MybatisConfiguration.java:128] - addMappedStatement: com.xuecheng.content.mapper.TeachplanMediaMapper.deleteByMap
2025-03-08 15:01:02,848 DEBUG [main][MybatisConfiguration.java:128] - addMappedStatement: com.xuecheng.content.mapper.TeachplanMediaMapper.deleteByMap
2025-03-08 15:01:02,851 DEBUG [main][MybatisConfiguration.java:128] - addMappedStatement: com.xuecheng.content.mapper.TeachplanMediaMapper.deleteById
2025-03-08 15:01:02,851 DEBUG [main][MybatisConfiguration.java:128] - addMappedStatement: com.xuecheng.content.mapper.TeachplanMediaMapper.deleteById
2025-03-08 15:01:02,853 DEBUG [main][MybatisConfiguration.java:128] - addMappedStatement: com.xuecheng.content.mapper.TeachplanMediaMapper.deleteBatchIds
2025-03-08 15:01:02,853 DEBUG [main][MybatisConfiguration.java:128] - addMappedStatement: com.xuecheng.content.mapper.TeachplanMediaMapper.deleteBatchIds
2025-03-08 15:01:02,858 DEBUG [main][MybatisConfiguration.java:128] - addMappedStatement: com.xuecheng.content.mapper.TeachplanMediaMapper.update
2025-03-08 15:01:02,858 DEBUG [main][MybatisConfiguration.java:128] - addMappedStatement: com.xuecheng.content.mapper.TeachplanMediaMapper.update
2025-03-08 15:01:02,861 DEBUG [main][MybatisConfiguration.java:128] - addMappedStatement: com.xuecheng.content.mapper.TeachplanMediaMapper.updateById
2025-03-08 15:01:02,861 DEBUG [main][MybatisConfiguration.java:128] - addMappedStatement: com.xuecheng.content.mapper.TeachplanMediaMapper.updateById
2025-03-08 15:01:02,861 DEBUG [main][MybatisConfiguration.java:128] - addMappedStatement: com.xuecheng.content.mapper.TeachplanMediaMapper.selectById
2025-03-08 15:01:02,861 DEBUG [main][MybatisConfiguration.java:128] - addMappedStatement: com.xuecheng.content.mapper.TeachplanMediaMapper.selectById
2025-03-08 15:01:02,869 DEBUG [main][MybatisConfiguration.java:128] - addMappedStatement: com.xuecheng.content.mapper.TeachplanMediaMapper.selectBatchIds
2025-03-08 15:01:02,869 DEBUG [main][MybatisConfiguration.java:128] - addMappedStatement: com.xuecheng.content.mapper.TeachplanMediaMapper.selectBatchIds
2025-03-08 15:01:02,873 DEBUG [main][MybatisConfiguration.java:128] - addMappedStatement: com.xuecheng.content.mapper.TeachplanMediaMapper.selectByMap
2025-03-08 15:01:02,873 DEBUG [main][MybatisConfiguration.java:128] - addMappedStatement: com.xuecheng.content.mapper.TeachplanMediaMapper.selectByMap
2025-03-08 15:01:02,876 DEBUG [main][MybatisConfiguration.java:128] - addMappedStatement: com.xuecheng.content.mapper.TeachplanMediaMapper.selectOne
2025-03-08 15:01:02,876 DEBUG [main][MybatisConfiguration.java:128] - addMappedStatement: com.xuecheng.content.mapper.TeachplanMediaMapper.selectOne
2025-03-08 15:01:02,879 DEBUG [main][MybatisConfiguration.java:128] - addMappedStatement: com.xuecheng.content.mapper.TeachplanMediaMapper.selectCount
2025-03-08 15:01:02,879 DEBUG [main][MybatisConfiguration.java:128] - addMappedStatement: com.xuecheng.content.mapper.TeachplanMediaMapper.selectCount
2025-03-08 15:01:02,881 DEBUG [main][MybatisConfiguration.java:128] - addMappedStatement: com.xuecheng.content.mapper.TeachplanMediaMapper.selectMaps
2025-03-08 15:01:02,881 DEBUG [main][MybatisConfiguration.java:128] - addMappedStatement: com.xuecheng.content.mapper.TeachplanMediaMapper.selectMaps
2025-03-08 15:01:02,884 DEBUG [main][MybatisConfiguration.java:128] - addMappedStatement: com.xuecheng.content.mapper.TeachplanMediaMapper.selectMapsPage
2025-03-08 15:01:02,884 DEBUG [main][MybatisConfiguration.java:128] - addMappedStatement: com.xuecheng.content.mapper.TeachplanMediaMapper.selectMapsPage
2025-03-08 15:01:02,886 DEBUG [main][MybatisConfiguration.java:128] - addMappedStatement: com.xuecheng.content.mapper.TeachplanMediaMapper.selectObjs
2025-03-08 15:01:02,886 DEBUG [main][MybatisConfiguration.java:128] - addMappedStatement: com.xuecheng.content.mapper.TeachplanMediaMapper.selectObjs
2025-03-08 15:01:02,889 DEBUG [main][MybatisConfiguration.java:128] - addMappedStatement: com.xuecheng.content.mapper.TeachplanMediaMapper.selectList
2025-03-08 15:01:02,889 DEBUG [main][MybatisConfiguration.java:128] - addMappedStatement: com.xuecheng.content.mapper.TeachplanMediaMapper.selectList
2025-03-08 15:01:02,891 DEBUG [main][MybatisConfiguration.java:128] - addMappedStatement: com.xuecheng.content.mapper.TeachplanMediaMapper.selectPage
2025-03-08 15:01:02,891 DEBUG [main][MybatisConfiguration.java:128] - addMappedStatement: com.xuecheng.content.mapper.TeachplanMediaMapper.selectPage
2025-03-08 15:01:02,918 DEBUG [main][MBeanExporter.java:434] - Registering beans for JMX exposure on startup
2025-03-08 15:01:02,918 DEBUG [main][MBeanExporter.java:434] - Registering beans for JMX exposure on startup
2025-03-08 15:01:02,919 DEBUG [main][MBeanExporter.java:541] - Autodetecting user-defined JMX MBeans
2025-03-08 15:01:02,919 DEBUG [main][MBeanExporter.java:541] - Autodetecting user-defined JMX MBeans
2025-03-08 15:01:02,921 DEBUG [main][MBeanExporter.java:896] - Bean with name 'dataSource' has been autodetected for JMX exposure
2025-03-08 15:01:02,921 DEBUG [main][MBeanExporter.java:896] - Bean with name 'dataSource' has been autodetected for JMX exposure
2025-03-08 15:01:02,933 DEBUG [main][MBeanExporter.java:896] - Bean with name 'refreshScope' has been autodetected for JMX exposure
2025-03-08 15:01:02,933 DEBUG [main][MBeanExporter.java:896] - Bean with name 'refreshScope' has been autodetected for JMX exposure
2025-03-08 15:01:02,935 DEBUG [main][MBeanExporter.java:896] - Bean with name 'configurationPropertiesRebinder' has been autodetected for JMX exposure
2025-03-08 15:01:02,935 DEBUG [main][MBeanExporter.java:896] - Bean with name 'configurationPropertiesRebinder' has been autodetected for JMX exposure
2025-03-08 15:01:02,935 DEBUG [main][MBeanExporter.java:896] - Bean with name 'environmentManager' has been autodetected for JMX exposure
2025-03-08 15:01:02,935 DEBUG [main][MBeanExporter.java:896] - Bean with name 'environmentManager' has been autodetected for JMX exposure
2025-03-08 15:01:02,940 DEBUG [main][MBeanExporter.java:676] - Located managed bean 'environmentManager': registering with JMX server as MBean [org.springframework.cloud.context.environment:name=environmentManager,type=EnvironmentManager]
2025-03-08 15:01:02,940 DEBUG [main][MBeanExporter.java:676] - Located managed bean 'environmentManager': registering with JMX server as MBean [org.springframework.cloud.context.environment:name=environmentManager,type=EnvironmentManager]
2025-03-08 15:01:02,968 DEBUG [main][MBeanExporter.java:676] - Located managed bean 'refreshScope': registering with JMX server as MBean [org.springframework.cloud.context.scope.refresh:name=refreshScope,type=RefreshScope]
2025-03-08 15:01:02,968 DEBUG [main][MBeanExporter.java:676] - Located managed bean 'refreshScope': registering with JMX server as MBean [org.springframework.cloud.context.scope.refresh:name=refreshScope,type=RefreshScope]
2025-03-08 15:01:02,998 DEBUG [main][MBeanExporter.java:676] - Located managed bean 'configurationPropertiesRebinder': registering with JMX server as MBean [org.springframework.cloud.context.properties:name=configurationPropertiesRebinder,context=365a6a43,type=ConfigurationPropertiesRebinder]
2025-03-08 15:01:02,998 DEBUG [main][MBeanExporter.java:676] - Located managed bean 'configurationPropertiesRebinder': registering with JMX server as MBean [org.springframework.cloud.context.properties:name=configurationPropertiesRebinder,context=365a6a43,type=ConfigurationPropertiesRebinder]
2025-03-08 15:01:03,024 DEBUG [main][MBeanExporter.java:669] - Located MBean 'dataSource': registering with JMX server as MBean [com.zaxxer.hikari:name=dataSource,type=HikariDataSource]
2025-03-08 15:01:03,024 DEBUG [main][MBeanExporter.java:669] - Located MBean 'dataSource': registering with JMX server as MBean [com.zaxxer.hikari:name=dataSource,type=HikariDataSource]
2025-03-08 15:01:03,034 DEBUG [main][DefaultLifecycleProcessor.java:356] - Starting beans in phase 2147483646
2025-03-08 15:01:03,034 DEBUG [main][DefaultLifecycleProcessor.java:356] - Starting beans in phase 2147483646
2025-03-08 15:01:03,034 INFO [main][DirectJDKLog.java:173] - Starting ProtocolHandler ["http-nio-63040"]
2025-03-08 15:01:03,034 INFO [main][DirectJDKLog.java:173] - Starting ProtocolHandler ["http-nio-63040"]
2025-03-08 15:01:03,140 INFO [main][TomcatWebServer.java:220] - Tomcat started on port(s): 63040 (http) with context path '/content'
2025-03-08 15:01:03,140 INFO [main][TomcatWebServer.java:220] - Tomcat started on port(s): 63040 (http) with context path '/content'
2025-03-08 15:01:03,141 DEBUG [main][DefaultLifecycleProcessor.java:188] - Successfully started bean 'webServerStartStop'
2025-03-08 15:01:03,141 DEBUG [main][DefaultLifecycleProcessor.java:188] - Successfully started bean 'webServerStartStop'
2025-03-08 15:01:03,141 DEBUG [main][DefaultLifecycleProcessor.java:356] - Starting beans in phase 2147483647
2025-03-08 15:01:03,141 DEBUG [main][DefaultLifecycleProcessor.java:356] - Starting beans in phase 2147483647
2025-03-08 15:01:03,142 INFO [main][DocumentationPluginsBootstrapper.java:160] - Context refreshed
2025-03-08 15:01:03,142 INFO [main][DocumentationPluginsBootstrapper.java:160] - Context refreshed
2025-03-08 15:01:03,174 INFO [main][DocumentationPluginsBootstrapper.java:163] - Found 1 custom documentation plugin(s)
2025-03-08 15:01:03,174 INFO [main][DocumentationPluginsBootstrapper.java:163] - Found 1 custom documentation plugin(s)
2025-03-08 15:01:03,253 INFO [main][ApiListingReferenceScanner.java:41] - Scanning for api listing references
2025-03-08 15:01:03,253 INFO [main][ApiListingReferenceScanner.java:41] - Scanning for api listing references
2025-03-08 15:01:03,610 DEBUG [main][DefaultLifecycleProcessor.java:188] - Successfully started bean 'documentationPluginsBootstrapper'
2025-03-08 15:01:03,610 DEBUG [main][DefaultLifecycleProcessor.java:188] - Successfully started bean 'documentationPluginsBootstrapper'
2025-03-08 15:01:03,610 DEBUG [main][DefaultLifecycleProcessor.java:188] - Successfully started bean 'webServerGracefulShutdown'
2025-03-08 15:01:03,610 DEBUG [main][DefaultLifecycleProcessor.java:188] - Successfully started bean 'webServerGracefulShutdown'
2025-03-08 15:01:03,618 DEBUG [main][ConditionEvaluationReportLoggingListener.java:126] - 


============================
CONDITIONS EVALUATION REPORT
============================


Positive matches:
-----------------

   AopAutoConfiguration matched:
      - @ConditionalOnProperty (spring.aop.auto=true) matched (OnPropertyCondition)

   AopAutoConfiguration.ClassProxyingConfiguration matched:
      - @ConditionalOnMissingClass did not find unwanted class 'org.aspectj.weaver.Advice' (OnClassCondition)
      - @ConditionalOnProperty (spring.aop.proxy-target-class=true) matched (OnPropertyCondition)

   ConfigurationPropertiesRebinderAutoConfiguration matched:
      - @ConditionalOnBean (types: org.springframework.boot.context.properties.ConfigurationPropertiesBindingPostProcessor; SearchStrategy: all) found bean 'org.springframework.boot.context.properties.ConfigurationPropertiesBindingPostProcessor' (OnBeanCondition)

   ConfigurationPropertiesRebinderAutoConfiguration#configurationPropertiesBeans matched:
      - @ConditionalOnMissingBean (types: org.springframework.cloud.context.properties.ConfigurationPropertiesBeans; SearchStrategy: current) did not find any beans (OnBeanCondition)

   ConfigurationPropertiesRebinderAutoConfiguration#configurationPropertiesRebinder matched:
      - @ConditionalOnMissingBean (types: org.springframework.cloud.context.properties.ConfigurationPropertiesRebinder; SearchStrategy: current) did not find any beans (OnBeanCondition)

   DataSourceAutoConfiguration matched:
      - @ConditionalOnClass found required classes 'javax.sql.DataSource', 'org.springframework.jdbc.datasource.embedded.EmbeddedDatabaseType' (OnClassCondition)
      - @ConditionalOnMissingBean (types: io.r2dbc.spi.ConnectionFactory; SearchStrategy: all) did not find any beans (OnBeanCondition)

   DataSourceAutoConfiguration.PooledDataSourceConfiguration matched:
      - AnyNestedCondition 1 matched 1 did not; NestedCondition on DataSourceAutoConfiguration.PooledDataSourceCondition.PooledDataSourceAvailable PooledDataSource found supported DataSource; NestedCondition on DataSourceAutoConfiguration.PooledDataSourceCondition.ExplicitType @ConditionalOnProperty (spring.datasource.type) did not find property 'type' (DataSourceAutoConfiguration.PooledDataSourceCondition)
      - @ConditionalOnMissingBean (types: javax.sql.DataSource,javax.sql.XADataSource; SearchStrategy: all) did not find any beans (OnBeanCondition)

   DataSourceConfiguration.Hikari matched:
      - @ConditionalOnClass found required class 'com.zaxxer.hikari.HikariDataSource' (OnClassCondition)
      - @ConditionalOnProperty (spring.datasource.type=com.zaxxer.hikari.HikariDataSource) matched (OnPropertyCondition)
      - @ConditionalOnMissingBean (types: javax.sql.DataSource; SearchStrategy: all) did not find any beans (OnBeanCondition)

   DataSourceJmxConfiguration matched:
      - @ConditionalOnProperty (spring.jmx.enabled=true) matched (OnPropertyCondition)

   DataSourceJmxConfiguration.Hikari matched:
      - @ConditionalOnClass found required class 'com.zaxxer.hikari.HikariDataSource' (OnClassCondition)
      - @ConditionalOnSingleCandidate (types: javax.sql.DataSource; SearchStrategy: all) found a primary bean from beans 'dataSource' (OnBeanCondition)

   DataSourcePoolMetadataProvidersConfiguration.HikariPoolDataSourceMetadataProviderConfiguration matched:
      - @ConditionalOnClass found required class 'com.zaxxer.hikari.HikariDataSource' (OnClassCondition)

   DataSourceTransactionManagerAutoConfiguration matched:
      - @ConditionalOnClass found required classes 'org.springframework.jdbc.core.JdbcTemplate', 'org.springframework.transaction.PlatformTransactionManager' (OnClassCondition)

   DataSourceTransactionManagerAutoConfiguration.DataSourceTransactionManagerConfiguration matched:
      - @ConditionalOnSingleCandidate (types: javax.sql.DataSource; SearchStrategy: all) found a primary bean from beans 'dataSource' (OnBeanCondition)

   DataSourceTransactionManagerAutoConfiguration.DataSourceTransactionManagerConfiguration#transactionManager matched:
      - @ConditionalOnMissingBean (types: org.springframework.transaction.PlatformTransactionManager; SearchStrategy: all) did not find any beans (OnBeanCondition)

   DispatcherServletAutoConfiguration matched:
      - @ConditionalOnClass found required class 'org.springframework.web.servlet.DispatcherServlet' (OnClassCondition)
      - found 'session' scope (OnWebApplicationCondition)

   DispatcherServletAutoConfiguration.DispatcherServletConfiguration matched:
      - @ConditionalOnClass found required class 'javax.servlet.ServletRegistration' (OnClassCondition)
      - Default DispatcherServlet did not find dispatcher servlet beans (DispatcherServletAutoConfiguration.DefaultDispatcherServletCondition)

   DispatcherServletAutoConfiguration.DispatcherServletRegistrationConfiguration matched:
      - @ConditionalOnClass found required class 'javax.servlet.ServletRegistration' (OnClassCondition)
      - DispatcherServlet Registration did not find servlet registration bean (DispatcherServletAutoConfiguration.DispatcherServletRegistrationCondition)

   DispatcherServletAutoConfiguration.DispatcherServletRegistrationConfiguration#dispatcherServletRegistration matched:
      - @ConditionalOnBean (names: dispatcherServlet types: org.springframework.web.servlet.DispatcherServlet; SearchStrategy: all) found bean 'dispatcherServlet' (OnBeanCondition)

   EmbeddedWebServerFactoryCustomizerAutoConfiguration matched:
      - @ConditionalOnWebApplication (required) found 'session' scope (OnWebApplicationCondition)

   EmbeddedWebServerFactoryCustomizerAutoConfiguration.TomcatWebServerFactoryCustomizerConfiguration matched:
      - @ConditionalOnClass found required classes 'org.apache.catalina.startup.Tomcat', 'org.apache.coyote.UpgradeProtocol' (OnClassCondition)

   ErrorMvcAutoConfiguration matched:
      - @ConditionalOnClass found required classes 'javax.servlet.Servlet', 'org.springframework.web.servlet.DispatcherServlet' (OnClassCondition)
      - found 'session' scope (OnWebApplicationCondition)

   ErrorMvcAutoConfiguration#basicErrorController matched:
      - @ConditionalOnMissingBean (types: org.springframework.boot.web.servlet.error.ErrorController; SearchStrategy: current) did not find any beans (OnBeanCondition)

   ErrorMvcAutoConfiguration#errorAttributes matched:
      - @ConditionalOnMissingBean (types: org.springframework.boot.web.servlet.error.ErrorAttributes; SearchStrategy: current) did not find any beans (OnBeanCondition)

   ErrorMvcAutoConfiguration.DefaultErrorViewResolverConfiguration#conventionErrorViewResolver matched:
      - @ConditionalOnBean (types: org.springframework.web.servlet.DispatcherServlet; SearchStrategy: all) found bean 'dispatcherServlet'; @ConditionalOnMissingBean (types: org.springframework.boot.autoconfigure.web.servlet.error.ErrorViewResolver; SearchStrategy: all) did not find any beans (OnBeanCondition)

   ErrorMvcAutoConfiguration.WhitelabelErrorViewConfiguration matched:
      - @ConditionalOnProperty (server.error.whitelabel.enabled) matched (OnPropertyCondition)
      - ErrorTemplate Missing did not find error template view (ErrorMvcAutoConfiguration.ErrorTemplateMissingCondition)

   ErrorMvcAutoConfiguration.WhitelabelErrorViewConfiguration#beanNameViewResolver matched:
      - @ConditionalOnMissingBean (types: org.springframework.web.servlet.view.BeanNameViewResolver; SearchStrategy: all) did not find any beans (OnBeanCondition)

   ErrorMvcAutoConfiguration.WhitelabelErrorViewConfiguration#defaultErrorView matched:
      - @ConditionalOnMissingBean (names: error; SearchStrategy: all) did not find any beans (OnBeanCondition)

   GenericCacheConfiguration matched:
      - Cache org.springframework.boot.autoconfigure.cache.GenericCacheConfiguration automatic cache type (CacheCondition)

   HttpEncodingAutoConfiguration matched:
      - @ConditionalOnClass found required class 'org.springframework.web.filter.CharacterEncodingFilter' (OnClassCondition)
      - found 'session' scope (OnWebApplicationCondition)
      - @ConditionalOnProperty (server.servlet.encoding.enabled) matched (OnPropertyCondition)

   HttpEncodingAutoConfiguration#characterEncodingFilter matched:
      - @ConditionalOnMissingBean (types: org.springframework.web.filter.CharacterEncodingFilter; SearchStrategy: all) did not find any beans (OnBeanCondition)

   HttpMessageConvertersAutoConfiguration matched:
      - @ConditionalOnClass found required class 'org.springframework.http.converter.HttpMessageConverter' (OnClassCondition)
      - NoneNestedConditions 0 matched 1 did not; NestedCondition on HttpMessageConvertersAutoConfiguration.NotReactiveWebApplicationCondition.ReactiveWebApplication did not find reactive web application classes (HttpMessageConvertersAutoConfiguration.NotReactiveWebApplicationCondition)

   HttpMessageConvertersAutoConfiguration#messageConverters matched:
      - @ConditionalOnMissingBean (types: org.springframework.boot.autoconfigure.http.HttpMessageConverters; SearchStrategy: all) did not find any beans (OnBeanCondition)

   HttpMessageConvertersAutoConfiguration.StringHttpMessageConverterConfiguration matched:
      - @ConditionalOnClass found required class 'org.springframework.http.converter.StringHttpMessageConverter' (OnClassCondition)

   HttpMessageConvertersAutoConfiguration.StringHttpMessageConverterConfiguration#stringHttpMessageConverter matched:
      - @ConditionalOnMissingBean (types: org.springframework.http.converter.StringHttpMessageConverter; SearchStrategy: all) did not find any beans (OnBeanCondition)

   JacksonAutoConfiguration matched:
      - @ConditionalOnClass found required class 'com.fasterxml.jackson.databind.ObjectMapper' (OnClassCondition)

   JacksonAutoConfiguration.Jackson2ObjectMapperBuilderCustomizerConfiguration matched:
      - @ConditionalOnClass found required class 'org.springframework.http.converter.json.Jackson2ObjectMapperBuilder' (OnClassCondition)

   JacksonAutoConfiguration.JacksonObjectMapperBuilderConfiguration matched:
      - @ConditionalOnClass found required class 'org.springframework.http.converter.json.Jackson2ObjectMapperBuilder' (OnClassCondition)

   JacksonAutoConfiguration.JacksonObjectMapperBuilderConfiguration#jacksonObjectMapperBuilder matched:
      - @ConditionalOnMissingBean (types: org.springframework.http.converter.json.Jackson2ObjectMapperBuilder; SearchStrategy: all) did not find any beans (OnBeanCondition)

   JacksonAutoConfiguration.JacksonObjectMapperConfiguration matched:
      - @ConditionalOnClass found required class 'org.springframework.http.converter.json.Jackson2ObjectMapperBuilder' (OnClassCondition)

   JacksonAutoConfiguration.JacksonObjectMapperConfiguration#jacksonObjectMapper matched:
      - @ConditionalOnMissingBean (types: com.fasterxml.jackson.databind.ObjectMapper; SearchStrategy: all) did not find any beans (OnBeanCondition)

   JacksonAutoConfiguration.ParameterNamesModuleConfiguration matched:
      - @ConditionalOnClass found required class 'com.fasterxml.jackson.module.paramnames.ParameterNamesModule' (OnClassCondition)

   JacksonAutoConfiguration.ParameterNamesModuleConfiguration#parameterNamesModule matched:
      - @ConditionalOnMissingBean (types: com.fasterxml.jackson.module.paramnames.ParameterNamesModule; SearchStrategy: all) did not find any beans (OnBeanCondition)

   JacksonHttpMessageConvertersConfiguration.MappingJackson2HttpMessageConverterConfiguration matched:
      - @ConditionalOnClass found required class 'com.fasterxml.jackson.databind.ObjectMapper' (OnClassCondition)
      - @ConditionalOnProperty (spring.mvc.converters.preferred-json-mapper=jackson) matched (OnPropertyCondition)
      - @ConditionalOnBean (types: com.fasterxml.jackson.databind.ObjectMapper; SearchStrategy: all) found bean 'jacksonObjectMapper' (OnBeanCondition)

   JacksonHttpMessageConvertersConfiguration.MappingJackson2HttpMessageConverterConfiguration#mappingJackson2HttpMessageConverter matched:
      - @ConditionalOnMissingBean (types: org.springframework.http.converter.json.MappingJackson2HttpMessageConverter ignored: org.springframework.hateoas.server.mvc.TypeConstrainedMappingJackson2HttpMessageConverter,org.springframework.data.rest.webmvc.alps.AlpsJsonHttpMessageConverter; SearchStrategy: all) did not find any beans (OnBeanCondition)

   JdbcTemplateAutoConfiguration matched:
      - @ConditionalOnClass found required classes 'javax.sql.DataSource', 'org.springframework.jdbc.core.JdbcTemplate' (OnClassCondition)
      - @ConditionalOnSingleCandidate (types: javax.sql.DataSource; SearchStrategy: all) found a primary bean from beans 'dataSource' (OnBeanCondition)

   JdbcTemplateConfiguration matched:
      - @ConditionalOnMissingBean (types: org.springframework.jdbc.core.JdbcOperations; SearchStrategy: all) did not find any beans (OnBeanCondition)

   JmxAutoConfiguration matched:
      - @ConditionalOnClass found required class 'org.springframework.jmx.export.MBeanExporter' (OnClassCondition)
      - @ConditionalOnProperty (spring.jmx.enabled=true) matched (OnPropertyCondition)

   JmxAutoConfiguration#mbeanExporter matched:
      - @ConditionalOnMissingBean (types: org.springframework.jmx.export.MBeanExporter; SearchStrategy: current) did not find any beans (OnBeanCondition)

   JmxAutoConfiguration#mbeanServer matched:
      - @ConditionalOnMissingBean (types: javax.management.MBeanServer; SearchStrategy: all) did not find any beans (OnBeanCondition)

   JmxAutoConfiguration#objectNamingStrategy matched:
      - @ConditionalOnMissingBean (types: org.springframework.jmx.export.naming.ObjectNamingStrategy; SearchStrategy: current) did not find any beans (OnBeanCondition)

   LifecycleAutoConfiguration#defaultLifecycleProcessor matched:
      - @ConditionalOnMissingBean (names: lifecycleProcessor; SearchStrategy: current) did not find any beans (OnBeanCondition)

   LifecycleMvcEndpointAutoConfiguration#environmentManager matched:
      - @ConditionalOnMissingBean (types: org.springframework.cloud.context.environment.EnvironmentManager; SearchStrategy: all) did not find any beans (OnBeanCondition)

   MultipartAutoConfiguration matched:
      - @ConditionalOnClass found required classes 'javax.servlet.Servlet', 'org.springframework.web.multipart.support.StandardServletMultipartResolver', 'javax.servlet.MultipartConfigElement' (OnClassCondition)
      - found 'session' scope (OnWebApplicationCondition)
      - @ConditionalOnProperty (spring.servlet.multipart.enabled) matched (OnPropertyCondition)

   MultipartAutoConfiguration#multipartConfigElement matched:
      - @ConditionalOnMissingBean (types: javax.servlet.MultipartConfigElement,org.springframework.web.multipart.commons.CommonsMultipartResolver; SearchStrategy: all) did not find any beans (OnBeanCondition)

   MultipartAutoConfiguration#multipartResolver matched:
      - @ConditionalOnMissingBean (types: org.springframework.web.multipart.MultipartResolver; SearchStrategy: all) did not find any beans (OnBeanCondition)

   MybatisPlusAutoConfiguration matched:
      - @ConditionalOnClass found required classes 'org.apache.ibatis.session.SqlSessionFactory', 'org.mybatis.spring.SqlSessionFactoryBean' (OnClassCondition)
      - @ConditionalOnSingleCandidate (types: javax.sql.DataSource; SearchStrategy: all) found a primary bean from beans 'dataSource' (OnBeanCondition)

   MybatisPlusAutoConfiguration#sqlSessionFactory matched:
      - @ConditionalOnMissingBean (types: org.apache.ibatis.session.SqlSessionFactory; SearchStrategy: all) did not find any beans (OnBeanCondition)

   MybatisPlusAutoConfiguration#sqlSessionTemplate matched:
      - @ConditionalOnMissingBean (types: org.mybatis.spring.SqlSessionTemplate; SearchStrategy: all) did not find any beans (OnBeanCondition)

   MybatisPlusLanguageDriverAutoConfiguration matched:
      - @ConditionalOnClass found required class 'org.apache.ibatis.scripting.LanguageDriver' (OnClassCondition)

   NamedParameterJdbcTemplateConfiguration matched:
      - @ConditionalOnSingleCandidate (types: org.springframework.jdbc.core.JdbcTemplate; SearchStrategy: all) found a primary bean from beans 'jdbcTemplate'; @ConditionalOnMissingBean (types: org.springframework.jdbc.core.namedparam.NamedParameterJdbcOperations; SearchStrategy: all) did not find any beans (OnBeanCondition)

   NoOpCacheConfiguration matched:
      - Cache org.springframework.boot.autoconfigure.cache.NoOpCacheConfiguration automatic cache type (CacheCondition)

   PersistenceExceptionTranslationAutoConfiguration matched:
      - @ConditionalOnClass found required class 'org.springframework.dao.annotation.PersistenceExceptionTranslationPostProcessor' (OnClassCondition)

   PersistenceExceptionTranslationAutoConfiguration#persistenceExceptionTranslationPostProcessor matched:
      - @ConditionalOnProperty (spring.dao.exceptiontranslation.enabled) matched (OnPropertyCondition)
      - @ConditionalOnMissingBean (types: org.springframework.dao.annotation.PersistenceExceptionTranslationPostProcessor; SearchStrategy: all) did not find any beans (OnBeanCondition)

   PropertyPlaceholderAutoConfiguration#propertySourcesPlaceholderConfigurer matched:
      - @ConditionalOnMissingBean (types: org.springframework.context.support.PropertySourcesPlaceholderConfigurer; SearchStrategy: current) did not find any beans (OnBeanCondition)

   RefreshAutoConfiguration matched:
      - @ConditionalOnClass found required class 'org.springframework.cloud.context.scope.refresh.RefreshScope' (OnClassCondition)
      - @ConditionalOnProperty (spring.cloud.refresh.enabled) matched (OnPropertyCondition)

   RefreshAutoConfiguration#contextRefresher matched:
      - @ConditionalOnMissingBean (types: org.springframework.cloud.context.refresh.ContextRefresher; SearchStrategy: all) did not find any beans (OnBeanCondition)

   RefreshAutoConfiguration#loggingRebinder matched:
      - @ConditionalOnMissingBean (types: org.springframework.cloud.logging.LoggingRebinder; SearchStrategy: all) did not find any beans (OnBeanCondition)

   RefreshAutoConfiguration#refreshScope matched:
      - @ConditionalOnMissingBean (types: org.springframework.cloud.context.scope.refresh.RefreshScope; SearchStrategy: all) did not find any beans (OnBeanCondition)

   RestTemplateAutoConfiguration matched:
      - @ConditionalOnClass found required class 'org.springframework.web.client.RestTemplate' (OnClassCondition)
      - NoneNestedConditions 0 matched 1 did not; NestedCondition on RestTemplateAutoConfiguration.NotReactiveWebApplicationCondition.ReactiveWebApplication did not find reactive web application classes (RestTemplateAutoConfiguration.NotReactiveWebApplicationCondition)

   RestTemplateAutoConfiguration#restTemplateBuilder matched:
      - @ConditionalOnMissingBean (types: org.springframework.boot.web.client.RestTemplateBuilder; SearchStrategy: all) did not find any beans (OnBeanCondition)

   ServletWebServerFactoryAutoConfiguration matched:
      - @ConditionalOnClass found required class 'javax.servlet.ServletRequest' (OnClassCondition)
      - found 'session' scope (OnWebApplicationCondition)

   ServletWebServerFactoryAutoConfiguration#tomcatServletWebServerFactoryCustomizer matched:
      - @ConditionalOnClass found required class 'org.apache.catalina.startup.Tomcat' (OnClassCondition)

   ServletWebServerFactoryConfiguration.EmbeddedTomcat matched:
      - @ConditionalOnClass found required classes 'javax.servlet.Servlet', 'org.apache.catalina.startup.Tomcat', 'org.apache.coyote.UpgradeProtocol' (OnClassCondition)
      - @ConditionalOnMissingBean (types: org.springframework.boot.web.servlet.server.ServletWebServerFactory; SearchStrategy: current) did not find any beans (OnBeanCondition)

   SimpleCacheConfiguration matched:
      - Cache org.springframework.boot.autoconfigure.cache.SimpleCacheConfiguration automatic cache type (CacheCondition)

   SpringApplicationAdminJmxAutoConfiguration matched:
      - @ConditionalOnProperty (spring.application.admin.enabled=true) matched (OnPropertyCondition)

   SpringApplicationAdminJmxAutoConfiguration#springApplicationAdminRegistrar matched:
      - @ConditionalOnMissingBean (types: org.springframework.boot.admin.SpringApplicationAdminMXBeanRegistrar; SearchStrategy: all) did not find any beans (OnBeanCondition)

   Swagger2Configuration matched:
      - @ConditionalOnProperty (swagger.enabled) matched (OnPropertyCondition)

   Swagger2DocumentationConfiguration matched:
      - @ConditionalOnWebApplication (required) found 'session' scope (OnWebApplicationCondition)

   SwaggerAutoConfiguration#createRestApi matched:
      - @ConditionalOnProperty (swagger.enabled) matched (OnPropertyCondition)
      - @ConditionalOnBean (types: springfox.documentation.swagger.web.UiConfiguration; SearchStrategy: all) found bean 'uiConfiguration'; @ConditionalOnMissingBean (types: java.util.List; SearchStrategy: all) did not find any beans (OnBeanCondition)

   SwaggerAutoConfiguration#swaggerProperties matched:
      - @ConditionalOnMissingBean (types: com.spring4all.swagger.SwaggerProperties; SearchStrategy: all) did not find any beans (OnBeanCondition)

   TaskExecutionAutoConfiguration matched:
      - @ConditionalOnClass found required class 'org.springframework.scheduling.concurrent.ThreadPoolTaskExecutor' (OnClassCondition)

   TaskExecutionAutoConfiguration#applicationTaskExecutor matched:
      - @ConditionalOnMissingBean (types: java.util.concurrent.Executor; SearchStrategy: all) did not find any beans (OnBeanCondition)

   TaskExecutionAutoConfiguration#taskExecutorBuilder matched:
      - @ConditionalOnMissingBean (types: org.springframework.boot.task.TaskExecutorBuilder; SearchStrategy: all) did not find any beans (OnBeanCondition)

   TaskSchedulingAutoConfiguration matched:
      - @ConditionalOnClass found required class 'org.springframework.scheduling.concurrent.ThreadPoolTaskScheduler' (OnClassCondition)

   TaskSchedulingAutoConfiguration#taskSchedulerBuilder matched:
      - @ConditionalOnMissingBean (types: org.springframework.boot.task.TaskSchedulerBuilder; SearchStrategy: all) did not find any beans (OnBeanCondition)

   TransactionAutoConfiguration matched:
      - @ConditionalOnClass found required class 'org.springframework.transaction.PlatformTransactionManager' (OnClassCondition)

   TransactionAutoConfiguration#platformTransactionManagerCustomizers matched:
      - @ConditionalOnMissingBean (types: org.springframework.boot.autoconfigure.transaction.TransactionManagerCustomizers; SearchStrategy: all) did not find any beans (OnBeanCondition)

   TransactionAutoConfiguration.EnableTransactionManagementConfiguration matched:
      - @ConditionalOnBean (types: org.springframework.transaction.TransactionManager; SearchStrategy: all) found bean 'transactionManager'; @ConditionalOnMissingBean (types: org.springframework.transaction.annotation.AbstractTransactionManagementConfiguration; SearchStrategy: all) did not find any beans (OnBeanCondition)

   TransactionAutoConfiguration.EnableTransactionManagementConfiguration.CglibAutoProxyConfiguration matched:
      - @ConditionalOnProperty (spring.aop.proxy-target-class=true) matched (OnPropertyCondition)

   TransactionAutoConfiguration.TransactionTemplateConfiguration matched:
      - @ConditionalOnSingleCandidate (types: org.springframework.transaction.PlatformTransactionManager; SearchStrategy: all) found a primary bean from beans 'transactionManager' (OnBeanCondition)

   TransactionAutoConfiguration.TransactionTemplateConfiguration#transactionTemplate matched:
      - @ConditionalOnMissingBean (types: org.springframework.transaction.support.TransactionOperations; SearchStrategy: all) did not find any beans (OnBeanCondition)

   ValidationAutoConfiguration matched:
      - @ConditionalOnClass found required class 'javax.validation.executable.ExecutableValidator' (OnClassCondition)
      - @ConditionalOnResource found location classpath:META-INF/services/javax.validation.spi.ValidationProvider (OnResourceCondition)

   ValidationAutoConfiguration#defaultValidator matched:
      - @ConditionalOnMissingBean (types: javax.validation.Validator; SearchStrategy: all) did not find any beans (OnBeanCondition)

   ValidationAutoConfiguration#methodValidationPostProcessor matched:
      - @ConditionalOnMissingBean (types: org.springframework.validation.beanvalidation.MethodValidationPostProcessor; SearchStrategy: all) did not find any beans (OnBeanCondition)

   WebMvcAutoConfiguration matched:
      - @ConditionalOnClass found required classes 'javax.servlet.Servlet', 'org.springframework.web.servlet.DispatcherServlet', 'org.springframework.web.servlet.config.annotation.WebMvcConfigurer' (OnClassCondition)
      - found 'session' scope (OnWebApplicationCondition)
      - @ConditionalOnMissingBean (types: org.springframework.web.servlet.config.annotation.WebMvcConfigurationSupport; SearchStrategy: all) did not find any beans (OnBeanCondition)

   WebMvcAutoConfiguration#formContentFilter matched:
      - @ConditionalOnProperty (spring.mvc.formcontent.filter.enabled) matched (OnPropertyCondition)
      - @ConditionalOnMissingBean (types: org.springframework.web.filter.FormContentFilter; SearchStrategy: all) did not find any beans (OnBeanCondition)

   WebMvcAutoConfiguration.WebMvcAutoConfigurationAdapter#defaultViewResolver matched:
      - @ConditionalOnMissingBean (types: org.springframework.web.servlet.view.InternalResourceViewResolver; SearchStrategy: all) did not find any beans (OnBeanCondition)

   WebMvcAutoConfiguration.WebMvcAutoConfigurationAdapter#requestContextFilter matched:
      - @ConditionalOnMissingBean (types: org.springframework.web.context.request.RequestContextListener,org.springframework.web.filter.RequestContextFilter; SearchStrategy: all) did not find any beans (OnBeanCondition)

   WebMvcAutoConfiguration.WebMvcAutoConfigurationAdapter#viewResolver matched:
      - @ConditionalOnBean (types: org.springframework.web.servlet.ViewResolver; SearchStrategy: all) found beans 'defaultViewResolver', 'beanNameViewResolver', 'mvcViewResolver'; @ConditionalOnMissingBean (names: viewResolver types: org.springframework.web.servlet.view.ContentNegotiatingViewResolver; SearchStrategy: all) did not find any beans (OnBeanCondition)

   WebSocketServletAutoConfiguration matched:
      - @ConditionalOnClass found required classes 'javax.servlet.Servlet', 'javax.websocket.server.ServerContainer' (OnClassCondition)
      - found 'session' scope (OnWebApplicationCondition)

   WebSocketServletAutoConfiguration.TomcatWebSocketConfiguration matched:
      - @ConditionalOnClass found required classes 'org.apache.catalina.startup.Tomcat', 'org.apache.tomcat.websocket.server.WsSci' (OnClassCondition)

   WebSocketServletAutoConfiguration.TomcatWebSocketConfiguration#websocketServletWebServerCustomizer matched:
      - @ConditionalOnMissingBean (names: websocketServletWebServerCustomizer; SearchStrategy: all) did not find any beans (OnBeanCondition)


Negative matches:
-----------------

   ActiveMQAutoConfiguration:
      Did not match:
         - @ConditionalOnClass did not find required class 'javax.jms.ConnectionFactory' (OnClassCondition)

   AopAutoConfiguration.AspectJAutoProxyingConfiguration:
      Did not match:
         - @ConditionalOnClass did not find required class 'org.aspectj.weaver.Advice' (OnClassCondition)

   ArtemisAutoConfiguration:
      Did not match:
         - @ConditionalOnClass did not find required class 'javax.jms.ConnectionFactory' (OnClassCondition)

   BatchAutoConfiguration:
      Did not match:
         - @ConditionalOnClass did not find required class 'org.springframework.batch.core.launch.JobLauncher' (OnClassCondition)

   CacheAutoConfiguration:
      Did not match:
         - @ConditionalOnBean (types: org.springframework.cache.interceptor.CacheAspectSupport; SearchStrategy: all) did not find any beans of type org.springframework.cache.interceptor.CacheAspectSupport (OnBeanCondition)
      Matched:
         - @ConditionalOnClass found required class 'org.springframework.cache.CacheManager' (OnClassCondition)

   CacheAutoConfiguration.CacheManagerEntityManagerFactoryDependsOnPostProcessor:
      Did not match:
         - @ConditionalOnClass did not find required class 'org.springframework.orm.jpa.LocalContainerEntityManagerFactoryBean' (OnClassCondition)
         - Ancestor org.springframework.boot.autoconfigure.cache.CacheAutoConfiguration did not match (ConditionEvaluationReport.AncestorsMatchedCondition)

   CaffeineCacheConfiguration:
      Did not match:
         - @ConditionalOnClass did not find required class 'com.github.benmanes.caffeine.cache.Caffeine' (OnClassCondition)

   CassandraAutoConfiguration:
      Did not match:
         - @ConditionalOnClass did not find required class 'com.datastax.oss.driver.api.core.CqlSession' (OnClassCondition)

   CassandraDataAutoConfiguration:
      Did not match:
         - @ConditionalOnClass did not find required class 'com.datastax.oss.driver.api.core.CqlSession' (OnClassCondition)

   CassandraReactiveDataAutoConfiguration:
      Did not match:
         - @ConditionalOnClass did not find required class 'com.datastax.oss.driver.api.core.CqlSession' (OnClassCondition)

   CassandraReactiveRepositoriesAutoConfiguration:
      Did not match:
         - @ConditionalOnClass did not find required class 'org.springframework.data.cassandra.ReactiveSession' (OnClassCondition)

   CassandraRepositoriesAutoConfiguration:
      Did not match:
         - @ConditionalOnClass did not find required class 'com.datastax.oss.driver.api.core.CqlSession' (OnClassCondition)

   ClientHttpConnectorAutoConfiguration:
      Did not match:
         - @ConditionalOnClass did not find required class 'org.springframework.web.reactive.function.client.WebClient' (OnClassCondition)

   CodecsAutoConfiguration:
      Did not match:
         - @ConditionalOnClass did not find required class 'org.springframework.web.reactive.function.client.WebClient' (OnClassCondition)

   CouchbaseAutoConfiguration:
      Did not match:
         - @ConditionalOnClass did not find required class 'com.couchbase.client.java.Cluster' (OnClassCondition)

   CouchbaseCacheConfiguration:
      Did not match:
         - @ConditionalOnClass did not find required class 'com.couchbase.client.java.Cluster' (OnClassCondition)

   CouchbaseDataAutoConfiguration:
      Did not match:
         - @ConditionalOnClass did not find required class 'com.couchbase.client.java.Bucket' (OnClassCondition)

   CouchbaseReactiveDataAutoConfiguration:
      Did not match:
         - @ConditionalOnClass did not find required class 'com.couchbase.client.java.Cluster' (OnClassCondition)

   CouchbaseReactiveRepositoriesAutoConfiguration:
      Did not match:
         - @ConditionalOnClass did not find required class 'com.couchbase.client.java.Cluster' (OnClassCondition)

   CouchbaseRepositoriesAutoConfiguration:
      Did not match:
         - @ConditionalOnClass did not find required class 'com.couchbase.client.java.Bucket' (OnClassCondition)

   DataSourceAutoConfiguration.EmbeddedDatabaseConfiguration:
      Did not match:
         - EmbeddedDataSource spring.datasource.url is set (DataSourceAutoConfiguration.EmbeddedDatabaseCondition)

   DataSourceConfiguration.Dbcp2:
      Did not match:
         - @ConditionalOnClass did not find required class 'org.apache.commons.dbcp2.BasicDataSource' (OnClassCondition)

   DataSourceConfiguration.Generic:
      Did not match:
         - @ConditionalOnProperty (spring.datasource.type) did not find property 'spring.datasource.type' (OnPropertyCondition)

   DataSourceConfiguration.Tomcat:
      Did not match:
         - @ConditionalOnClass did not find required class 'org.apache.tomcat.jdbc.pool.DataSource' (OnClassCondition)

   DataSourceJmxConfiguration.TomcatDataSourceJmxConfiguration:
      Did not match:
         - @ConditionalOnClass did not find required class 'org.apache.tomcat.jdbc.pool.DataSourceProxy' (OnClassCondition)

   DataSourcePoolMetadataProvidersConfiguration.CommonsDbcp2PoolDataSourceMetadataProviderConfiguration:
      Did not match:
         - @ConditionalOnClass did not find required class 'org.apache.commons.dbcp2.BasicDataSource' (OnClassCondition)

   DataSourcePoolMetadataProvidersConfiguration.TomcatDataSourcePoolMetadataProviderConfiguration:
      Did not match:
         - @ConditionalOnClass did not find required class 'org.apache.tomcat.jdbc.pool.DataSource' (OnClassCondition)

   DispatcherServletAutoConfiguration.DispatcherServletConfiguration#multipartResolver:
      Did not match:
         - @ConditionalOnBean (types: org.springframework.web.multipart.MultipartResolver; SearchStrategy: all) did not find any beans of type org.springframework.web.multipart.MultipartResolver (OnBeanCondition)

   EhCacheCacheConfiguration:
      Did not match:
         - @ConditionalOnClass did not find required class 'net.sf.ehcache.Cache' (OnClassCondition)

   ElasticsearchDataAutoConfiguration:
      Did not match:
         - @ConditionalOnClass did not find required class 'org.springframework.data.elasticsearch.core.ElasticsearchTemplate' (OnClassCondition)

   ElasticsearchRepositoriesAutoConfiguration:
      Did not match:
         - @ConditionalOnClass did not find required class 'org.elasticsearch.client.Client' (OnClassCondition)

   ElasticsearchRestClientAutoConfiguration:
      Did not match:
         - @ConditionalOnClass did not find required class 'org.elasticsearch.client.RestClient' (OnClassCondition)

   EmbeddedLdapAutoConfiguration:
      Did not match:
         - @ConditionalOnClass did not find required class 'com.unboundid.ldap.listener.InMemoryDirectoryServer' (OnClassCondition)

   EmbeddedMongoAutoConfiguration:
      Did not match:
         - @ConditionalOnClass did not find required class 'com.mongodb.MongoClientSettings' (OnClassCondition)

   EmbeddedWebServerFactoryCustomizerAutoConfiguration.JettyWebServerFactoryCustomizerConfiguration:
      Did not match:
         - @ConditionalOnClass did not find required classes 'org.eclipse.jetty.server.Server', 'org.eclipse.jetty.util.Loader', 'org.eclipse.jetty.webapp.WebAppContext' (OnClassCondition)

   EmbeddedWebServerFactoryCustomizerAutoConfiguration.NettyWebServerFactoryCustomizerConfiguration:
      Did not match:
         - @ConditionalOnClass did not find required class 'reactor.netty.http.server.HttpServer' (OnClassCondition)

   EmbeddedWebServerFactoryCustomizerAutoConfiguration.UndertowWebServerFactoryCustomizerConfiguration:
      Did not match:
         - @ConditionalOnClass did not find required classes 'io.undertow.Undertow', 'org.xnio.SslClientAuthMode' (OnClassCondition)

   ErrorWebFluxAutoConfiguration:
      Did not match:
         - @ConditionalOnClass did not find required class 'org.springframework.web.reactive.config.WebFluxConfigurer' (OnClassCondition)

   FlywayAutoConfiguration:
      Did not match:
         - @ConditionalOnClass did not find required class 'org.flywaydb.core.Flyway' (OnClassCondition)

   FreeMarkerAutoConfiguration:
      Did not match:
         - @ConditionalOnClass did not find required class 'freemarker.template.Configuration' (OnClassCondition)

   GroovyTemplateAutoConfiguration:
      Did not match:
         - @ConditionalOnClass did not find required class 'groovy.text.markup.MarkupTemplateEngine' (OnClassCondition)

   GsonAutoConfiguration:
      Did not match:
         - @ConditionalOnClass did not find required class 'com.google.gson.Gson' (OnClassCondition)

   GsonHttpMessageConvertersConfiguration:
      Did not match:
         - @ConditionalOnClass did not find required class 'com.google.gson.Gson' (OnClassCondition)

   H2ConsoleAutoConfiguration:
      Did not match:
         - @ConditionalOnClass did not find required class 'org.h2.server.web.WebServlet' (OnClassCondition)

   HazelcastAutoConfiguration:
      Did not match:
         - @ConditionalOnClass did not find required class 'com.hazelcast.core.HazelcastInstance' (OnClassCondition)

   HazelcastCacheConfiguration:
      Did not match:
         - @ConditionalOnClass did not find required class 'com.hazelcast.core.HazelcastInstance' (OnClassCondition)

   HazelcastJpaDependencyAutoConfiguration:
      Did not match:
         - @ConditionalOnClass did not find required class 'com.hazelcast.core.HazelcastInstance' (OnClassCondition)

   HibernateJpaAutoConfiguration:
      Did not match:
         - @ConditionalOnClass did not find required class 'javax.persistence.EntityManager' (OnClassCondition)

   HttpHandlerAutoConfiguration:
      Did not match:
         - @ConditionalOnClass did not find required class 'org.springframework.web.reactive.DispatcherHandler' (OnClassCondition)

   HypermediaAutoConfiguration:
      Did not match:
         - @ConditionalOnClass did not find required class 'org.springframework.hateoas.EntityModel' (OnClassCondition)

   InfinispanCacheConfiguration:
      Did not match:
         - @ConditionalOnClass did not find required class 'org.infinispan.spring.embedded.provider.SpringEmbeddedCacheManager' (OnClassCondition)

   InfluxDbAutoConfiguration:
      Did not match:
         - @ConditionalOnClass did not find required class 'org.influxdb.InfluxDB' (OnClassCondition)

   IntegrationAutoConfiguration:
      Did not match:
         - @ConditionalOnClass did not find required class 'org.springframework.integration.config.EnableIntegration' (OnClassCondition)

   JCacheCacheConfiguration:
      Did not match:
         - @ConditionalOnClass did not find required class 'javax.cache.Caching' (OnClassCondition)

   JacksonHttpMessageConvertersConfiguration.MappingJackson2XmlHttpMessageConverterConfiguration:
      Did not match:
         - @ConditionalOnClass did not find required class 'com.fasterxml.jackson.dataformat.xml.XmlMapper' (OnClassCondition)

   JdbcRepositoriesAutoConfiguration:
      Did not match:
         - @ConditionalOnClass did not find required class 'org.springframework.data.jdbc.repository.config.AbstractJdbcConfiguration' (OnClassCondition)

   JerseyAutoConfiguration:
      Did not match:
         - @ConditionalOnClass did not find required class 'org.glassfish.jersey.server.spring.SpringComponentProvider' (OnClassCondition)

   JmsAutoConfiguration:
      Did not match:
         - @ConditionalOnClass did not find required class 'javax.jms.Message' (OnClassCondition)

   JndiConnectionFactoryAutoConfiguration:
      Did not match:
         - @ConditionalOnClass did not find required class 'org.springframework.jms.core.JmsTemplate' (OnClassCondition)

   JndiDataSourceAutoConfiguration:
      Did not match:
         - @ConditionalOnProperty (spring.datasource.jndi-name) did not find property 'jndi-name' (OnPropertyCondition)
      Matched:
         - @ConditionalOnClass found required classes 'javax.sql.DataSource', 'org.springframework.jdbc.datasource.embedded.EmbeddedDatabaseType' (OnClassCondition)

   JooqAutoConfiguration:
      Did not match:
         - @ConditionalOnClass did not find required class 'org.jooq.DSLContext' (OnClassCondition)

   JpaRepositoriesAutoConfiguration:
      Did not match:
         - @ConditionalOnClass did not find required class 'org.springframework.data.jpa.repository.JpaRepository' (OnClassCondition)

   JsonbAutoConfiguration:
      Did not match:
         - @ConditionalOnClass did not find required class 'javax.json.bind.Jsonb' (OnClassCondition)

   JsonbHttpMessageConvertersConfiguration:
      Did not match:
         - @ConditionalOnClass did not find required class 'javax.json.bind.Jsonb' (OnClassCondition)

   JtaAutoConfiguration:
      Did not match:
         - @ConditionalOnClass did not find required class 'javax.transaction.Transaction' (OnClassCondition)

   KafkaAutoConfiguration:
      Did not match:
         - @ConditionalOnClass did not find required class 'org.springframework.kafka.core.KafkaTemplate' (OnClassCondition)

   LdapAutoConfiguration:
      Did not match:
         - @ConditionalOnClass did not find required class 'org.springframework.ldap.core.ContextSource' (OnClassCondition)

   LdapRepositoriesAutoConfiguration:
      Did not match:
         - @ConditionalOnClass did not find required class 'org.springframework.data.ldap.repository.LdapRepository' (OnClassCondition)

   LiquibaseAutoConfiguration:
      Did not match:
         - @ConditionalOnClass did not find required class 'liquibase.change.DatabaseChange' (OnClassCondition)

   MailSenderAutoConfiguration:
      Did not match:
         - @ConditionalOnClass did not find required class 'javax.activation.MimeType' (OnClassCondition)

   MailSenderValidatorAutoConfiguration:
      Did not match:
         - @ConditionalOnSingleCandidate did not find required type 'org.springframework.mail.javamail.JavaMailSenderImpl' (OnBeanCondition)

   MessageSourceAutoConfiguration:
      Did not match:
         - ResourceBundle did not find bundle with basename messages (MessageSourceAutoConfiguration.ResourceBundleCondition)

   MongoAutoConfiguration:
      Did not match:
         - @ConditionalOnClass did not find required class 'com.mongodb.client.MongoClient' (OnClassCondition)

   MongoDataAutoConfiguration:
      Did not match:
         - @ConditionalOnClass did not find required class 'com.mongodb.client.MongoClient' (OnClassCondition)

   MongoReactiveAutoConfiguration:
      Did not match:
         - @ConditionalOnClass did not find required class 'com.mongodb.reactivestreams.client.MongoClient' (OnClassCondition)

   MongoReactiveDataAutoConfiguration:
      Did not match:
         - @ConditionalOnClass did not find required class 'com.mongodb.reactivestreams.client.MongoClient' (OnClassCondition)

   MongoReactiveRepositoriesAutoConfiguration:
      Did not match:
         - @ConditionalOnClass did not find required class 'com.mongodb.reactivestreams.client.MongoClient' (OnClassCondition)

   MongoRepositoriesAutoConfiguration:
      Did not match:
         - @ConditionalOnClass did not find required class 'com.mongodb.client.MongoClient' (OnClassCondition)

   MustacheAutoConfiguration:
      Did not match:
         - @ConditionalOnClass did not find required class 'com.samskivert.mustache.Mustache' (OnClassCondition)

   MybatisPlusAutoConfiguration.MapperScannerRegistrarNotFoundConfiguration:
      Did not match:
         - @ConditionalOnMissingBean (types: org.mybatis.spring.mapper.MapperFactoryBean,org.mybatis.spring.mapper.MapperScannerConfigurer; SearchStrategy: all) found beans of type 'org.mybatis.spring.mapper.MapperScannerConfigurer' com.xuecheng.content.config.MybatisPlusConfig#MapperScannerRegistrar#0 (OnBeanCondition)

   MybatisPlusLanguageDriverAutoConfiguration.FreeMarkerConfiguration:
      Did not match:
         - @ConditionalOnClass did not find required classes 'org.mybatis.scripting.freemarker.FreeMarkerLanguageDriver', 'org.mybatis.scripting.freemarker.FreeMarkerLanguageDriverConfig' (OnClassCondition)

   MybatisPlusLanguageDriverAutoConfiguration.LegacyFreeMarkerConfiguration:
      Did not match:
         - @ConditionalOnClass did not find required class 'org.mybatis.scripting.freemarker.FreeMarkerLanguageDriver' (OnClassCondition)

   MybatisPlusLanguageDriverAutoConfiguration.ThymeleafConfiguration:
      Did not match:
         - @ConditionalOnClass did not find required class 'org.mybatis.scripting.thymeleaf.ThymeleafLanguageDriver' (OnClassCondition)

   MybatisPlusLanguageDriverAutoConfiguration.VelocityConfiguration:
      Did not match:
         - @ConditionalOnClass did not find required classes 'org.mybatis.scripting.velocity.VelocityLanguageDriver', 'org.mybatis.scripting.velocity.VelocityLanguageDriverConfig' (OnClassCondition)

   Neo4jDataAutoConfiguration:
      Did not match:
         - @ConditionalOnClass did not find required class 'org.neo4j.ogm.session.SessionFactory' (OnClassCondition)

   Neo4jRepositoriesAutoConfiguration:
      Did not match:
         - @ConditionalOnClass did not find required class 'org.neo4j.ogm.session.Neo4jSession' (OnClassCondition)

   OAuth2ClientAutoConfiguration:
      Did not match:
         - @ConditionalOnClass did not find required class 'org.springframework.security.config.annotation.web.configuration.EnableWebSecurity' (OnClassCondition)

   OAuth2ResourceServerAutoConfiguration:
      Did not match:
         - @ConditionalOnClass did not find required class 'org.springframework.security.oauth2.server.resource.BearerTokenAuthenticationToken' (OnClassCondition)

   ProjectInfoAutoConfiguration#buildProperties:
      Did not match:
         - @ConditionalOnResource did not find resource '${spring.info.build.location:classpath:META-INF/build-info.properties}' (OnResourceCondition)

   ProjectInfoAutoConfiguration#gitProperties:
      Did not match:
         - GitResource did not find git info at classpath:git.properties (ProjectInfoAutoConfiguration.GitResourceAvailableCondition)

   QuartzAutoConfiguration:
      Did not match:
         - @ConditionalOnClass did not find required class 'org.quartz.Scheduler' (OnClassCondition)

   R2dbcAutoConfiguration:
      Did not match:
         - @ConditionalOnClass did not find required class 'io.r2dbc.spi.ConnectionFactory' (OnClassCondition)

   R2dbcDataAutoConfiguration:
      Did not match:
         - @ConditionalOnClass did not find required class 'org.springframework.data.r2dbc.core.DatabaseClient' (OnClassCondition)

   R2dbcRepositoriesAutoConfiguration:
      Did not match:
         - @ConditionalOnClass did not find required class 'io.r2dbc.spi.ConnectionFactory' (OnClassCondition)

   R2dbcTransactionManagerAutoConfiguration:
      Did not match:
         - @ConditionalOnClass did not find required class 'org.springframework.data.r2dbc.connectionfactory.R2dbcTransactionManager' (OnClassCondition)

   RSocketMessagingAutoConfiguration:
      Did not match:
         - @ConditionalOnClass did not find required class 'io.rsocket.RSocketFactory' (OnClassCondition)

   RSocketRequesterAutoConfiguration:
      Did not match:
         - @ConditionalOnClass did not find required class 'io.rsocket.RSocketFactory' (OnClassCondition)

   RSocketSecurityAutoConfiguration:
      Did not match:
         - @ConditionalOnClass did not find required class 'org.springframework.security.rsocket.core.SecuritySocketAcceptorInterceptor' (OnClassCondition)

   RSocketServerAutoConfiguration:
      Did not match:
         - @ConditionalOnClass did not find required class 'io.rsocket.core.RSocketServer' (OnClassCondition)

   RSocketStrategiesAutoConfiguration:
      Did not match:
         - @ConditionalOnClass did not find required class 'io.netty.buffer.PooledByteBufAllocator' (OnClassCondition)

   RabbitAutoConfiguration:
      Did not match:
         - @ConditionalOnClass did not find required class 'com.rabbitmq.client.Channel' (OnClassCondition)

   ReactiveElasticsearchRepositoriesAutoConfiguration:
      Did not match:
         - @ConditionalOnClass did not find required class 'org.springframework.data.elasticsearch.client.reactive.ReactiveElasticsearchClient' (OnClassCondition)

   ReactiveElasticsearchRestClientAutoConfiguration:
      Did not match:
         - @ConditionalOnClass did not find required class 'reactor.netty.http.client.HttpClient' (OnClassCondition)

   ReactiveOAuth2ClientAutoConfiguration:
      Did not match:
         - @ConditionalOnClass did not find required class 'reactor.core.publisher.Flux' (OnClassCondition)

   ReactiveOAuth2ResourceServerAutoConfiguration:
      Did not match:
         - @ConditionalOnClass did not find required class 'org.springframework.security.config.annotation.web.reactive.EnableWebFluxSecurity' (OnClassCondition)

   ReactiveSecurityAutoConfiguration:
      Did not match:
         - @ConditionalOnClass did not find required class 'reactor.core.publisher.Flux' (OnClassCondition)

   ReactiveUserDetailsServiceAutoConfiguration:
      Did not match:
         - @ConditionalOnClass did not find required class 'org.springframework.security.authentication.ReactiveAuthenticationManager' (OnClassCondition)

   ReactiveWebServerFactoryAutoConfiguration:
      Did not match:
         - @ConditionalOnWebApplication did not find reactive web application classes (OnWebApplicationCondition)

   RedisAutoConfiguration:
      Did not match:
         - @ConditionalOnClass did not find required class 'org.springframework.data.redis.core.RedisOperations' (OnClassCondition)

   RedisCacheConfiguration:
      Did not match:
         - @ConditionalOnClass did not find required class 'org.springframework.data.redis.connection.RedisConnectionFactory' (OnClassCondition)

   RedisReactiveAutoConfiguration:
      Did not match:
         - @ConditionalOnClass did not find required class 'reactor.core.publisher.Flux' (OnClassCondition)

   RedisRepositoriesAutoConfiguration:
      Did not match:
         - @ConditionalOnClass did not find required class 'org.springframework.data.redis.repository.configuration.EnableRedisRepositories' (OnClassCondition)

   RefreshAutoConfiguration.JpaInvokerConfiguration:
      Did not match:
         - @ConditionalOnClass did not find required class 'javax.persistence.EntityManagerFactory' (OnClassCondition)

   RefreshEndpointAutoConfiguration:
      Did not match:
         - @ConditionalOnClass did not find required class 'org.springframework.boot.actuate.autoconfigure.endpoint.EndpointAutoConfiguration' (OnClassCondition)

   RepositoryRestMvcAutoConfiguration:
      Did not match:
         - @ConditionalOnClass did not find required class 'org.springframework.data.rest.webmvc.config.RepositoryRestMvcConfiguration' (OnClassCondition)

   Saml2RelyingPartyAutoConfiguration:
      Did not match:
         - @ConditionalOnClass did not find required class 'org.springframework.security.saml2.provider.service.registration.RelyingPartyRegistrationRepository' (OnClassCondition)

   SecurityAutoConfiguration:
      Did not match:
         - @ConditionalOnClass did not find required class 'org.springframework.security.authentication.DefaultAuthenticationEventPublisher' (OnClassCondition)

   SecurityFilterAutoConfiguration:
      Did not match:
         - @ConditionalOnClass did not find required class 'org.springframework.security.config.http.SessionCreationPolicy' (OnClassCondition)

   SendGridAutoConfiguration:
      Did not match:
         - @ConditionalOnClass did not find required class 'com.sendgrid.SendGrid' (OnClassCondition)

   ServletWebServerFactoryAutoConfiguration#forwardedHeaderFilter:
      Did not match:
         - @ConditionalOnProperty (server.forward-headers-strategy=framework) did not find property 'server.forward-headers-strategy' (OnPropertyCondition)

   ServletWebServerFactoryConfiguration.EmbeddedJetty:
      Did not match:
         - @ConditionalOnClass did not find required classes 'org.eclipse.jetty.server.Server', 'org.eclipse.jetty.util.Loader', 'org.eclipse.jetty.webapp.WebAppContext' (OnClassCondition)

   ServletWebServerFactoryConfiguration.EmbeddedUndertow:
      Did not match:
         - @ConditionalOnClass did not find required classes 'io.undertow.Undertow', 'org.xnio.SslClientAuthMode' (OnClassCondition)

   SessionAutoConfiguration:
      Did not match:
         - @ConditionalOnClass did not find required class 'org.springframework.session.Session' (OnClassCondition)

   SolrAutoConfiguration:
      Did not match:
         - @ConditionalOnClass did not find required class 'org.apache.solr.client.solrj.impl.CloudSolrClient' (OnClassCondition)

   SolrRepositoriesAutoConfiguration:
      Did not match:
         - @ConditionalOnClass did not find required class 'org.apache.solr.client.solrj.SolrClient' (OnClassCondition)

   SpringDataWebAutoConfiguration:
      Did not match:
         - @ConditionalOnClass did not find required class 'org.springframework.data.web.PageableHandlerMethodArgumentResolver' (OnClassCondition)

   TaskSchedulingAutoConfiguration#taskScheduler:
      Did not match:
         - @ConditionalOnBean (names: org.springframework.context.annotation.internalScheduledAnnotationProcessor; SearchStrategy: all) did not find any beans named org.springframework.context.annotation.internalScheduledAnnotationProcessor (OnBeanCondition)

   ThymeleafAutoConfiguration:
      Did not match:
         - @ConditionalOnClass did not find required class 'org.thymeleaf.spring5.SpringTemplateEngine' (OnClassCondition)

   TransactionAutoConfiguration#transactionalOperator:
      Did not match:
         - @ConditionalOnSingleCandidate (types: org.springframework.transaction.ReactiveTransactionManager; SearchStrategy: all) did not find any beans (OnBeanCondition)

   TransactionAutoConfiguration.EnableTransactionManagementConfiguration.JdkDynamicAutoProxyConfiguration:
      Did not match:
         - @ConditionalOnProperty (spring.aop.proxy-target-class=false) did not find property 'proxy-target-class' (OnPropertyCondition)

   UserDetailsServiceAutoConfiguration:
      Did not match:
         - @ConditionalOnClass did not find required class 'org.springframework.security.authentication.AuthenticationManager' (OnClassCondition)

   WebClientAutoConfiguration:
      Did not match:
         - @ConditionalOnClass did not find required class 'org.springframework.web.reactive.function.client.WebClient' (OnClassCondition)

   WebFluxAutoConfiguration:
      Did not match:
         - @ConditionalOnClass did not find required class 'org.springframework.web.reactive.config.WebFluxConfigurer' (OnClassCondition)

   WebMvcAutoConfiguration#hiddenHttpMethodFilter:
      Did not match:
         - @ConditionalOnProperty (spring.mvc.hiddenmethod.filter.enabled) did not find property 'enabled' (OnPropertyCondition)

   WebMvcAutoConfiguration.ResourceChainCustomizerConfiguration:
      Did not match:
         - @ConditionalOnEnabledResourceChain did not find class org.webjars.WebJarAssetLocator (OnEnabledResourceChainCondition)

   WebMvcAutoConfiguration.WebMvcAutoConfigurationAdapter#beanNameViewResolver:
      Did not match:
         - @ConditionalOnMissingBean (types: org.springframework.web.servlet.view.BeanNameViewResolver; SearchStrategy: all) found beans of type 'org.springframework.web.servlet.view.BeanNameViewResolver' beanNameViewResolver (OnBeanCondition)

   WebMvcAutoConfiguration.WebMvcAutoConfigurationAdapter#localeResolver:
      Did not match:
         - @ConditionalOnProperty (spring.mvc.locale) did not find property 'locale' (OnPropertyCondition)

   WebServiceTemplateAutoConfiguration:
      Did not match:
         - @ConditionalOnClass did not find required class 'org.springframework.oxm.Marshaller' (OnClassCondition)

   WebServicesAutoConfiguration:
      Did not match:
         - @ConditionalOnClass did not find required class 'org.springframework.ws.transport.http.MessageDispatcherServlet' (OnClassCondition)

   WebSocketMessagingAutoConfiguration:
      Did not match:
         - @ConditionalOnClass did not find required class 'org.springframework.web.socket.config.annotation.WebSocketMessageBrokerConfigurer' (OnClassCondition)

   WebSocketReactiveAutoConfiguration:
      Did not match:
         - @ConditionalOnWebApplication did not find reactive web application classes (OnWebApplicationCondition)

   WebSocketServletAutoConfiguration.JettyWebSocketConfiguration:
      Did not match:
         - @ConditionalOnClass did not find required class 'org.eclipse.jetty.websocket.jsr356.server.deploy.WebSocketServerContainerInitializer' (OnClassCondition)

   WebSocketServletAutoConfiguration.UndertowWebSocketConfiguration:
      Did not match:
         - @ConditionalOnClass did not find required class 'io.undertow.websockets.jsr.Bootstrap' (OnClassCondition)

   WritableEnvironmentEndpointAutoConfiguration:
      Did not match:
         - @ConditionalOnClass did not find required class 'org.springframework.boot.actuate.autoconfigure.env.EnvironmentEndpointProperties' (OnClassCondition)

   XADataSourceAutoConfiguration:
      Did not match:
         - @ConditionalOnClass did not find required class 'javax.transaction.TransactionManager' (OnClassCondition)


Exclusions:
-----------

    None


Unconditional classes:
----------------------

    org.springframework.boot.autoconfigure.context.ConfigurationPropertiesAutoConfiguration

    org.springframework.boot.autoconfigure.context.LifecycleAutoConfiguration

    org.springframework.boot.autoconfigure.context.PropertyPlaceholderAutoConfiguration

    org.springframework.cloud.autoconfigure.LifecycleMvcEndpointAutoConfiguration

    org.springframework.boot.autoconfigure.availability.ApplicationAvailabilityAutoConfiguration

    org.springframework.boot.autoconfigure.info.ProjectInfoAutoConfiguration



2025-03-08 15:01:03,618 DEBUG [main][ConditionEvaluationReportLoggingListener.java:126] - 


============================
CONDITIONS EVALUATION REPORT
============================


Positive matches:
-----------------

   AopAutoConfiguration matched:
      - @ConditionalOnProperty (spring.aop.auto=true) matched (OnPropertyCondition)

   AopAutoConfiguration.ClassProxyingConfiguration matched:
      - @ConditionalOnMissingClass did not find unwanted class 'org.aspectj.weaver.Advice' (OnClassCondition)
      - @ConditionalOnProperty (spring.aop.proxy-target-class=true) matched (OnPropertyCondition)

   ConfigurationPropertiesRebinderAutoConfiguration matched:
      - @ConditionalOnBean (types: org.springframework.boot.context.properties.ConfigurationPropertiesBindingPostProcessor; SearchStrategy: all) found bean 'org.springframework.boot.context.properties.ConfigurationPropertiesBindingPostProcessor' (OnBeanCondition)

   ConfigurationPropertiesRebinderAutoConfiguration#configurationPropertiesBeans matched:
      - @ConditionalOnMissingBean (types: org.springframework.cloud.context.properties.ConfigurationPropertiesBeans; SearchStrategy: current) did not find any beans (OnBeanCondition)

   ConfigurationPropertiesRebinderAutoConfiguration#configurationPropertiesRebinder matched:
      - @ConditionalOnMissingBean (types: org.springframework.cloud.context.properties.ConfigurationPropertiesRebinder; SearchStrategy: current) did not find any beans (OnBeanCondition)

   DataSourceAutoConfiguration matched:
      - @ConditionalOnClass found required classes 'javax.sql.DataSource', 'org.springframework.jdbc.datasource.embedded.EmbeddedDatabaseType' (OnClassCondition)
      - @ConditionalOnMissingBean (types: io.r2dbc.spi.ConnectionFactory; SearchStrategy: all) did not find any beans (OnBeanCondition)

   DataSourceAutoConfiguration.PooledDataSourceConfiguration matched:
      - AnyNestedCondition 1 matched 1 did not; NestedCondition on DataSourceAutoConfiguration.PooledDataSourceCondition.PooledDataSourceAvailable PooledDataSource found supported DataSource; NestedCondition on DataSourceAutoConfiguration.PooledDataSourceCondition.ExplicitType @ConditionalOnProperty (spring.datasource.type) did not find property 'type' (DataSourceAutoConfiguration.PooledDataSourceCondition)
      - @ConditionalOnMissingBean (types: javax.sql.DataSource,javax.sql.XADataSource; SearchStrategy: all) did not find any beans (OnBeanCondition)

   DataSourceConfiguration.Hikari matched:
      - @ConditionalOnClass found required class 'com.zaxxer.hikari.HikariDataSource' (OnClassCondition)
      - @ConditionalOnProperty (spring.datasource.type=com.zaxxer.hikari.HikariDataSource) matched (OnPropertyCondition)
      - @ConditionalOnMissingBean (types: javax.sql.DataSource; SearchStrategy: all) did not find any beans (OnBeanCondition)

   DataSourceJmxConfiguration matched:
      - @ConditionalOnProperty (spring.jmx.enabled=true) matched (OnPropertyCondition)

   DataSourceJmxConfiguration.Hikari matched:
      - @ConditionalOnClass found required class 'com.zaxxer.hikari.HikariDataSource' (OnClassCondition)
      - @ConditionalOnSingleCandidate (types: javax.sql.DataSource; SearchStrategy: all) found a primary bean from beans 'dataSource' (OnBeanCondition)

   DataSourcePoolMetadataProvidersConfiguration.HikariPoolDataSourceMetadataProviderConfiguration matched:
      - @ConditionalOnClass found required class 'com.zaxxer.hikari.HikariDataSource' (OnClassCondition)

   DataSourceTransactionManagerAutoConfiguration matched:
      - @ConditionalOnClass found required classes 'org.springframework.jdbc.core.JdbcTemplate', 'org.springframework.transaction.PlatformTransactionManager' (OnClassCondition)

   DataSourceTransactionManagerAutoConfiguration.DataSourceTransactionManagerConfiguration matched:
      - @ConditionalOnSingleCandidate (types: javax.sql.DataSource; SearchStrategy: all) found a primary bean from beans 'dataSource' (OnBeanCondition)

   DataSourceTransactionManagerAutoConfiguration.DataSourceTransactionManagerConfiguration#transactionManager matched:
      - @ConditionalOnMissingBean (types: org.springframework.transaction.PlatformTransactionManager; SearchStrategy: all) did not find any beans (OnBeanCondition)

   DispatcherServletAutoConfiguration matched:
      - @ConditionalOnClass found required class 'org.springframework.web.servlet.DispatcherServlet' (OnClassCondition)
      - found 'session' scope (OnWebApplicationCondition)

   DispatcherServletAutoConfiguration.DispatcherServletConfiguration matched:
      - @ConditionalOnClass found required class 'javax.servlet.ServletRegistration' (OnClassCondition)
      - Default DispatcherServlet did not find dispatcher servlet beans (DispatcherServletAutoConfiguration.DefaultDispatcherServletCondition)

   DispatcherServletAutoConfiguration.DispatcherServletRegistrationConfiguration matched:
      - @ConditionalOnClass found required class 'javax.servlet.ServletRegistration' (OnClassCondition)
      - DispatcherServlet Registration did not find servlet registration bean (DispatcherServletAutoConfiguration.DispatcherServletRegistrationCondition)

   DispatcherServletAutoConfiguration.DispatcherServletRegistrationConfiguration#dispatcherServletRegistration matched:
      - @ConditionalOnBean (names: dispatcherServlet types: org.springframework.web.servlet.DispatcherServlet; SearchStrategy: all) found bean 'dispatcherServlet' (OnBeanCondition)

   EmbeddedWebServerFactoryCustomizerAutoConfiguration matched:
      - @ConditionalOnWebApplication (required) found 'session' scope (OnWebApplicationCondition)

   EmbeddedWebServerFactoryCustomizerAutoConfiguration.TomcatWebServerFactoryCustomizerConfiguration matched:
      - @ConditionalOnClass found required classes 'org.apache.catalina.startup.Tomcat', 'org.apache.coyote.UpgradeProtocol' (OnClassCondition)

   ErrorMvcAutoConfiguration matched:
      - @ConditionalOnClass found required classes 'javax.servlet.Servlet', 'org.springframework.web.servlet.DispatcherServlet' (OnClassCondition)
      - found 'session' scope (OnWebApplicationCondition)

   ErrorMvcAutoConfiguration#basicErrorController matched:
      - @ConditionalOnMissingBean (types: org.springframework.boot.web.servlet.error.ErrorController; SearchStrategy: current) did not find any beans (OnBeanCondition)

   ErrorMvcAutoConfiguration#errorAttributes matched:
      - @ConditionalOnMissingBean (types: org.springframework.boot.web.servlet.error.ErrorAttributes; SearchStrategy: current) did not find any beans (OnBeanCondition)

   ErrorMvcAutoConfiguration.DefaultErrorViewResolverConfiguration#conventionErrorViewResolver matched:
      - @ConditionalOnBean (types: org.springframework.web.servlet.DispatcherServlet; SearchStrategy: all) found bean 'dispatcherServlet'; @ConditionalOnMissingBean (types: org.springframework.boot.autoconfigure.web.servlet.error.ErrorViewResolver; SearchStrategy: all) did not find any beans (OnBeanCondition)

   ErrorMvcAutoConfiguration.WhitelabelErrorViewConfiguration matched:
      - @ConditionalOnProperty (server.error.whitelabel.enabled) matched (OnPropertyCondition)
      - ErrorTemplate Missing did not find error template view (ErrorMvcAutoConfiguration.ErrorTemplateMissingCondition)

   ErrorMvcAutoConfiguration.WhitelabelErrorViewConfiguration#beanNameViewResolver matched:
      - @ConditionalOnMissingBean (types: org.springframework.web.servlet.view.BeanNameViewResolver; SearchStrategy: all) did not find any beans (OnBeanCondition)

   ErrorMvcAutoConfiguration.WhitelabelErrorViewConfiguration#defaultErrorView matched:
      - @ConditionalOnMissingBean (names: error; SearchStrategy: all) did not find any beans (OnBeanCondition)

   GenericCacheConfiguration matched:
      - Cache org.springframework.boot.autoconfigure.cache.GenericCacheConfiguration automatic cache type (CacheCondition)

   HttpEncodingAutoConfiguration matched:
      - @ConditionalOnClass found required class 'org.springframework.web.filter.CharacterEncodingFilter' (OnClassCondition)
      - found 'session' scope (OnWebApplicationCondition)
      - @ConditionalOnProperty (server.servlet.encoding.enabled) matched (OnPropertyCondition)

   HttpEncodingAutoConfiguration#characterEncodingFilter matched:
      - @ConditionalOnMissingBean (types: org.springframework.web.filter.CharacterEncodingFilter; SearchStrategy: all) did not find any beans (OnBeanCondition)

   HttpMessageConvertersAutoConfiguration matched:
      - @ConditionalOnClass found required class 'org.springframework.http.converter.HttpMessageConverter' (OnClassCondition)
      - NoneNestedConditions 0 matched 1 did not; NestedCondition on HttpMessageConvertersAutoConfiguration.NotReactiveWebApplicationCondition.ReactiveWebApplication did not find reactive web application classes (HttpMessageConvertersAutoConfiguration.NotReactiveWebApplicationCondition)

   HttpMessageConvertersAutoConfiguration#messageConverters matched:
      - @ConditionalOnMissingBean (types: org.springframework.boot.autoconfigure.http.HttpMessageConverters; SearchStrategy: all) did not find any beans (OnBeanCondition)

   HttpMessageConvertersAutoConfiguration.StringHttpMessageConverterConfiguration matched:
      - @ConditionalOnClass found required class 'org.springframework.http.converter.StringHttpMessageConverter' (OnClassCondition)

   HttpMessageConvertersAutoConfiguration.StringHttpMessageConverterConfiguration#stringHttpMessageConverter matched:
      - @ConditionalOnMissingBean (types: org.springframework.http.converter.StringHttpMessageConverter; SearchStrategy: all) did not find any beans (OnBeanCondition)

   JacksonAutoConfiguration matched:
      - @ConditionalOnClass found required class 'com.fasterxml.jackson.databind.ObjectMapper' (OnClassCondition)

   JacksonAutoConfiguration.Jackson2ObjectMapperBuilderCustomizerConfiguration matched:
      - @ConditionalOnClass found required class 'org.springframework.http.converter.json.Jackson2ObjectMapperBuilder' (OnClassCondition)

   JacksonAutoConfiguration.JacksonObjectMapperBuilderConfiguration matched:
      - @ConditionalOnClass found required class 'org.springframework.http.converter.json.Jackson2ObjectMapperBuilder' (OnClassCondition)

   JacksonAutoConfiguration.JacksonObjectMapperBuilderConfiguration#jacksonObjectMapperBuilder matched:
      - @ConditionalOnMissingBean (types: org.springframework.http.converter.json.Jackson2ObjectMapperBuilder; SearchStrategy: all) did not find any beans (OnBeanCondition)

   JacksonAutoConfiguration.JacksonObjectMapperConfiguration matched:
      - @ConditionalOnClass found required class 'org.springframework.http.converter.json.Jackson2ObjectMapperBuilder' (OnClassCondition)

   JacksonAutoConfiguration.JacksonObjectMapperConfiguration#jacksonObjectMapper matched:
      - @ConditionalOnMissingBean (types: com.fasterxml.jackson.databind.ObjectMapper; SearchStrategy: all) did not find any beans (OnBeanCondition)

   JacksonAutoConfiguration.ParameterNamesModuleConfiguration matched:
      - @ConditionalOnClass found required class 'com.fasterxml.jackson.module.paramnames.ParameterNamesModule' (OnClassCondition)

   JacksonAutoConfiguration.ParameterNamesModuleConfiguration#parameterNamesModule matched:
      - @ConditionalOnMissingBean (types: com.fasterxml.jackson.module.paramnames.ParameterNamesModule; SearchStrategy: all) did not find any beans (OnBeanCondition)

   JacksonHttpMessageConvertersConfiguration.MappingJackson2HttpMessageConverterConfiguration matched:
      - @ConditionalOnClass found required class 'com.fasterxml.jackson.databind.ObjectMapper' (OnClassCondition)
      - @ConditionalOnProperty (spring.mvc.converters.preferred-json-mapper=jackson) matched (OnPropertyCondition)
      - @ConditionalOnBean (types: com.fasterxml.jackson.databind.ObjectMapper; SearchStrategy: all) found bean 'jacksonObjectMapper' (OnBeanCondition)

   JacksonHttpMessageConvertersConfiguration.MappingJackson2HttpMessageConverterConfiguration#mappingJackson2HttpMessageConverter matched:
      - @ConditionalOnMissingBean (types: org.springframework.http.converter.json.MappingJackson2HttpMessageConverter ignored: org.springframework.hateoas.server.mvc.TypeConstrainedMappingJackson2HttpMessageConverter,org.springframework.data.rest.webmvc.alps.AlpsJsonHttpMessageConverter; SearchStrategy: all) did not find any beans (OnBeanCondition)

   JdbcTemplateAutoConfiguration matched:
      - @ConditionalOnClass found required classes 'javax.sql.DataSource', 'org.springframework.jdbc.core.JdbcTemplate' (OnClassCondition)
      - @ConditionalOnSingleCandidate (types: javax.sql.DataSource; SearchStrategy: all) found a primary bean from beans 'dataSource' (OnBeanCondition)

   JdbcTemplateConfiguration matched:
      - @ConditionalOnMissingBean (types: org.springframework.jdbc.core.JdbcOperations; SearchStrategy: all) did not find any beans (OnBeanCondition)

   JmxAutoConfiguration matched:
      - @ConditionalOnClass found required class 'org.springframework.jmx.export.MBeanExporter' (OnClassCondition)
      - @ConditionalOnProperty (spring.jmx.enabled=true) matched (OnPropertyCondition)

   JmxAutoConfiguration#mbeanExporter matched:
      - @ConditionalOnMissingBean (types: org.springframework.jmx.export.MBeanExporter; SearchStrategy: current) did not find any beans (OnBeanCondition)

   JmxAutoConfiguration#mbeanServer matched:
      - @ConditionalOnMissingBean (types: javax.management.MBeanServer; SearchStrategy: all) did not find any beans (OnBeanCondition)

   JmxAutoConfiguration#objectNamingStrategy matched:
      - @ConditionalOnMissingBean (types: org.springframework.jmx.export.naming.ObjectNamingStrategy; SearchStrategy: current) did not find any beans (OnBeanCondition)

   LifecycleAutoConfiguration#defaultLifecycleProcessor matched:
      - @ConditionalOnMissingBean (names: lifecycleProcessor; SearchStrategy: current) did not find any beans (OnBeanCondition)

   LifecycleMvcEndpointAutoConfiguration#environmentManager matched:
      - @ConditionalOnMissingBean (types: org.springframework.cloud.context.environment.EnvironmentManager; SearchStrategy: all) did not find any beans (OnBeanCondition)

   MultipartAutoConfiguration matched:
      - @ConditionalOnClass found required classes 'javax.servlet.Servlet', 'org.springframework.web.multipart.support.StandardServletMultipartResolver', 'javax.servlet.MultipartConfigElement' (OnClassCondition)
      - found 'session' scope (OnWebApplicationCondition)
      - @ConditionalOnProperty (spring.servlet.multipart.enabled) matched (OnPropertyCondition)

   MultipartAutoConfiguration#multipartConfigElement matched:
      - @ConditionalOnMissingBean (types: javax.servlet.MultipartConfigElement,org.springframework.web.multipart.commons.CommonsMultipartResolver; SearchStrategy: all) did not find any beans (OnBeanCondition)

   MultipartAutoConfiguration#multipartResolver matched:
      - @ConditionalOnMissingBean (types: org.springframework.web.multipart.MultipartResolver; SearchStrategy: all) did not find any beans (OnBeanCondition)

   MybatisPlusAutoConfiguration matched:
      - @ConditionalOnClass found required classes 'org.apache.ibatis.session.SqlSessionFactory', 'org.mybatis.spring.SqlSessionFactoryBean' (OnClassCondition)
      - @ConditionalOnSingleCandidate (types: javax.sql.DataSource; SearchStrategy: all) found a primary bean from beans 'dataSource' (OnBeanCondition)

   MybatisPlusAutoConfiguration#sqlSessionFactory matched:
      - @ConditionalOnMissingBean (types: org.apache.ibatis.session.SqlSessionFactory; SearchStrategy: all) did not find any beans (OnBeanCondition)

   MybatisPlusAutoConfiguration#sqlSessionTemplate matched:
      - @ConditionalOnMissingBean (types: org.mybatis.spring.SqlSessionTemplate; SearchStrategy: all) did not find any beans (OnBeanCondition)

   MybatisPlusLanguageDriverAutoConfiguration matched:
      - @ConditionalOnClass found required class 'org.apache.ibatis.scripting.LanguageDriver' (OnClassCondition)

   NamedParameterJdbcTemplateConfiguration matched:
      - @ConditionalOnSingleCandidate (types: org.springframework.jdbc.core.JdbcTemplate; SearchStrategy: all) found a primary bean from beans 'jdbcTemplate'; @ConditionalOnMissingBean (types: org.springframework.jdbc.core.namedparam.NamedParameterJdbcOperations; SearchStrategy: all) did not find any beans (OnBeanCondition)

   NoOpCacheConfiguration matched:
      - Cache org.springframework.boot.autoconfigure.cache.NoOpCacheConfiguration automatic cache type (CacheCondition)

   PersistenceExceptionTranslationAutoConfiguration matched:
      - @ConditionalOnClass found required class 'org.springframework.dao.annotation.PersistenceExceptionTranslationPostProcessor' (OnClassCondition)

   PersistenceExceptionTranslationAutoConfiguration#persistenceExceptionTranslationPostProcessor matched:
      - @ConditionalOnProperty (spring.dao.exceptiontranslation.enabled) matched (OnPropertyCondition)
      - @ConditionalOnMissingBean (types: org.springframework.dao.annotation.PersistenceExceptionTranslationPostProcessor; SearchStrategy: all) did not find any beans (OnBeanCondition)

   PropertyPlaceholderAutoConfiguration#propertySourcesPlaceholderConfigurer matched:
      - @ConditionalOnMissingBean (types: org.springframework.context.support.PropertySourcesPlaceholderConfigurer; SearchStrategy: current) did not find any beans (OnBeanCondition)

   RefreshAutoConfiguration matched:
      - @ConditionalOnClass found required class 'org.springframework.cloud.context.scope.refresh.RefreshScope' (OnClassCondition)
      - @ConditionalOnProperty (spring.cloud.refresh.enabled) matched (OnPropertyCondition)

   RefreshAutoConfiguration#contextRefresher matched:
      - @ConditionalOnMissingBean (types: org.springframework.cloud.context.refresh.ContextRefresher; SearchStrategy: all) did not find any beans (OnBeanCondition)

   RefreshAutoConfiguration#loggingRebinder matched:
      - @ConditionalOnMissingBean (types: org.springframework.cloud.logging.LoggingRebinder; SearchStrategy: all) did not find any beans (OnBeanCondition)

   RefreshAutoConfiguration#refreshScope matched:
      - @ConditionalOnMissingBean (types: org.springframework.cloud.context.scope.refresh.RefreshScope; SearchStrategy: all) did not find any beans (OnBeanCondition)

   RestTemplateAutoConfiguration matched:
      - @ConditionalOnClass found required class 'org.springframework.web.client.RestTemplate' (OnClassCondition)
      - NoneNestedConditions 0 matched 1 did not; NestedCondition on RestTemplateAutoConfiguration.NotReactiveWebApplicationCondition.ReactiveWebApplication did not find reactive web application classes (RestTemplateAutoConfiguration.NotReactiveWebApplicationCondition)

   RestTemplateAutoConfiguration#restTemplateBuilder matched:
      - @ConditionalOnMissingBean (types: org.springframework.boot.web.client.RestTemplateBuilder; SearchStrategy: all) did not find any beans (OnBeanCondition)

   ServletWebServerFactoryAutoConfiguration matched:
      - @ConditionalOnClass found required class 'javax.servlet.ServletRequest' (OnClassCondition)
      - found 'session' scope (OnWebApplicationCondition)

   ServletWebServerFactoryAutoConfiguration#tomcatServletWebServerFactoryCustomizer matched:
      - @ConditionalOnClass found required class 'org.apache.catalina.startup.Tomcat' (OnClassCondition)

   ServletWebServerFactoryConfiguration.EmbeddedTomcat matched:
      - @ConditionalOnClass found required classes 'javax.servlet.Servlet', 'org.apache.catalina.startup.Tomcat', 'org.apache.coyote.UpgradeProtocol' (OnClassCondition)
      - @ConditionalOnMissingBean (types: org.springframework.boot.web.servlet.server.ServletWebServerFactory; SearchStrategy: current) did not find any beans (OnBeanCondition)

   SimpleCacheConfiguration matched:
      - Cache org.springframework.boot.autoconfigure.cache.SimpleCacheConfiguration automatic cache type (CacheCondition)

   SpringApplicationAdminJmxAutoConfiguration matched:
      - @ConditionalOnProperty (spring.application.admin.enabled=true) matched (OnPropertyCondition)

   SpringApplicationAdminJmxAutoConfiguration#springApplicationAdminRegistrar matched:
      - @ConditionalOnMissingBean (types: org.springframework.boot.admin.SpringApplicationAdminMXBeanRegistrar; SearchStrategy: all) did not find any beans (OnBeanCondition)

   Swagger2Configuration matched:
      - @ConditionalOnProperty (swagger.enabled) matched (OnPropertyCondition)

   Swagger2DocumentationConfiguration matched:
      - @ConditionalOnWebApplication (required) found 'session' scope (OnWebApplicationCondition)

   SwaggerAutoConfiguration#createRestApi matched:
      - @ConditionalOnProperty (swagger.enabled) matched (OnPropertyCondition)
      - @ConditionalOnBean (types: springfox.documentation.swagger.web.UiConfiguration; SearchStrategy: all) found bean 'uiConfiguration'; @ConditionalOnMissingBean (types: java.util.List; SearchStrategy: all) did not find any beans (OnBeanCondition)

   SwaggerAutoConfiguration#swaggerProperties matched:
      - @ConditionalOnMissingBean (types: com.spring4all.swagger.SwaggerProperties; SearchStrategy: all) did not find any beans (OnBeanCondition)

   TaskExecutionAutoConfiguration matched:
      - @ConditionalOnClass found required class 'org.springframework.scheduling.concurrent.ThreadPoolTaskExecutor' (OnClassCondition)

   TaskExecutionAutoConfiguration#applicationTaskExecutor matched:
      - @ConditionalOnMissingBean (types: java.util.concurrent.Executor; SearchStrategy: all) did not find any beans (OnBeanCondition)

   TaskExecutionAutoConfiguration#taskExecutorBuilder matched:
      - @ConditionalOnMissingBean (types: org.springframework.boot.task.TaskExecutorBuilder; SearchStrategy: all) did not find any beans (OnBeanCondition)

   TaskSchedulingAutoConfiguration matched:
      - @ConditionalOnClass found required class 'org.springframework.scheduling.concurrent.ThreadPoolTaskScheduler' (OnClassCondition)

   TaskSchedulingAutoConfiguration#taskSchedulerBuilder matched:
      - @ConditionalOnMissingBean (types: org.springframework.boot.task.TaskSchedulerBuilder; SearchStrategy: all) did not find any beans (OnBeanCondition)

   TransactionAutoConfiguration matched:
      - @ConditionalOnClass found required class 'org.springframework.transaction.PlatformTransactionManager' (OnClassCondition)

   TransactionAutoConfiguration#platformTransactionManagerCustomizers matched:
      - @ConditionalOnMissingBean (types: org.springframework.boot.autoconfigure.transaction.TransactionManagerCustomizers; SearchStrategy: all) did not find any beans (OnBeanCondition)

   TransactionAutoConfiguration.EnableTransactionManagementConfiguration matched:
      - @ConditionalOnBean (types: org.springframework.transaction.TransactionManager; SearchStrategy: all) found bean 'transactionManager'; @ConditionalOnMissingBean (types: org.springframework.transaction.annotation.AbstractTransactionManagementConfiguration; SearchStrategy: all) did not find any beans (OnBeanCondition)

   TransactionAutoConfiguration.EnableTransactionManagementConfiguration.CglibAutoProxyConfiguration matched:
      - @ConditionalOnProperty (spring.aop.proxy-target-class=true) matched (OnPropertyCondition)

   TransactionAutoConfiguration.TransactionTemplateConfiguration matched:
      - @ConditionalOnSingleCandidate (types: org.springframework.transaction.PlatformTransactionManager; SearchStrategy: all) found a primary bean from beans 'transactionManager' (OnBeanCondition)

   TransactionAutoConfiguration.TransactionTemplateConfiguration#transactionTemplate matched:
      - @ConditionalOnMissingBean (types: org.springframework.transaction.support.TransactionOperations; SearchStrategy: all) did not find any beans (OnBeanCondition)

   ValidationAutoConfiguration matched:
      - @ConditionalOnClass found required class 'javax.validation.executable.ExecutableValidator' (OnClassCondition)
      - @ConditionalOnResource found location classpath:META-INF/services/javax.validation.spi.ValidationProvider (OnResourceCondition)

   ValidationAutoConfiguration#defaultValidator matched:
      - @ConditionalOnMissingBean (types: javax.validation.Validator; SearchStrategy: all) did not find any beans (OnBeanCondition)

   ValidationAutoConfiguration#methodValidationPostProcessor matched:
      - @ConditionalOnMissingBean (types: org.springframework.validation.beanvalidation.MethodValidationPostProcessor; SearchStrategy: all) did not find any beans (OnBeanCondition)

   WebMvcAutoConfiguration matched:
      - @ConditionalOnClass found required classes 'javax.servlet.Servlet', 'org.springframework.web.servlet.DispatcherServlet', 'org.springframework.web.servlet.config.annotation.WebMvcConfigurer' (OnClassCondition)
      - found 'session' scope (OnWebApplicationCondition)
      - @ConditionalOnMissingBean (types: org.springframework.web.servlet.config.annotation.WebMvcConfigurationSupport; SearchStrategy: all) did not find any beans (OnBeanCondition)

   WebMvcAutoConfiguration#formContentFilter matched:
      - @ConditionalOnProperty (spring.mvc.formcontent.filter.enabled) matched (OnPropertyCondition)
      - @ConditionalOnMissingBean (types: org.springframework.web.filter.FormContentFilter; SearchStrategy: all) did not find any beans (OnBeanCondition)

   WebMvcAutoConfiguration.WebMvcAutoConfigurationAdapter#defaultViewResolver matched:
      - @ConditionalOnMissingBean (types: org.springframework.web.servlet.view.InternalResourceViewResolver; SearchStrategy: all) did not find any beans (OnBeanCondition)

   WebMvcAutoConfiguration.WebMvcAutoConfigurationAdapter#requestContextFilter matched:
      - @ConditionalOnMissingBean (types: org.springframework.web.context.request.RequestContextListener,org.springframework.web.filter.RequestContextFilter; SearchStrategy: all) did not find any beans (OnBeanCondition)

   WebMvcAutoConfiguration.WebMvcAutoConfigurationAdapter#viewResolver matched:
      - @ConditionalOnBean (types: org.springframework.web.servlet.ViewResolver; SearchStrategy: all) found beans 'defaultViewResolver', 'beanNameViewResolver', 'mvcViewResolver'; @ConditionalOnMissingBean (names: viewResolver types: org.springframework.web.servlet.view.ContentNegotiatingViewResolver; SearchStrategy: all) did not find any beans (OnBeanCondition)

   WebSocketServletAutoConfiguration matched:
      - @ConditionalOnClass found required classes 'javax.servlet.Servlet', 'javax.websocket.server.ServerContainer' (OnClassCondition)
      - found 'session' scope (OnWebApplicationCondition)

   WebSocketServletAutoConfiguration.TomcatWebSocketConfiguration matched:
      - @ConditionalOnClass found required classes 'org.apache.catalina.startup.Tomcat', 'org.apache.tomcat.websocket.server.WsSci' (OnClassCondition)

   WebSocketServletAutoConfiguration.TomcatWebSocketConfiguration#websocketServletWebServerCustomizer matched:
      - @ConditionalOnMissingBean (names: websocketServletWebServerCustomizer; SearchStrategy: all) did not find any beans (OnBeanCondition)


Negative matches:
-----------------

   ActiveMQAutoConfiguration:
      Did not match:
         - @ConditionalOnClass did not find required class 'javax.jms.ConnectionFactory' (OnClassCondition)

   AopAutoConfiguration.AspectJAutoProxyingConfiguration:
      Did not match:
         - @ConditionalOnClass did not find required class 'org.aspectj.weaver.Advice' (OnClassCondition)

   ArtemisAutoConfiguration:
      Did not match:
         - @ConditionalOnClass did not find required class 'javax.jms.ConnectionFactory' (OnClassCondition)

   BatchAutoConfiguration:
      Did not match:
         - @ConditionalOnClass did not find required class 'org.springframework.batch.core.launch.JobLauncher' (OnClassCondition)

   CacheAutoConfiguration:
      Did not match:
         - @ConditionalOnBean (types: org.springframework.cache.interceptor.CacheAspectSupport; SearchStrategy: all) did not find any beans of type org.springframework.cache.interceptor.CacheAspectSupport (OnBeanCondition)
      Matched:
         - @ConditionalOnClass found required class 'org.springframework.cache.CacheManager' (OnClassCondition)

   CacheAutoConfiguration.CacheManagerEntityManagerFactoryDependsOnPostProcessor:
      Did not match:
         - @ConditionalOnClass did not find required class 'org.springframework.orm.jpa.LocalContainerEntityManagerFactoryBean' (OnClassCondition)
         - Ancestor org.springframework.boot.autoconfigure.cache.CacheAutoConfiguration did not match (ConditionEvaluationReport.AncestorsMatchedCondition)

   CaffeineCacheConfiguration:
      Did not match:
         - @ConditionalOnClass did not find required class 'com.github.benmanes.caffeine.cache.Caffeine' (OnClassCondition)

   CassandraAutoConfiguration:
      Did not match:
         - @ConditionalOnClass did not find required class 'com.datastax.oss.driver.api.core.CqlSession' (OnClassCondition)

   CassandraDataAutoConfiguration:
      Did not match:
         - @ConditionalOnClass did not find required class 'com.datastax.oss.driver.api.core.CqlSession' (OnClassCondition)

   CassandraReactiveDataAutoConfiguration:
      Did not match:
         - @ConditionalOnClass did not find required class 'com.datastax.oss.driver.api.core.CqlSession' (OnClassCondition)

   CassandraReactiveRepositoriesAutoConfiguration:
      Did not match:
         - @ConditionalOnClass did not find required class 'org.springframework.data.cassandra.ReactiveSession' (OnClassCondition)

   CassandraRepositoriesAutoConfiguration:
      Did not match:
         - @ConditionalOnClass did not find required class 'com.datastax.oss.driver.api.core.CqlSession' (OnClassCondition)

   ClientHttpConnectorAutoConfiguration:
      Did not match:
         - @ConditionalOnClass did not find required class 'org.springframework.web.reactive.function.client.WebClient' (OnClassCondition)

   CodecsAutoConfiguration:
      Did not match:
         - @ConditionalOnClass did not find required class 'org.springframework.web.reactive.function.client.WebClient' (OnClassCondition)

   CouchbaseAutoConfiguration:
      Did not match:
         - @ConditionalOnClass did not find required class 'com.couchbase.client.java.Cluster' (OnClassCondition)

   CouchbaseCacheConfiguration:
      Did not match:
         - @ConditionalOnClass did not find required class 'com.couchbase.client.java.Cluster' (OnClassCondition)

   CouchbaseDataAutoConfiguration:
      Did not match:
         - @ConditionalOnClass did not find required class 'com.couchbase.client.java.Bucket' (OnClassCondition)

   CouchbaseReactiveDataAutoConfiguration:
      Did not match:
         - @ConditionalOnClass did not find required class 'com.couchbase.client.java.Cluster' (OnClassCondition)

   CouchbaseReactiveRepositoriesAutoConfiguration:
      Did not match:
         - @ConditionalOnClass did not find required class 'com.couchbase.client.java.Cluster' (OnClassCondition)

   CouchbaseRepositoriesAutoConfiguration:
      Did not match:
         - @ConditionalOnClass did not find required class 'com.couchbase.client.java.Bucket' (OnClassCondition)

   DataSourceAutoConfiguration.EmbeddedDatabaseConfiguration:
      Did not match:
         - EmbeddedDataSource spring.datasource.url is set (DataSourceAutoConfiguration.EmbeddedDatabaseCondition)

   DataSourceConfiguration.Dbcp2:
      Did not match:
         - @ConditionalOnClass did not find required class 'org.apache.commons.dbcp2.BasicDataSource' (OnClassCondition)

   DataSourceConfiguration.Generic:
      Did not match:
         - @ConditionalOnProperty (spring.datasource.type) did not find property 'spring.datasource.type' (OnPropertyCondition)

   DataSourceConfiguration.Tomcat:
      Did not match:
         - @ConditionalOnClass did not find required class 'org.apache.tomcat.jdbc.pool.DataSource' (OnClassCondition)

   DataSourceJmxConfiguration.TomcatDataSourceJmxConfiguration:
      Did not match:
         - @ConditionalOnClass did not find required class 'org.apache.tomcat.jdbc.pool.DataSourceProxy' (OnClassCondition)

   DataSourcePoolMetadataProvidersConfiguration.CommonsDbcp2PoolDataSourceMetadataProviderConfiguration:
      Did not match:
         - @ConditionalOnClass did not find required class 'org.apache.commons.dbcp2.BasicDataSource' (OnClassCondition)

   DataSourcePoolMetadataProvidersConfiguration.TomcatDataSourcePoolMetadataProviderConfiguration:
      Did not match:
         - @ConditionalOnClass did not find required class 'org.apache.tomcat.jdbc.pool.DataSource' (OnClassCondition)

   DispatcherServletAutoConfiguration.DispatcherServletConfiguration#multipartResolver:
      Did not match:
         - @ConditionalOnBean (types: org.springframework.web.multipart.MultipartResolver; SearchStrategy: all) did not find any beans of type org.springframework.web.multipart.MultipartResolver (OnBeanCondition)

   EhCacheCacheConfiguration:
      Did not match:
         - @ConditionalOnClass did not find required class 'net.sf.ehcache.Cache' (OnClassCondition)

   ElasticsearchDataAutoConfiguration:
      Did not match:
         - @ConditionalOnClass did not find required class 'org.springframework.data.elasticsearch.core.ElasticsearchTemplate' (OnClassCondition)

   ElasticsearchRepositoriesAutoConfiguration:
      Did not match:
         - @ConditionalOnClass did not find required class 'org.elasticsearch.client.Client' (OnClassCondition)

   ElasticsearchRestClientAutoConfiguration:
      Did not match:
         - @ConditionalOnClass did not find required class 'org.elasticsearch.client.RestClient' (OnClassCondition)

   EmbeddedLdapAutoConfiguration:
      Did not match:
         - @ConditionalOnClass did not find required class 'com.unboundid.ldap.listener.InMemoryDirectoryServer' (OnClassCondition)

   EmbeddedMongoAutoConfiguration:
      Did not match:
         - @ConditionalOnClass did not find required class 'com.mongodb.MongoClientSettings' (OnClassCondition)

   EmbeddedWebServerFactoryCustomizerAutoConfiguration.JettyWebServerFactoryCustomizerConfiguration:
      Did not match:
         - @ConditionalOnClass did not find required classes 'org.eclipse.jetty.server.Server', 'org.eclipse.jetty.util.Loader', 'org.eclipse.jetty.webapp.WebAppContext' (OnClassCondition)

   EmbeddedWebServerFactoryCustomizerAutoConfiguration.NettyWebServerFactoryCustomizerConfiguration:
      Did not match:
         - @ConditionalOnClass did not find required class 'reactor.netty.http.server.HttpServer' (OnClassCondition)

   EmbeddedWebServerFactoryCustomizerAutoConfiguration.UndertowWebServerFactoryCustomizerConfiguration:
      Did not match:
         - @ConditionalOnClass did not find required classes 'io.undertow.Undertow', 'org.xnio.SslClientAuthMode' (OnClassCondition)

   ErrorWebFluxAutoConfiguration:
      Did not match:
         - @ConditionalOnClass did not find required class 'org.springframework.web.reactive.config.WebFluxConfigurer' (OnClassCondition)

   FlywayAutoConfiguration:
      Did not match:
         - @ConditionalOnClass did not find required class 'org.flywaydb.core.Flyway' (OnClassCondition)

   FreeMarkerAutoConfiguration:
      Did not match:
         - @ConditionalOnClass did not find required class 'freemarker.template.Configuration' (OnClassCondition)

   GroovyTemplateAutoConfiguration:
      Did not match:
         - @ConditionalOnClass did not find required class 'groovy.text.markup.MarkupTemplateEngine' (OnClassCondition)

   GsonAutoConfiguration:
      Did not match:
         - @ConditionalOnClass did not find required class 'com.google.gson.Gson' (OnClassCondition)

   GsonHttpMessageConvertersConfiguration:
      Did not match:
         - @ConditionalOnClass did not find required class 'com.google.gson.Gson' (OnClassCondition)

   H2ConsoleAutoConfiguration:
      Did not match:
         - @ConditionalOnClass did not find required class 'org.h2.server.web.WebServlet' (OnClassCondition)

   HazelcastAutoConfiguration:
      Did not match:
         - @ConditionalOnClass did not find required class 'com.hazelcast.core.HazelcastInstance' (OnClassCondition)

   HazelcastCacheConfiguration:
      Did not match:
         - @ConditionalOnClass did not find required class 'com.hazelcast.core.HazelcastInstance' (OnClassCondition)

   HazelcastJpaDependencyAutoConfiguration:
      Did not match:
         - @ConditionalOnClass did not find required class 'com.hazelcast.core.HazelcastInstance' (OnClassCondition)

   HibernateJpaAutoConfiguration:
      Did not match:
         - @ConditionalOnClass did not find required class 'javax.persistence.EntityManager' (OnClassCondition)

   HttpHandlerAutoConfiguration:
      Did not match:
         - @ConditionalOnClass did not find required class 'org.springframework.web.reactive.DispatcherHandler' (OnClassCondition)

   HypermediaAutoConfiguration:
      Did not match:
         - @ConditionalOnClass did not find required class 'org.springframework.hateoas.EntityModel' (OnClassCondition)

   InfinispanCacheConfiguration:
      Did not match:
         - @ConditionalOnClass did not find required class 'org.infinispan.spring.embedded.provider.SpringEmbeddedCacheManager' (OnClassCondition)

   InfluxDbAutoConfiguration:
      Did not match:
         - @ConditionalOnClass did not find required class 'org.influxdb.InfluxDB' (OnClassCondition)

   IntegrationAutoConfiguration:
      Did not match:
         - @ConditionalOnClass did not find required class 'org.springframework.integration.config.EnableIntegration' (OnClassCondition)

   JCacheCacheConfiguration:
      Did not match:
         - @ConditionalOnClass did not find required class 'javax.cache.Caching' (OnClassCondition)

   JacksonHttpMessageConvertersConfiguration.MappingJackson2XmlHttpMessageConverterConfiguration:
      Did not match:
         - @ConditionalOnClass did not find required class 'com.fasterxml.jackson.dataformat.xml.XmlMapper' (OnClassCondition)

   JdbcRepositoriesAutoConfiguration:
      Did not match:
         - @ConditionalOnClass did not find required class 'org.springframework.data.jdbc.repository.config.AbstractJdbcConfiguration' (OnClassCondition)

   JerseyAutoConfiguration:
      Did not match:
         - @ConditionalOnClass did not find required class 'org.glassfish.jersey.server.spring.SpringComponentProvider' (OnClassCondition)

   JmsAutoConfiguration:
      Did not match:
         - @ConditionalOnClass did not find required class 'javax.jms.Message' (OnClassCondition)

   JndiConnectionFactoryAutoConfiguration:
      Did not match:
         - @ConditionalOnClass did not find required class 'org.springframework.jms.core.JmsTemplate' (OnClassCondition)

   JndiDataSourceAutoConfiguration:
      Did not match:
         - @ConditionalOnProperty (spring.datasource.jndi-name) did not find property 'jndi-name' (OnPropertyCondition)
      Matched:
         - @ConditionalOnClass found required classes 'javax.sql.DataSource', 'org.springframework.jdbc.datasource.embedded.EmbeddedDatabaseType' (OnClassCondition)

   JooqAutoConfiguration:
      Did not match:
         - @ConditionalOnClass did not find required class 'org.jooq.DSLContext' (OnClassCondition)

   JpaRepositoriesAutoConfiguration:
      Did not match:
         - @ConditionalOnClass did not find required class 'org.springframework.data.jpa.repository.JpaRepository' (OnClassCondition)

   JsonbAutoConfiguration:
      Did not match:
         - @ConditionalOnClass did not find required class 'javax.json.bind.Jsonb' (OnClassCondition)

   JsonbHttpMessageConvertersConfiguration:
      Did not match:
         - @ConditionalOnClass did not find required class 'javax.json.bind.Jsonb' (OnClassCondition)

   JtaAutoConfiguration:
      Did not match:
         - @ConditionalOnClass did not find required class 'javax.transaction.Transaction' (OnClassCondition)

   KafkaAutoConfiguration:
      Did not match:
         - @ConditionalOnClass did not find required class 'org.springframework.kafka.core.KafkaTemplate' (OnClassCondition)

   LdapAutoConfiguration:
      Did not match:
         - @ConditionalOnClass did not find required class 'org.springframework.ldap.core.ContextSource' (OnClassCondition)

   LdapRepositoriesAutoConfiguration:
      Did not match:
         - @ConditionalOnClass did not find required class 'org.springframework.data.ldap.repository.LdapRepository' (OnClassCondition)

   LiquibaseAutoConfiguration:
      Did not match:
         - @ConditionalOnClass did not find required class 'liquibase.change.DatabaseChange' (OnClassCondition)

   MailSenderAutoConfiguration:
      Did not match:
         - @ConditionalOnClass did not find required class 'javax.activation.MimeType' (OnClassCondition)

   MailSenderValidatorAutoConfiguration:
      Did not match:
         - @ConditionalOnSingleCandidate did not find required type 'org.springframework.mail.javamail.JavaMailSenderImpl' (OnBeanCondition)

   MessageSourceAutoConfiguration:
      Did not match:
         - ResourceBundle did not find bundle with basename messages (MessageSourceAutoConfiguration.ResourceBundleCondition)

   MongoAutoConfiguration:
      Did not match:
         - @ConditionalOnClass did not find required class 'com.mongodb.client.MongoClient' (OnClassCondition)

   MongoDataAutoConfiguration:
      Did not match:
         - @ConditionalOnClass did not find required class 'com.mongodb.client.MongoClient' (OnClassCondition)

   MongoReactiveAutoConfiguration:
      Did not match:
         - @ConditionalOnClass did not find required class 'com.mongodb.reactivestreams.client.MongoClient' (OnClassCondition)

   MongoReactiveDataAutoConfiguration:
      Did not match:
         - @ConditionalOnClass did not find required class 'com.mongodb.reactivestreams.client.MongoClient' (OnClassCondition)

   MongoReactiveRepositoriesAutoConfiguration:
      Did not match:
         - @ConditionalOnClass did not find required class 'com.mongodb.reactivestreams.client.MongoClient' (OnClassCondition)

   MongoRepositoriesAutoConfiguration:
      Did not match:
         - @ConditionalOnClass did not find required class 'com.mongodb.client.MongoClient' (OnClassCondition)

   MustacheAutoConfiguration:
      Did not match:
         - @ConditionalOnClass did not find required class 'com.samskivert.mustache.Mustache' (OnClassCondition)

   MybatisPlusAutoConfiguration.MapperScannerRegistrarNotFoundConfiguration:
      Did not match:
         - @ConditionalOnMissingBean (types: org.mybatis.spring.mapper.MapperFactoryBean,org.mybatis.spring.mapper.MapperScannerConfigurer; SearchStrategy: all) found beans of type 'org.mybatis.spring.mapper.MapperScannerConfigurer' com.xuecheng.content.config.MybatisPlusConfig#MapperScannerRegistrar#0 (OnBeanCondition)

   MybatisPlusLanguageDriverAutoConfiguration.FreeMarkerConfiguration:
      Did not match:
         - @ConditionalOnClass did not find required classes 'org.mybatis.scripting.freemarker.FreeMarkerLanguageDriver', 'org.mybatis.scripting.freemarker.FreeMarkerLanguageDriverConfig' (OnClassCondition)

   MybatisPlusLanguageDriverAutoConfiguration.LegacyFreeMarkerConfiguration:
      Did not match:
         - @ConditionalOnClass did not find required class 'org.mybatis.scripting.freemarker.FreeMarkerLanguageDriver' (OnClassCondition)

   MybatisPlusLanguageDriverAutoConfiguration.ThymeleafConfiguration:
      Did not match:
         - @ConditionalOnClass did not find required class 'org.mybatis.scripting.thymeleaf.ThymeleafLanguageDriver' (OnClassCondition)

   MybatisPlusLanguageDriverAutoConfiguration.VelocityConfiguration:
      Did not match:
         - @ConditionalOnClass did not find required classes 'org.mybatis.scripting.velocity.VelocityLanguageDriver', 'org.mybatis.scripting.velocity.VelocityLanguageDriverConfig' (OnClassCondition)

   Neo4jDataAutoConfiguration:
      Did not match:
         - @ConditionalOnClass did not find required class 'org.neo4j.ogm.session.SessionFactory' (OnClassCondition)

   Neo4jRepositoriesAutoConfiguration:
      Did not match:
         - @ConditionalOnClass did not find required class 'org.neo4j.ogm.session.Neo4jSession' (OnClassCondition)

   OAuth2ClientAutoConfiguration:
      Did not match:
         - @ConditionalOnClass did not find required class 'org.springframework.security.config.annotation.web.configuration.EnableWebSecurity' (OnClassCondition)

   OAuth2ResourceServerAutoConfiguration:
      Did not match:
         - @ConditionalOnClass did not find required class 'org.springframework.security.oauth2.server.resource.BearerTokenAuthenticationToken' (OnClassCondition)

   ProjectInfoAutoConfiguration#buildProperties:
      Did not match:
         - @ConditionalOnResource did not find resource '${spring.info.build.location:classpath:META-INF/build-info.properties}' (OnResourceCondition)

   ProjectInfoAutoConfiguration#gitProperties:
      Did not match:
         - GitResource did not find git info at classpath:git.properties (ProjectInfoAutoConfiguration.GitResourceAvailableCondition)

   QuartzAutoConfiguration:
      Did not match:
         - @ConditionalOnClass did not find required class 'org.quartz.Scheduler' (OnClassCondition)

   R2dbcAutoConfiguration:
      Did not match:
         - @ConditionalOnClass did not find required class 'io.r2dbc.spi.ConnectionFactory' (OnClassCondition)

   R2dbcDataAutoConfiguration:
      Did not match:
         - @ConditionalOnClass did not find required class 'org.springframework.data.r2dbc.core.DatabaseClient' (OnClassCondition)

   R2dbcRepositoriesAutoConfiguration:
      Did not match:
         - @ConditionalOnClass did not find required class 'io.r2dbc.spi.ConnectionFactory' (OnClassCondition)

   R2dbcTransactionManagerAutoConfiguration:
      Did not match:
         - @ConditionalOnClass did not find required class 'org.springframework.data.r2dbc.connectionfactory.R2dbcTransactionManager' (OnClassCondition)

   RSocketMessagingAutoConfiguration:
      Did not match:
         - @ConditionalOnClass did not find required class 'io.rsocket.RSocketFactory' (OnClassCondition)

   RSocketRequesterAutoConfiguration:
      Did not match:
         - @ConditionalOnClass did not find required class 'io.rsocket.RSocketFactory' (OnClassCondition)

   RSocketSecurityAutoConfiguration:
      Did not match:
         - @ConditionalOnClass did not find required class 'org.springframework.security.rsocket.core.SecuritySocketAcceptorInterceptor' (OnClassCondition)

   RSocketServerAutoConfiguration:
      Did not match:
         - @ConditionalOnClass did not find required class 'io.rsocket.core.RSocketServer' (OnClassCondition)

   RSocketStrategiesAutoConfiguration:
      Did not match:
         - @ConditionalOnClass did not find required class 'io.netty.buffer.PooledByteBufAllocator' (OnClassCondition)

   RabbitAutoConfiguration:
      Did not match:
         - @ConditionalOnClass did not find required class 'com.rabbitmq.client.Channel' (OnClassCondition)

   ReactiveElasticsearchRepositoriesAutoConfiguration:
      Did not match:
         - @ConditionalOnClass did not find required class 'org.springframework.data.elasticsearch.client.reactive.ReactiveElasticsearchClient' (OnClassCondition)

   ReactiveElasticsearchRestClientAutoConfiguration:
      Did not match:
         - @ConditionalOnClass did not find required class 'reactor.netty.http.client.HttpClient' (OnClassCondition)

   ReactiveOAuth2ClientAutoConfiguration:
      Did not match:
         - @ConditionalOnClass did not find required class 'reactor.core.publisher.Flux' (OnClassCondition)

   ReactiveOAuth2ResourceServerAutoConfiguration:
      Did not match:
         - @ConditionalOnClass did not find required class 'org.springframework.security.config.annotation.web.reactive.EnableWebFluxSecurity' (OnClassCondition)

   ReactiveSecurityAutoConfiguration:
      Did not match:
         - @ConditionalOnClass did not find required class 'reactor.core.publisher.Flux' (OnClassCondition)

   ReactiveUserDetailsServiceAutoConfiguration:
      Did not match:
         - @ConditionalOnClass did not find required class 'org.springframework.security.authentication.ReactiveAuthenticationManager' (OnClassCondition)

   ReactiveWebServerFactoryAutoConfiguration:
      Did not match:
         - @ConditionalOnWebApplication did not find reactive web application classes (OnWebApplicationCondition)

   RedisAutoConfiguration:
      Did not match:
         - @ConditionalOnClass did not find required class 'org.springframework.data.redis.core.RedisOperations' (OnClassCondition)

   RedisCacheConfiguration:
      Did not match:
         - @ConditionalOnClass did not find required class 'org.springframework.data.redis.connection.RedisConnectionFactory' (OnClassCondition)

   RedisReactiveAutoConfiguration:
      Did not match:
         - @ConditionalOnClass did not find required class 'reactor.core.publisher.Flux' (OnClassCondition)

   RedisRepositoriesAutoConfiguration:
      Did not match:
         - @ConditionalOnClass did not find required class 'org.springframework.data.redis.repository.configuration.EnableRedisRepositories' (OnClassCondition)

   RefreshAutoConfiguration.JpaInvokerConfiguration:
      Did not match:
         - @ConditionalOnClass did not find required class 'javax.persistence.EntityManagerFactory' (OnClassCondition)

   RefreshEndpointAutoConfiguration:
      Did not match:
         - @ConditionalOnClass did not find required class 'org.springframework.boot.actuate.autoconfigure.endpoint.EndpointAutoConfiguration' (OnClassCondition)

   RepositoryRestMvcAutoConfiguration:
      Did not match:
         - @ConditionalOnClass did not find required class 'org.springframework.data.rest.webmvc.config.RepositoryRestMvcConfiguration' (OnClassCondition)

   Saml2RelyingPartyAutoConfiguration:
      Did not match:
         - @ConditionalOnClass did not find required class 'org.springframework.security.saml2.provider.service.registration.RelyingPartyRegistrationRepository' (OnClassCondition)

   SecurityAutoConfiguration:
      Did not match:
         - @ConditionalOnClass did not find required class 'org.springframework.security.authentication.DefaultAuthenticationEventPublisher' (OnClassCondition)

   SecurityFilterAutoConfiguration:
      Did not match:
         - @ConditionalOnClass did not find required class 'org.springframework.security.config.http.SessionCreationPolicy' (OnClassCondition)

   SendGridAutoConfiguration:
      Did not match:
         - @ConditionalOnClass did not find required class 'com.sendgrid.SendGrid' (OnClassCondition)

   ServletWebServerFactoryAutoConfiguration#forwardedHeaderFilter:
      Did not match:
         - @ConditionalOnProperty (server.forward-headers-strategy=framework) did not find property 'server.forward-headers-strategy' (OnPropertyCondition)

   ServletWebServerFactoryConfiguration.EmbeddedJetty:
      Did not match:
         - @ConditionalOnClass did not find required classes 'org.eclipse.jetty.server.Server', 'org.eclipse.jetty.util.Loader', 'org.eclipse.jetty.webapp.WebAppContext' (OnClassCondition)

   ServletWebServerFactoryConfiguration.EmbeddedUndertow:
      Did not match:
         - @ConditionalOnClass did not find required classes 'io.undertow.Undertow', 'org.xnio.SslClientAuthMode' (OnClassCondition)

   SessionAutoConfiguration:
      Did not match:
         - @ConditionalOnClass did not find required class 'org.springframework.session.Session' (OnClassCondition)

   SolrAutoConfiguration:
      Did not match:
         - @ConditionalOnClass did not find required class 'org.apache.solr.client.solrj.impl.CloudSolrClient' (OnClassCondition)

   SolrRepositoriesAutoConfiguration:
      Did not match:
         - @ConditionalOnClass did not find required class 'org.apache.solr.client.solrj.SolrClient' (OnClassCondition)

   SpringDataWebAutoConfiguration:
      Did not match:
         - @ConditionalOnClass did not find required class 'org.springframework.data.web.PageableHandlerMethodArgumentResolver' (OnClassCondition)

   TaskSchedulingAutoConfiguration#taskScheduler:
      Did not match:
         - @ConditionalOnBean (names: org.springframework.context.annotation.internalScheduledAnnotationProcessor; SearchStrategy: all) did not find any beans named org.springframework.context.annotation.internalScheduledAnnotationProcessor (OnBeanCondition)

   ThymeleafAutoConfiguration:
      Did not match:
         - @ConditionalOnClass did not find required class 'org.thymeleaf.spring5.SpringTemplateEngine' (OnClassCondition)

   TransactionAutoConfiguration#transactionalOperator:
      Did not match:
         - @ConditionalOnSingleCandidate (types: org.springframework.transaction.ReactiveTransactionManager; SearchStrategy: all) did not find any beans (OnBeanCondition)

   TransactionAutoConfiguration.EnableTransactionManagementConfiguration.JdkDynamicAutoProxyConfiguration:
      Did not match:
         - @ConditionalOnProperty (spring.aop.proxy-target-class=false) did not find property 'proxy-target-class' (OnPropertyCondition)

   UserDetailsServiceAutoConfiguration:
      Did not match:
         - @ConditionalOnClass did not find required class 'org.springframework.security.authentication.AuthenticationManager' (OnClassCondition)

   WebClientAutoConfiguration:
      Did not match:
         - @ConditionalOnClass did not find required class 'org.springframework.web.reactive.function.client.WebClient' (OnClassCondition)

   WebFluxAutoConfiguration:
      Did not match:
         - @ConditionalOnClass did not find required class 'org.springframework.web.reactive.config.WebFluxConfigurer' (OnClassCondition)

   WebMvcAutoConfiguration#hiddenHttpMethodFilter:
      Did not match:
         - @ConditionalOnProperty (spring.mvc.hiddenmethod.filter.enabled) did not find property 'enabled' (OnPropertyCondition)

   WebMvcAutoConfiguration.ResourceChainCustomizerConfiguration:
      Did not match:
         - @ConditionalOnEnabledResourceChain did not find class org.webjars.WebJarAssetLocator (OnEnabledResourceChainCondition)

   WebMvcAutoConfiguration.WebMvcAutoConfigurationAdapter#beanNameViewResolver:
      Did not match:
         - @ConditionalOnMissingBean (types: org.springframework.web.servlet.view.BeanNameViewResolver; SearchStrategy: all) found beans of type 'org.springframework.web.servlet.view.BeanNameViewResolver' beanNameViewResolver (OnBeanCondition)

   WebMvcAutoConfiguration.WebMvcAutoConfigurationAdapter#localeResolver:
      Did not match:
         - @ConditionalOnProperty (spring.mvc.locale) did not find property 'locale' (OnPropertyCondition)

   WebServiceTemplateAutoConfiguration:
      Did not match:
         - @ConditionalOnClass did not find required class 'org.springframework.oxm.Marshaller' (OnClassCondition)

   WebServicesAutoConfiguration:
      Did not match:
         - @ConditionalOnClass did not find required class 'org.springframework.ws.transport.http.MessageDispatcherServlet' (OnClassCondition)

   WebSocketMessagingAutoConfiguration:
      Did not match:
         - @ConditionalOnClass did not find required class 'org.springframework.web.socket.config.annotation.WebSocketMessageBrokerConfigurer' (OnClassCondition)

   WebSocketReactiveAutoConfiguration:
      Did not match:
         - @ConditionalOnWebApplication did not find reactive web application classes (OnWebApplicationCondition)

   WebSocketServletAutoConfiguration.JettyWebSocketConfiguration:
      Did not match:
         - @ConditionalOnClass did not find required class 'org.eclipse.jetty.websocket.jsr356.server.deploy.WebSocketServerContainerInitializer' (OnClassCondition)

   WebSocketServletAutoConfiguration.UndertowWebSocketConfiguration:
      Did not match:
         - @ConditionalOnClass did not find required class 'io.undertow.websockets.jsr.Bootstrap' (OnClassCondition)

   WritableEnvironmentEndpointAutoConfiguration:
      Did not match:
         - @ConditionalOnClass did not find required class 'org.springframework.boot.actuate.autoconfigure.env.EnvironmentEndpointProperties' (OnClassCondition)

   XADataSourceAutoConfiguration:
      Did not match:
         - @ConditionalOnClass did not find required class 'javax.transaction.TransactionManager' (OnClassCondition)


Exclusions:
-----------

    None


Unconditional classes:
----------------------

    org.springframework.boot.autoconfigure.context.ConfigurationPropertiesAutoConfiguration

    org.springframework.boot.autoconfigure.context.LifecycleAutoConfiguration

    org.springframework.boot.autoconfigure.context.PropertyPlaceholderAutoConfiguration

    org.springframework.cloud.autoconfigure.LifecycleMvcEndpointAutoConfiguration

    org.springframework.boot.autoconfigure.availability.ApplicationAvailabilityAutoConfiguration

    org.springframework.boot.autoconfigure.info.ProjectInfoAutoConfiguration



2025-03-08 15:01:03,628 DEBUG [main][PropertySourcesPropertyResolver.java:115] - Found key 'spring.liveBeansView.mbeanDomain' in PropertySource 'systemProperties' with value of type String
2025-03-08 15:01:03,628 DEBUG [main][PropertySourcesPropertyResolver.java:115] - Found key 'spring.liveBeansView.mbeanDomain' in PropertySource 'systemProperties' with value of type String
2025-03-08 15:01:03,630 INFO [main][StartupInfoLogger.java:61] - Started ContentApplication in 7.566 seconds (JVM running for 10.108)
2025-03-08 15:01:03,630 INFO [main][StartupInfoLogger.java:61] - Started ContentApplication in 7.566 seconds (JVM running for 10.108)
2025-03-08 15:01:04,066 DEBUG [RMI TCP Connection(3)-192.168.101.1][PropertySourcesPropertyResolver.java:115] - Found key 'local.server.port' in PropertySource 'server.ports' with value of type Integer
2025-03-08 15:01:04,066 DEBUG [RMI TCP Connection(3)-192.168.101.1][PropertySourcesPropertyResolver.java:115] - Found key 'local.server.port' in PropertySource 'server.ports' with value of type Integer
2025-03-08 15:01:04,076 DEBUG [RMI TCP Connection(3)-192.168.101.1][PropertySourcesPropertyResolver.java:115] - Found key 'server.servlet.context-path' in PropertySource 'configurationProperties' with value of type String
2025-03-08 15:01:04,076 DEBUG [RMI TCP Connection(3)-192.168.101.1][PropertySourcesPropertyResolver.java:115] - Found key 'server.servlet.context-path' in PropertySource 'configurationProperties' with value of type String
2025-03-08 15:01:09,020 INFO [http-nio-63040-exec-1][DirectJDKLog.java:173] - Initializing Spring DispatcherServlet 'dispatcherServlet'
2025-03-08 15:01:09,020 INFO [http-nio-63040-exec-1][DirectJDKLog.java:173] - Initializing Spring DispatcherServlet 'dispatcherServlet'
2025-03-08 15:01:09,020 INFO [http-nio-63040-exec-1][FrameworkServlet.java:525] - Initializing Servlet 'dispatcherServlet'
2025-03-08 15:01:09,020 INFO [http-nio-63040-exec-1][FrameworkServlet.java:525] - Initializing Servlet 'dispatcherServlet'
2025-03-08 15:01:09,020 DEBUG [http-nio-63040-exec-1][DispatcherServlet.java:526] - Detected StandardServletMultipartResolver
2025-03-08 15:01:09,020 DEBUG [http-nio-63040-exec-1][DispatcherServlet.java:526] - Detected StandardServletMultipartResolver
2025-03-08 15:01:09,029 DEBUG [http-nio-63040-exec-1][FrameworkServlet.java:542] - enableLoggingRequestDetails='false': request parameters and headers will be masked to prevent unsafe logging of potentially sensitive data
2025-03-08 15:01:09,029 DEBUG [http-nio-63040-exec-1][FrameworkServlet.java:542] - enableLoggingRequestDetails='false': request parameters and headers will be masked to prevent unsafe logging of potentially sensitive data
2025-03-08 15:01:09,029 INFO [http-nio-63040-exec-1][FrameworkServlet.java:547] - Completed initialization in 9 ms
2025-03-08 15:01:09,029 INFO [http-nio-63040-exec-1][FrameworkServlet.java:547] - Completed initialization in 9 ms
2025-03-08 15:01:09,047 DEBUG [http-nio-63040-exec-1][LogFormatUtils.java:91] - POST "/content/course", parameters={}
2025-03-08 15:01:09,047 DEBUG [http-nio-63040-exec-1][LogFormatUtils.java:91] - POST "/content/course", parameters={}
2025-03-08 15:01:09,055 DEBUG [http-nio-63040-exec-1][AbstractHandlerMapping.java:415] - Mapped to com.xuecheng.content.api.CourseBaseInfoController#createCourseBase(AddCourseDto)
2025-03-08 15:01:09,055 DEBUG [http-nio-63040-exec-1][AbstractHandlerMapping.java:415] - Mapped to com.xuecheng.content.api.CourseBaseInfoController#createCourseBase(AddCourseDto)
2025-03-08 15:01:09,162 DEBUG [http-nio-63040-exec-1][LogFormatUtils.java:91] - Read "application/json;charset=UTF-8" to [AddCourseDto(name=, users=初级人员, tags=, mt=1-1, st=1-1-1, grade=204001, teachmode=200002, description (truncated)...]
2025-03-08 15:01:09,162 DEBUG [http-nio-63040-exec-1][LogFormatUtils.java:91] - Read "application/json;charset=UTF-8" to [AddCourseDto(name=, users=初级人员, tags=, mt=1-1, st=1-1-1, grade=204001, teachmode=200002, description (truncated)...]
2025-03-08 15:01:09,252 DEBUG [http-nio-63040-exec-1][LocalVariableTableParameterNameDiscoverer.java:118] - ASM ClassReader failed to parse class file [class java.lang.Object], probably due to a new Java class file version that isn't supported yet - unable to determine constructor/method parameter names
java.lang.IllegalArgumentException: Unsupported class file major version 64
	at org.springframework.asm.ClassReader.<init>(ClassReader.java:196)
	at org.springframework.asm.ClassReader.<init>(ClassReader.java:177)
	at org.springframework.asm.ClassReader.<init>(ClassReader.java:163)
	at org.springframework.asm.ClassReader.<init>(ClassReader.java:284)
	at org.springframework.core.LocalVariableTableParameterNameDiscoverer.inspectClass(LocalVariableTableParameterNameDiscoverer.java:105)
	at java.base/java.util.concurrent.ConcurrentHashMap.computeIfAbsent(ConcurrentHashMap.java:1708)
	at org.springframework.core.LocalVariableTableParameterNameDiscoverer.doGetParameterNames(LocalVariableTableParameterNameDiscoverer.java:84)
	at org.springframework.core.LocalVariableTableParameterNameDiscoverer.getParameterNames(LocalVariableTableParameterNameDiscoverer.java:72)
	at org.springframework.core.PrioritizedParameterNameDiscoverer.getParameterNames(PrioritizedParameterNameDiscoverer.java:55)
	at org.springframework.validation.beanvalidation.LocalValidatorFactoryBean$1.getParameterNames(LocalValidatorFactoryBean.java:325)
	at org.hibernate.validator.internal.util.ExecutableParameterNameProvider.getParameterNames(ExecutableParameterNameProvider.java:37)
	at org.hibernate.validator.internal.properties.javabean.JavaBeanExecutable.getParameterName(JavaBeanExecutable.java:86)
	at org.hibernate.validator.internal.metadata.aggregated.ParameterMetaData$Builder.build(ParameterMetaData.java:165)
	at org.hibernate.validator.internal.metadata.aggregated.ExecutableMetaData$Builder.findParameterMetaData(ExecutableMetaData.java:436)
	at org.hibernate.validator.internal.metadata.aggregated.ExecutableMetaData$Builder.build(ExecutableMetaData.java:391)
	at org.hibernate.validator.internal.metadata.aggregated.BeanMetaDataBuilder$BuilderDelegate.build(BeanMetaDataBuilder.java:260)
	at org.hibernate.validator.internal.metadata.aggregated.BeanMetaDataBuilder.build(BeanMetaDataBuilder.java:133)
	at org.hibernate.validator.internal.metadata.BeanMetaDataManagerImpl.createBeanMetaData(BeanMetaDataManagerImpl.java:206)
	at org.hibernate.validator.internal.metadata.BeanMetaDataManagerImpl.getBeanMetaData(BeanMetaDataManagerImpl.java:165)
	at org.hibernate.validator.internal.engine.ValidatorImpl.validate(ValidatorImpl.java:156)
	at org.springframework.validation.beanvalidation.SpringValidatorAdapter.validate(SpringValidatorAdapter.java:117)
	at org.springframework.boot.autoconfigure.validation.ValidatorAdapter.validate(ValidatorAdapter.java:70)
	at org.springframework.validation.DataBinder.validate(DataBinder.java:889)
	at org.springframework.web.servlet.mvc.method.annotation.AbstractMessageConverterMethodArgumentResolver.validateIfApplicable(AbstractMessageConverterMethodArgumentResolver.java:266)
	at org.springframework.web.servlet.mvc.method.annotation.RequestResponseBodyMethodProcessor.resolveArgument(RequestResponseBodyMethodProcessor.java:137)
	at org.springframework.web.method.support.HandlerMethodArgumentResolverComposite.resolveArgument(HandlerMethodArgumentResolverComposite.java:121)
	at org.springframework.web.method.support.InvocableHandlerMethod.getMethodArgumentValues(InvocableHandlerMethod.java:167)
	at org.springframework.web.method.support.InvocableHandlerMethod.invokeForRequest(InvocableHandlerMethod.java:134)
	at org.springframework.web.servlet.mvc.method.annotation.ServletInvocableHandlerMethod.invokeAndHandle(ServletInvocableHandlerMethod.java:105)
	at org.springframework.web.servlet.mvc.method.annotation.RequestMappingHandlerAdapter.invokeHandlerMethod(RequestMappingHandlerAdapter.java:878)
	at org.springframework.web.servlet.mvc.method.annotation.RequestMappingHandlerAdapter.handleInternal(RequestMappingHandlerAdapter.java:792)
	at org.springframework.web.servlet.mvc.method.AbstractHandlerMethodAdapter.handle(AbstractHandlerMethodAdapter.java:87)
	at org.springframework.web.servlet.DispatcherServlet.doDispatch(DispatcherServlet.java:1040)
	at org.springframework.web.servlet.DispatcherServlet.doService(DispatcherServlet.java:943)
	at org.springframework.web.servlet.FrameworkServlet.processRequest(FrameworkServlet.java:1006)
	at org.springframework.web.servlet.FrameworkServlet.doPost(FrameworkServlet.java:909)
	at javax.servlet.http.HttpServlet.service(HttpServlet.java:652)
	at org.springframework.web.servlet.FrameworkServlet.service(FrameworkServlet.java:883)
	at javax.servlet.http.HttpServlet.service(HttpServlet.java:733)
	at org.apache.catalina.core.ApplicationFilterChain.internalDoFilter(ApplicationFilterChain.java:231)
	at org.apache.catalina.core.ApplicationFilterChain.doFilter(ApplicationFilterChain.java:166)
	at org.apache.tomcat.websocket.server.WsFilter.doFilter(WsFilter.java:53)
	at org.apache.catalina.core.ApplicationFilterChain.internalDoFilter(ApplicationFilterChain.java:193)
	at org.apache.catalina.core.ApplicationFilterChain.doFilter(ApplicationFilterChain.java:166)
	at org.springframework.web.filter.RequestContextFilter.doFilterInternal(RequestContextFilter.java:100)
	at org.springframework.web.filter.OncePerRequestFilter.doFilter(OncePerRequestFilter.java:119)
	at org.apache.catalina.core.ApplicationFilterChain.internalDoFilter(ApplicationFilterChain.java:193)
	at org.apache.catalina.core.ApplicationFilterChain.doFilter(ApplicationFilterChain.java:166)
	at org.springframework.web.filter.FormContentFilter.doFilterInternal(FormContentFilter.java:93)
	at org.springframework.web.filter.OncePerRequestFilter.doFilter(OncePerRequestFilter.java:119)
	at org.apache.catalina.core.ApplicationFilterChain.internalDoFilter(ApplicationFilterChain.java:193)
	at org.apache.catalina.core.ApplicationFilterChain.doFilter(ApplicationFilterChain.java:166)
	at org.springframework.web.filter.CharacterEncodingFilter.doFilterInternal(CharacterEncodingFilter.java:201)
	at org.springframework.web.filter.OncePerRequestFilter.doFilter(OncePerRequestFilter.java:119)
	at org.apache.catalina.core.ApplicationFilterChain.internalDoFilter(ApplicationFilterChain.java:193)
	at org.apache.catalina.core.ApplicationFilterChain.doFilter(ApplicationFilterChain.java:166)
	at org.apache.catalina.core.StandardWrapperValve.invoke(StandardWrapperValve.java:202)
	at org.apache.catalina.core.StandardContextValve.invoke(StandardContextValve.java:97)
	at org.apache.catalina.authenticator.AuthenticatorBase.invoke(AuthenticatorBase.java:542)
	at org.apache.catalina.core.StandardHostValve.invoke(StandardHostValve.java:143)
	at org.apache.catalina.valves.ErrorReportValve.invoke(ErrorReportValve.java:92)
	at org.apache.catalina.core.StandardEngineValve.invoke(StandardEngineValve.java:78)
	at org.apache.catalina.connector.CoyoteAdapter.service(CoyoteAdapter.java:343)
	at org.apache.coyote.http11.Http11Processor.service(Http11Processor.java:374)
	at org.apache.coyote.AbstractProcessorLight.process(AbstractProcessorLight.java:65)
	at org.apache.coyote.AbstractProtocol$ConnectionHandler.process(AbstractProtocol.java:888)
	at org.apache.tomcat.util.net.NioEndpoint$SocketProcessor.doRun(NioEndpoint.java:1597)
	at org.apache.tomcat.util.net.SocketProcessorBase.run(SocketProcessorBase.java:49)
	at java.base/java.util.concurrent.ThreadPoolExecutor.runWorker(ThreadPoolExecutor.java:1144)
	at java.base/java.util.concurrent.ThreadPoolExecutor$Worker.run(ThreadPoolExecutor.java:642)
	at org.apache.tomcat.util.threads.TaskThread$WrappingRunnable.run(TaskThread.java:61)
	at java.base/java.lang.Thread.run(Thread.java:1623)
2025-03-08 15:01:09,252 DEBUG [http-nio-63040-exec-1][LocalVariableTableParameterNameDiscoverer.java:118] - ASM ClassReader failed to parse class file [class java.lang.Object], probably due to a new Java class file version that isn't supported yet - unable to determine constructor/method parameter names
java.lang.IllegalArgumentException: Unsupported class file major version 64
	at org.springframework.asm.ClassReader.<init>(ClassReader.java:196)
	at org.springframework.asm.ClassReader.<init>(ClassReader.java:177)
	at org.springframework.asm.ClassReader.<init>(ClassReader.java:163)
	at org.springframework.asm.ClassReader.<init>(ClassReader.java:284)
	at org.springframework.core.LocalVariableTableParameterNameDiscoverer.inspectClass(LocalVariableTableParameterNameDiscoverer.java:105)
	at java.base/java.util.concurrent.ConcurrentHashMap.computeIfAbsent(ConcurrentHashMap.java:1708)
	at org.springframework.core.LocalVariableTableParameterNameDiscoverer.doGetParameterNames(LocalVariableTableParameterNameDiscoverer.java:84)
	at org.springframework.core.LocalVariableTableParameterNameDiscoverer.getParameterNames(LocalVariableTableParameterNameDiscoverer.java:72)
	at org.springframework.core.PrioritizedParameterNameDiscoverer.getParameterNames(PrioritizedParameterNameDiscoverer.java:55)
	at org.springframework.validation.beanvalidation.LocalValidatorFactoryBean$1.getParameterNames(LocalValidatorFactoryBean.java:325)
	at org.hibernate.validator.internal.util.ExecutableParameterNameProvider.getParameterNames(ExecutableParameterNameProvider.java:37)
	at org.hibernate.validator.internal.properties.javabean.JavaBeanExecutable.getParameterName(JavaBeanExecutable.java:86)
	at org.hibernate.validator.internal.metadata.aggregated.ParameterMetaData$Builder.build(ParameterMetaData.java:165)
	at org.hibernate.validator.internal.metadata.aggregated.ExecutableMetaData$Builder.findParameterMetaData(ExecutableMetaData.java:436)
	at org.hibernate.validator.internal.metadata.aggregated.ExecutableMetaData$Builder.build(ExecutableMetaData.java:391)
	at org.hibernate.validator.internal.metadata.aggregated.BeanMetaDataBuilder$BuilderDelegate.build(BeanMetaDataBuilder.java:260)
	at org.hibernate.validator.internal.metadata.aggregated.BeanMetaDataBuilder.build(BeanMetaDataBuilder.java:133)
	at org.hibernate.validator.internal.metadata.BeanMetaDataManagerImpl.createBeanMetaData(BeanMetaDataManagerImpl.java:206)
	at org.hibernate.validator.internal.metadata.BeanMetaDataManagerImpl.getBeanMetaData(BeanMetaDataManagerImpl.java:165)
	at org.hibernate.validator.internal.engine.ValidatorImpl.validate(ValidatorImpl.java:156)
	at org.springframework.validation.beanvalidation.SpringValidatorAdapter.validate(SpringValidatorAdapter.java:117)
	at org.springframework.boot.autoconfigure.validation.ValidatorAdapter.validate(ValidatorAdapter.java:70)
	at org.springframework.validation.DataBinder.validate(DataBinder.java:889)
	at org.springframework.web.servlet.mvc.method.annotation.AbstractMessageConverterMethodArgumentResolver.validateIfApplicable(AbstractMessageConverterMethodArgumentResolver.java:266)
	at org.springframework.web.servlet.mvc.method.annotation.RequestResponseBodyMethodProcessor.resolveArgument(RequestResponseBodyMethodProcessor.java:137)
	at org.springframework.web.method.support.HandlerMethodArgumentResolverComposite.resolveArgument(HandlerMethodArgumentResolverComposite.java:121)
	at org.springframework.web.method.support.InvocableHandlerMethod.getMethodArgumentValues(InvocableHandlerMethod.java:167)
	at org.springframework.web.method.support.InvocableHandlerMethod.invokeForRequest(InvocableHandlerMethod.java:134)
	at org.springframework.web.servlet.mvc.method.annotation.ServletInvocableHandlerMethod.invokeAndHandle(ServletInvocableHandlerMethod.java:105)
	at org.springframework.web.servlet.mvc.method.annotation.RequestMappingHandlerAdapter.invokeHandlerMethod(RequestMappingHandlerAdapter.java:878)
	at org.springframework.web.servlet.mvc.method.annotation.RequestMappingHandlerAdapter.handleInternal(RequestMappingHandlerAdapter.java:792)
	at org.springframework.web.servlet.mvc.method.AbstractHandlerMethodAdapter.handle(AbstractHandlerMethodAdapter.java:87)
	at org.springframework.web.servlet.DispatcherServlet.doDispatch(DispatcherServlet.java:1040)
	at org.springframework.web.servlet.DispatcherServlet.doService(DispatcherServlet.java:943)
	at org.springframework.web.servlet.FrameworkServlet.processRequest(FrameworkServlet.java:1006)
	at org.springframework.web.servlet.FrameworkServlet.doPost(FrameworkServlet.java:909)
	at javax.servlet.http.HttpServlet.service(HttpServlet.java:652)
	at org.springframework.web.servlet.FrameworkServlet.service(FrameworkServlet.java:883)
	at javax.servlet.http.HttpServlet.service(HttpServlet.java:733)
	at org.apache.catalina.core.ApplicationFilterChain.internalDoFilter(ApplicationFilterChain.java:231)
	at org.apache.catalina.core.ApplicationFilterChain.doFilter(ApplicationFilterChain.java:166)
	at org.apache.tomcat.websocket.server.WsFilter.doFilter(WsFilter.java:53)
	at org.apache.catalina.core.ApplicationFilterChain.internalDoFilter(ApplicationFilterChain.java:193)
	at org.apache.catalina.core.ApplicationFilterChain.doFilter(ApplicationFilterChain.java:166)
	at org.springframework.web.filter.RequestContextFilter.doFilterInternal(RequestContextFilter.java:100)
	at org.springframework.web.filter.OncePerRequestFilter.doFilter(OncePerRequestFilter.java:119)
	at org.apache.catalina.core.ApplicationFilterChain.internalDoFilter(ApplicationFilterChain.java:193)
	at org.apache.catalina.core.ApplicationFilterChain.doFilter(ApplicationFilterChain.java:166)
	at org.springframework.web.filter.FormContentFilter.doFilterInternal(FormContentFilter.java:93)
	at org.springframework.web.filter.OncePerRequestFilter.doFilter(OncePerRequestFilter.java:119)
	at org.apache.catalina.core.ApplicationFilterChain.internalDoFilter(ApplicationFilterChain.java:193)
	at org.apache.catalina.core.ApplicationFilterChain.doFilter(ApplicationFilterChain.java:166)
	at org.springframework.web.filter.CharacterEncodingFilter.doFilterInternal(CharacterEncodingFilter.java:201)
	at org.springframework.web.filter.OncePerRequestFilter.doFilter(OncePerRequestFilter.java:119)
	at org.apache.catalina.core.ApplicationFilterChain.internalDoFilter(ApplicationFilterChain.java:193)
	at org.apache.catalina.core.ApplicationFilterChain.doFilter(ApplicationFilterChain.java:166)
	at org.apache.catalina.core.StandardWrapperValve.invoke(StandardWrapperValve.java:202)
	at org.apache.catalina.core.StandardContextValve.invoke(StandardContextValve.java:97)
	at org.apache.catalina.authenticator.AuthenticatorBase.invoke(AuthenticatorBase.java:542)
	at org.apache.catalina.core.StandardHostValve.invoke(StandardHostValve.java:143)
	at org.apache.catalina.valves.ErrorReportValve.invoke(ErrorReportValve.java:92)
	at org.apache.catalina.core.StandardEngineValve.invoke(StandardEngineValve.java:78)
	at org.apache.catalina.connector.CoyoteAdapter.service(CoyoteAdapter.java:343)
	at org.apache.coyote.http11.Http11Processor.service(Http11Processor.java:374)
	at org.apache.coyote.AbstractProcessorLight.process(AbstractProcessorLight.java:65)
	at org.apache.coyote.AbstractProtocol$ConnectionHandler.process(AbstractProtocol.java:888)
	at org.apache.tomcat.util.net.NioEndpoint$SocketProcessor.doRun(NioEndpoint.java:1597)
	at org.apache.tomcat.util.net.SocketProcessorBase.run(SocketProcessorBase.java:49)
	at java.base/java.util.concurrent.ThreadPoolExecutor.runWorker(ThreadPoolExecutor.java:1144)
	at java.base/java.util.concurrent.ThreadPoolExecutor$Worker.run(ThreadPoolExecutor.java:642)
	at org.apache.tomcat.util.threads.TaskThread$WrappingRunnable.run(TaskThread.java:61)
	at java.base/java.lang.Thread.run(Thread.java:1623)
2025-03-08 15:01:09,316 DEBUG [http-nio-63040-exec-1][ExceptionHandlerExceptionResolver.java:398] - Using @ExceptionHandler com.xuecheng.base.exception.GlobalExceptionHandler#methodArgumentNotValidException(MethodArgumentNotValidException)
2025-03-08 15:01:09,316 DEBUG [http-nio-63040-exec-1][ExceptionHandlerExceptionResolver.java:398] - Using @ExceptionHandler com.xuecheng.base.exception.GlobalExceptionHandler#methodArgumentNotValidException(MethodArgumentNotValidException)
2025-03-08 15:01:09,337 ERROR [http-nio-63040-exec-1][GlobalExceptionHandler.java:56] - 【系统异常】添加课程名称不能为空
2025-03-08 15:01:09,337 ERROR [http-nio-63040-exec-1][GlobalExceptionHandler.java:56] - 【系统异常】添加课程名称不能为空
2025-03-08 15:01:09,359 DEBUG [http-nio-63040-exec-1][AbstractMessageConverterMethodProcessor.java:255] - Using 'application/json', given [*/*] and supported [application/json, application/*+json, application/json, application/*+json]
2025-03-08 15:01:09,359 DEBUG [http-nio-63040-exec-1][AbstractMessageConverterMethodProcessor.java:255] - Using 'application/json', given [*/*] and supported [application/json, application/*+json, application/json, application/*+json]
2025-03-08 15:01:09,359 DEBUG [http-nio-63040-exec-1][LogFormatUtils.java:91] - Writing [com.xuecheng.base.exception.RestErrorResponse@61e40244]
2025-03-08 15:01:09,359 DEBUG [http-nio-63040-exec-1][LogFormatUtils.java:91] - Writing [com.xuecheng.base.exception.RestErrorResponse@61e40244]
2025-03-08 15:01:09,384 DEBUG [http-nio-63040-exec-1][AbstractHandlerExceptionResolver.java:145] - Resolved [org.springframework.web.bind.MethodArgumentNotValidException: Validation failed for argument [0] in public com.xuecheng.content.model.dto.CourseBaseInfoDto com.xuecheng.content.api.CourseBaseInfoController.createCourseBase(com.xuecheng.content.model.dto.AddCourseDto): [Field error in object 'addCourseDto' on field 'name': rejected value []; codes [NotEmpty.addCourseDto.name,NotEmpty.name,NotEmpty.java.lang.String,NotEmpty]; arguments [org.springframework.context.support.DefaultMessageSourceResolvable: codes [addCourseDto.name,name]; arguments []; default message [name]]; default message [添加课程名称不能为空]] ]
2025-03-08 15:01:09,384 DEBUG [http-nio-63040-exec-1][AbstractHandlerExceptionResolver.java:145] - Resolved [org.springframework.web.bind.MethodArgumentNotValidException: Validation failed for argument [0] in public com.xuecheng.content.model.dto.CourseBaseInfoDto com.xuecheng.content.api.CourseBaseInfoController.createCourseBase(com.xuecheng.content.model.dto.AddCourseDto): [Field error in object 'addCourseDto' on field 'name': rejected value []; codes [NotEmpty.addCourseDto.name,NotEmpty.name,NotEmpty.java.lang.String,NotEmpty]; arguments [org.springframework.context.support.DefaultMessageSourceResolvable: codes [addCourseDto.name,name]; arguments []; default message [name]]; default message [添加课程名称不能为空]] ]
2025-03-08 15:01:09,384 DEBUG [http-nio-63040-exec-1][FrameworkServlet.java:1131] - Completed 500 INTERNAL_SERVER_ERROR
2025-03-08 15:01:09,384 DEBUG [http-nio-63040-exec-1][FrameworkServlet.java:1131] - Completed 500 INTERNAL_SERVER_ERROR
2025-03-08 15:01:12,575 DEBUG [HikariPool-1 housekeeper][HikariPool.java:421] - HikariPool-1 - Pool stats (total=10, active=0, idle=10, waiting=0)
2025-03-08 15:01:12,575 DEBUG [HikariPool-1 housekeeper][HikariPool.java:421] - HikariPool-1 - Pool stats (total=10, active=0, idle=10, waiting=0)
2025-03-08 15:01:12,575 DEBUG [HikariPool-1 housekeeper][HikariPool.java:517] - HikariPool-1 - Fill pool skipped, pool is at sufficient level.
2025-03-08 15:01:12,575 DEBUG [HikariPool-1 housekeeper][HikariPool.java:517] - HikariPool-1 - Fill pool skipped, pool is at sufficient level.
2025-03-08 15:01:42,596 DEBUG [HikariPool-1 housekeeper][HikariPool.java:421] - HikariPool-1 - Pool stats (total=10, active=0, idle=10, waiting=0)
2025-03-08 15:01:42,596 DEBUG [HikariPool-1 housekeeper][HikariPool.java:421] - HikariPool-1 - Pool stats (total=10, active=0, idle=10, waiting=0)
2025-03-08 15:01:42,596 DEBUG [HikariPool-1 housekeeper][HikariPool.java:517] - HikariPool-1 - Fill pool skipped, pool is at sufficient level.
2025-03-08 15:01:42,596 DEBUG [HikariPool-1 housekeeper][HikariPool.java:517] - HikariPool-1 - Fill pool skipped, pool is at sufficient level.
